id,question,language,intent,expected_output,answer
2650,నీటి బిల్లు కోసం ఏమి కావాలి?,Telugu,Water Bill,Water Bill,Use the relevant water-supply authority or official payment service.
1153,పాస్‌పోర్ట్ పొందే ప్రక్రియ ఏమిటి?,Telugu,Passport,Passport,Use the official passport service.
2827,সম্প্ৰদায়ৰ প্ৰমাণপত্ৰৰ পদক্ষেপসমূহ কওক।,Assamese,Community Certificate,Community Certificate,Apply through the appropriate revenue/local government service.
105,پیدائش کا سرٹیفکیٹ کیسے حاصل کیا جا سکتا ہے؟,Urdu,Birth Certificate,Birth Certificate,Use the appropriate official birth registration/local government service.
366,റേഷൻ കാർഡ് അപേക്ഷ എവിടെ സമർപ്പിക്കണം?,Malayalam,Ration Card,Ration Card,Use the relevant food and civil supplies department or official service.
579,पानी का बिल की सेवा कहाँ मिलेगी?,Hindi,Water Bill,Water Bill,Use the relevant water-supply authority or official payment service.
1783,آمدنی کا سرٹیفکیٹ حاصل کرنے کا طریقہ کیا ہے؟,Urdu,Income Certificate,Income Certificate,Apply through the appropriate revenue/local government service.
967,ড্ৰাইভিং লাইচেঞ্চৰ বাবে কি কি নথি লাগে?,Assamese,Driving Licence,Driving Licence,Use the official transport department/licensing service.
2678,నీటి బిల్లు కోసం దశలు చెప్పండి.,Telugu,Water Bill,Water Bill,Use the relevant water-supply authority or official payment service.
1902,സമുദായ സർട്ടിഫിക്കറ്റ് എവിടെ ലഭിക്കും?,Malayalam,Community Certificate,Community Certificate,Apply through the appropriate revenue/local government service.
1501,سرکاری اسکیمیں کے لیے درخواست کیسے دیں؟,Urdu,Government Schemes,Government Schemes,Check official government portals for current schemes and eligibility.
2170,निवासप्रमाणपत्र कृते किं आवश्यकम्?,Sanskrit,Residence Certificate,Residence Certificate,Apply through the appropriate revenue/local government service.
2732,राशन कार्ड के लिए मदद चाहिए।,Hindi,Ration Card,Ration Card,Use the relevant food and civil supplies department or official service.
1022,ভোটার আইডি কোথায় পাওয়া যাবে?,Bengali,Voter ID,Voter ID,Use the official election/voter service.
161,இறப்பு சான்றிதழ்க்கு எப்படி விண்ணப்பிப்பது?,Tamil,Death Certificate,Death Certificate,Use the appropriate official death registration/local government service.
2048,താമസ സർട്ടിഫിക്കറ്റ് ന് എങ്ങനെ അഭ്യർത്ഥിക്കാം?,Malayalam,Residence Certificate,Residence Certificate,Apply through the appropriate revenue/local government service.
562,Where can I get a water bill?,English,Water Bill,Water Bill,Use the relevant water-supply authority or official payment service.
2238,ଆୟ ପ୍ରମାଣପତ୍ର ପାଇଁ କଣ ଦରକାର?,Odia,Income Certificate,Income Certificate,Apply through the appropriate revenue/local government service.
596,నీటి బిల్లు దరఖాస్తును ఎక్కడ సమర్పించాలి?,Telugu,Water Bill,Water Bill,Use the relevant water-supply authority or official payment service.
41,জন্ম শংসাপত্রের জন্য কীভাবে আবেদন করব?,Bengali,Birth Certificate,Birth Certificate,Use the appropriate official birth registration/local government service.
940,ਡਰਾਈਵਿੰਗ ਲਾਇਸੈਂਸ ਲਈ ਅਰਜ਼ੀ ਦੇਣ ਲਈ ਕੀ ਕਰਨਾ ਹੈ?,Punjabi,Driving Licence,Driving Licence,Use the official transport department/licensing service.
2047,താമസ സർട്ടിഫിക്കറ്റ് ന് എന്തെല്ലാം രേഖകൾ വേണം?,Malayalam,Residence Certificate,Residence Certificate,Apply through the appropriate revenue/local government service.
2005,বাসস্থান শংসাপত্র কীভাবে পাওয়া যায়?,Bengali,Residence Certificate,Residence Certificate,Apply through the appropriate revenue/local government service.
2135,મતદાર ઓળખ કાર્ડ માટે ક્યાંથી શરૂઆત કરું?,Gujarati,Voter ID,Voter ID,Use the official election/voter service.
88,ജനനം രജിസ്റ്റർ ചെയ്ത് സർട്ടിഫിക്കറ്റ് എങ്ങനെ നേടാം?,Malayalam,Birth Certificate,Birth Certificate,Use the appropriate official birth registration/local government service.
1319,अर्जाची स्थिती ची सेवा कुठे मिळेल?,Marathi,Application Status,Application Status,Use the relevant official service with your application/reference number.
1450,সরকারি প্রকল্প-এর জন্য আবেদন করতে কী করতে হবে?,Bengali,Government Schemes,Government Schemes,Check official government portals for current schemes and eligibility.
1796,ଆୟ ପ୍ରମାଣପତ୍ର ଆବେଦନ କେଉଁଠାରେ ଦେବି?,Odia,Income Certificate,Income Certificate,Apply through the appropriate revenue/local government service.
2605,Tell me the steps for death certificate.,English,Death Certificate,Death Certificate,Use the appropriate official death registration/local government service.
890,ড্রাইভিং লাইসেন্স-এর জন্য আবেদন করতে কী করতে হবে?,Bengali,Driving Licence,Driving Licence,Use the official transport department/licensing service.
1205,പാസ്‌പോർട്ട് എങ്ങനെ ലഭിക്കും?,Malayalam,Passport,Passport,Use the official passport service.
724,"எனக்கு மின்சார கட்டணம் வேண்டும், எப்படி விண்ணப்பிப்பது?",Tamil,Electricity Bill,Electricity Bill,Use the relevant electricity distribution company or official payment service.
1048,મતદાર ઓળખ કાર્ડ માટે વિનંતી કેવી રીતે કરવી?,Gujarati,Voter ID,Voter ID,Use the official election/voter service.
1384,"মোক আবেদনৰ স্থিতি লাগে, কেনেকৈ আবেদন কৰিম?",Assamese,Application Status,Application Status,Use the relevant official service with your application/reference number.
2930,నీటి బిల్లు కోసం ఏమి కావాలి?,Telugu,Water Bill,Water Bill,Use the relevant water-supply authority or official payment service.
1793,ଆୟ ପ୍ରମାଣପତ୍ର ପାଇବାର ପ୍ରକ୍ରିୟା କଣ?,Odia,Income Certificate,Income Certificate,Apply through the appropriate revenue/local government service.
691,जलशुल्काय कथम् आवेदनं करणीयम्?,Sanskrit,Water Bill,Water Bill,Use the relevant water-supply authority or official payment service.
1751,ಆದಾಯ ಪ್ರಮಾಣಪತ್ರಗೆ ಹೇಗೆ ಅರ್ಜಿ ಸಲ್ಲಿಸುವುದು?,Kannada,Income Certificate,Income Certificate,Apply through the appropriate revenue/local government service.
2274,ड्रायव्हिंग लायसन्स साठी सुरुवात कुठून करू?,Marathi,Driving Licence,Driving Licence,Use the official transport department/licensing service.
1437,ప్రభుత్వ పథకాలు కోసం ఏ పత్రాలు అవసరం?,Telugu,Government Schemes,Government Schemes,Check official government portals for current schemes and eligibility.
1587,সরকারি অভিযোগ-এর জন্য কী কী নথি লাগবে?,Bengali,Complaint Registration,Complaint Registration,Submit the complaint through the appropriate official government grievance service.
709,Where can I check the electricity bill service?,English,Electricity Bill,Electricity Bill,Use the relevant electricity distribution company or official payment service.
2502,ਕੀ ਸਰਕਾਰੀ ਯੋਜਨਾਵਾਂ ਲਈ ਆਨਲਾਈਨ ਅਰਜ਼ੀ ਦੇ ਸਕਦੇ ਹਾਂ?,Punjabi,Government Schemes,Government Schemes,Check official government portals for current schemes and eligibility.
244,مجھے وفات کا سرٹیفکیٹ چاہیے، درخواست کیسے دوں؟,Urdu,Death Certificate,Death Certificate,Use the appropriate official death registration/local government service.
993,वोटर आईडी प्राप्त करने की प्रक्रिया क्या है?,Hindi,Voter ID,Voter ID,Use the official election/voter service.
1973,निवास प्रमाण पत्र प्राप्त करने की प्रक्रिया क्या है?,Hindi,Residence Certificate,Residence Certificate,Apply through the appropriate revenue/local government service.
1971,निवास प्रमाण पत्र के लिए कैसे आवेदन करें?,Hindi,Residence Certificate,Residence Certificate,Apply through the appropriate revenue/local government service.
2729,সম্প্ৰদায়ৰ প্ৰমাণপত্ৰৰ বাবে কি লাগে?,Assamese,Community Certificate,Community Certificate,Apply through the appropriate revenue/local government service.
1819,आयप्रमाणपत्रसेवा कुत्र लभ्यते?,Sanskrit,Income Certificate,Income Certificate,Apply through the appropriate revenue/local government service.
979,चालनानुज्ञापत्रसेवा कुत्र लभ्यते?,Sanskrit,Driving Licence,Driving Licence,Use the official transport department/licensing service.
958,ଡ୍ରାଇଭିଂ ଲାଇସେନ୍ସ ପାଇଁ କିପରି ଅନୁରୋଧ କରିବି?,Odia,Driving Licence,Driving Licence,Use the official transport department/licensing service.
2916,నీటి బిల్లు కోసం ఆన్‌లైన్‌లో దరఖాస్తు చేయవచ్చా?,Telugu,Water Bill,Water Bill,Use the relevant water-supply authority or official payment service.
1506,سرکاری اسکیمیں کی درخواست کہاں جمع کریں؟,Urdu,Government Schemes,Government Schemes,Check official government portals for current schemes and eligibility.
535,ସମ୍ପତ୍ତି କର କିପରି ପାଇବି?,Odia,Property Tax,Property Tax,Use the relevant municipal or local government property-tax service.
252,ମୃତ୍ୟୁ ପ୍ରମାଣପତ୍ର କେଉଁଠାରେ ମିଳିବ?,Odia,Death Certificate,Death Certificate,Use the appropriate official death registration/local government service.
2757,সম্প্ৰদায়ৰ প্ৰমাণপত্ৰৰ পদক্ষেপসমূহ কওক।,Assamese,Community Certificate,Community Certificate,Apply through the appropriate revenue/local government service.
1053,ಮತದಾರರ ಗುರುತಿನ ಚೀಟಿ ಪಡೆಯುವ ಪ್ರಕ್ರಿಯೆ ಏನು?,Kannada,Voter ID,Voter ID,Use the official election/voter service.
2505,সম্প্ৰদায়ৰ প্ৰমাণপত্ৰৰ বাবে অনলাইন আবেদন কৰিব পাৰিনে?,Assamese,Community Certificate,Community Certificate,Apply through the appropriate revenue/local government service.
1232,ପାସପୋର୍ଟ କେଉଁଠାରେ ମିଳିବ?,Odia,Passport,Passport,Use the official passport service.
541,সম্পত্তি কৰৰ বাবে কেনেকৈ আবেদন কৰিব?,Assamese,Property Tax,Property Tax,Use the relevant municipal or local government property-tax service.
1777,ਆਮਦਨ ਸਰਟੀਫਿਕੇਟ ਲਈ ਕਿਹੜੇ ਦਸਤਾਵੇਜ਼ ਚਾਹੀਦੇ ਹਨ?,Punjabi,Income Certificate,Income Certificate,Apply through the appropriate revenue/local government service.
2148,ड्रायव्हिंग लायसन्स साठी ऑनलाइन अर्ज करता येतो का?,Marathi,Driving Licence,Driving Licence,Use the official transport department/licensing service.
1536,सर्वकारीययोजनाःस्य आवेदनं कुत्र समर्पणीयम्?,Sanskrit,Government Schemes,Government Schemes,Check official government portals for current schemes and eligibility.
843,What is the process for getting a driving licence?,English,Driving Licence,Driving Licence,Use the official transport department/licensing service.
2641,അപേക്ഷയുടെ നില ന് ഓൺലൈനായി അപേക്ഷിക്കാമോ?,Malayalam,Application Status,Application Status,Use the relevant official service with your application/reference number.
538,ସମ୍ପତ୍ତି କର ପାଇଁ କିପରି ଅନୁରୋଧ କରିବି?,Odia,Property Tax,Property Tax,Use the relevant municipal or local government property-tax service.
22,பிறப்பு சான்றிதழ் எங்கே கிடைக்கும்?,Tamil,Birth Certificate,Birth Certificate,Use the appropriate official birth registration/local government service.
1444,"আমার সরকারি প্রকল্প দরকার, কীভাবে আবেদন করব?",Bengali,Government Schemes,Government Schemes,Check official government portals for current schemes and eligibility.
201,મૃત્યુ પ્રમાણપત્ર માટે કેવી રીતે અરજી કરવી?,Gujarati,Death Certificate,Death Certificate,Use the appropriate official death registration/local government service.
763,વીજળીનું બિલ મેળવવાની પ્રક્રિયા શું છે?,Gujarati,Electricity Bill,Electricity Bill,Use the relevant electricity distribution company or official payment service.
288,How can I request a ration card?,English,Ration Card,Ration Card,Use the relevant food and civil supplies department or official service.
795,ਬਿਜਲੀ ਦਾ ਬਿੱਲ ਕਿਵੇਂ ਮਿਲ ਸਕਦਾ ਹੈ?,Punjabi,Electricity Bill,Electricity Bill,Use the relevant electricity distribution company or official payment service.
2323,সম্প্ৰদায়ৰ প্ৰমাণপত্ৰৰ বিষয়ে সহায় লাগে।,Assamese,Community Certificate,Community Certificate,Apply through the appropriate revenue/local government service.
2133,বিদ্যুৎ বিল এর জন্য কোথা থেকে শুরু করব?,Bengali,Electricity Bill,Electricity Bill,Use the relevant electricity distribution company or official payment service.
385,راشن کارڈ کیسے حاصل کیا جا سکتا ہے؟,Urdu,Ration Card,Ration Card,Use the relevant food and civil supplies department or official service.
1491,ਸਰਕਾਰੀ ਯੋਜਨਾਵਾਂ ਲਈ ਅਰਜ਼ੀ ਕਿਵੇਂ ਦੇਣੀ ਹੈ?,Punjabi,Government Schemes,Government Schemes,Check official government portals for current schemes and eligibility.
827,বিদ্যুৎ বিলৰ বাবে কি কি নথি লাগে?,Assamese,Electricity Bill,Electricity Bill,Use the relevant electricity distribution company or official payment service.
367,റേഷൻ കാർഡ് ന് എന്തെല്ലാം രേഖകൾ വേണം?,Malayalam,Ration Card,Ration Card,Use the relevant food and civil supplies department or official service.
1268,How can I request a application status?,English,Application Status,Application Status,Use the relevant official service with your application/reference number.
650,വെള്ളത്തിന്റെ ബിൽ ന് അപേക്ഷിക്കാൻ എന്ത് ചെയ്യണം?,Malayalam,Water Bill,Water Bill,Use the relevant water-supply authority or official payment service.
1677,सर्वकारीयशिकायत्ाय कानि दस्तावेजानि आवश्यकानि?,Sanskrit,Complaint Registration,Complaint Registration,Submit the complaint through the appropriate official government grievance service.
2597,મતદાર ઓળખ કાર્ડ વિશે મદદ જોઈએ.,Gujarati,Voter ID,Voter ID,Use the official election/voter service.
1932,ସମ୍ପ୍ରଦାୟ ପ୍ରମାଣପତ୍ର କେଉଁଠାରେ ମିଳିବ?,Odia,Community Certificate,Community Certificate,Apply through the appropriate revenue/local government service.
1728,আয় শংসাপত্র-এর জন্য কীভাবে অনুরোধ করব?,Bengali,Income Certificate,Income Certificate,Apply through the appropriate revenue/local government service.
431,संपत्ति कर के लिए कैसे आवेदन करें?,Hindi,Property Tax,Property Tax,Use the relevant municipal or local government property-tax service.
610,জলের বিল-এর জন্য আবেদন করতে কী করতে হবে?,Bengali,Water Bill,Water Bill,Use the relevant water-supply authority or official payment service.
46,জন্ম শংসাপত্রের আবেদন কোথায় জমা দেব?,Bengali,Birth Certificate,Birth Certificate,Use the appropriate official birth registration/local government service.
594,"నాకు నీటి బిల్లు కావాలి, ఎలా దరఖాస్తు చేయాలి?",Telugu,Water Bill,Water Bill,Use the relevant water-supply authority or official payment service.
1408,How can I request a government schemes?,English,Government Schemes,Government Schemes,Check official government portals for current schemes and eligibility.
2642,ਕੀ ਸਰਕਾਰੀ ਯੋਜਨਾਵਾਂ ਲਈ ਆਨਲਾਈਨ ਅਰਜ਼ੀ ਦੇ ਸਕਦੇ ਹਾਂ?,Punjabi,Government Schemes,Government Schemes,Check official government portals for current schemes and eligibility.
401,ৰেচন কাৰ্ডৰ বাবে কেনেকৈ আবেদন কৰিব?,Assamese,Ration Card,Ration Card,Use the relevant food and civil supplies department or official service.
1473,ಸರ್ಕಾರಿ ಯೋಜನೆಗಳು ಪಡೆಯುವ ಪ್ರಕ್ರಿಯೆ ಏನು?,Kannada,Government Schemes,Government Schemes,Check official government portals for current schemes and eligibility.
2446,ਸਰਕਾਰੀ ਯੋਜਨਾਵਾਂ ਲਈ ਕੀ ਚਾਹੀਦਾ ਹੈ?,Punjabi,Government Schemes,Government Schemes,Check official government portals for current schemes and eligibility.
2409,Where do I start for death certificate?,English,Death Certificate,Death Certificate,Use the appropriate official death registration/local government service.
1470,સરકારી યોજનાઓ માટે અરજી કરવા શું કરવું?,Gujarati,Government Schemes,Government Schemes,Check official government portals for current schemes and eligibility.
1108,ভোটাৰ আইডিৰ বাবে কেনেকৈ অনুৰোধ কৰিম?,Assamese,Voter ID,Voter ID,Use the official election/voter service.
533,ସମ୍ପତ୍ତି କର ପାଇବାର ପ୍ରକ୍ରିୟା କଣ?,Odia,Property Tax,Property Tax,Use the relevant municipal or local government property-tax service.
2640,ಪಾಸ್‌ಪೋರ್ಟ್ಗಾಗಿ ಆನ್‌ಲೈನ್‌ನಲ್ಲಿ ಅರ್ಜಿ ಸಲ್ಲಿಸಬಹುದೇ?,Kannada,Passport,Passport,Use the official passport service.
1135,पासपोर्ट कैसे प्राप्त कर सकते हैं?,Hindi,Passport,Passport,Use the official passport service.
2612,ಪಾಸ್‌ಪೋರ್ಟ್ಗಾಗಿ ಹಂತಗಳನ್ನು ತಿಳಿಸಿ.,Kannada,Passport,Passport,Use the official passport service.
477,मालमत्ता कर साठी कोणती कागदपत्रे आवश्यक आहेत?,Marathi,Property Tax,Property Tax,Use the relevant municipal or local government property-tax service.
2164,ಪಾಸ್‌ಪೋರ್ಟ್ಗೆ ಏನು ಬೇಕು?,Kannada,Passport,Passport,Use the official passport service.
37,జనన ధృవీకరణ పత్రానికి ఏ పత్రాలు అవసరం?,Telugu,Birth Certificate,Birth Certificate,Use the appropriate official birth registration/local government service.
1237,ପାସପୋର୍ଟ ପାଇଁ କେଉଁ ଦଲିଲ ଦରକାର?,Odia,Passport,Passport,Use the official passport service.
2507,What is required for death certificate?,English,Death Certificate,Death Certificate,Use the appropriate official death registration/local government service.
183,মৃত্যু শংসাপত্র পাওয়ার প্রক্রিয়া কী?,Bengali,Death Certificate,Death Certificate,Use the appropriate official death registration/local government service.
2865,അപേക്ഷയുടെ നില ന് എന്താണ് വേണ്ടത്?,Malayalam,Application Status,Application Status,Use the relevant official service with your application/reference number.
350,રેશન કાર્ડ માટે અરજી કરવા શું કરવું?,Gujarati,Ration Card,Ration Card,Use the relevant food and civil supplies department or official service.
447,சொத்து வரிக்கு என்ன ஆவணங்கள் தேவை?,Tamil,Property Tax,Property Tax,Use the relevant municipal or local government property-tax service.
1942,সম্প্ৰদায়ৰ প্ৰমাণপত্ৰ ক'ত পাম?,Assamese,Community Certificate,Community Certificate,Apply through the appropriate revenue/local government service.
2242,राशन कार्ड के लिए मदद चाहिए।,Hindi,Ration Card,Ration Card,Use the relevant food and civil supplies department or official service.
2301,বিদ্যুৎ বিল এর জন্য কী দরকার?,Bengali,Electricity Bill,Electricity Bill,Use the relevant electricity distribution company or official payment service.
1,How do I apply for a birth certificate?,English,Birth Certificate,Birth Certificate,Use the appropriate official birth registration/local government service.
832,विद्युत्शुल्क कुत्र लभ्यते?,Sanskrit,Electricity Bill,Electricity Bill,Use the relevant electricity distribution company or official payment service.
1519,ସରକାରୀ ଯୋଜନା ସେବା କେଉଁଠାରେ ମିଳିବ?,Odia,Government Schemes,Government Schemes,Check official government portals for current schemes and eligibility.
1967,What documents are needed for a residence certificate?,English,Residence Certificate,Residence Certificate,Apply through the appropriate revenue/local government service.
1259,पारपत्रसेवा कुत्र लभ्यते?,Sanskrit,Passport,Passport,Use the official passport service.
2480,राशन कार्ड के लिए शुरुआत कहाँ से करूँ?,Hindi,Ration Card,Ration Card,Use the relevant food and civil supplies department or official service.
2097,निवासप्रमाणपत्राय कानि दस्तावेजानि आवश्यकानि?,Sanskrit,Residence Certificate,Residence Certificate,Apply through the appropriate revenue/local government service.
2481,சொத்து வரிக்கு எங்கிருந்து தொடங்குவது?,Tamil,Property Tax,Property Tax,Use the relevant municipal or local government property-tax service.
2369,சொத்து வரிக்கு என்ன தேவை?,Tamil,Property Tax,Property Tax,Use the relevant municipal or local government property-tax service.
1148,பாஸ்போர்ட்க்கு எப்படி கோரிக்கை விடுப்பது?,Tamil,Passport,Passport,Use the official passport service.
2593,சொத்து வரி பற்றி உதவி வேண்டும்.,Tamil,Property Tax,Property Tax,Use the relevant municipal or local government property-tax service.
320,రేషన్ కార్డు కోసం దరఖాస్తు చేయాలంటే ఏమి చేయాలి?,Telugu,Ration Card,Ration Card,Use the relevant food and civil supplies department or official service.
1063,വോട്ടർ ഐഡി നേടുന്നതിനുള്ള നടപടിക്രമം എന്താണ്?,Malayalam,Voter ID,Voter ID,Use the official election/voter service.
65,જન્મ પ્રમાણપત્ર કેવી રીતે મેળવી શકાય?,Gujarati,Birth Certificate,Birth Certificate,Use the appropriate official birth registration/local government service.
1055,ಮತದಾರರ ಗುರುತಿನ ಚೀಟಿ ಅನ್ನು ಹೇಗೆ ಪಡೆಯಬಹುದು?,Kannada,Voter ID,Voter ID,Use the official election/voter service.
2820,ड्रायव्हिंग लायसन्स साठीचे टप्पे सांगा.,Marathi,Driving Licence,Driving Licence,Use the official transport department/licensing service.
1503,سرکاری اسکیمیں حاصل کرنے کا طریقہ کیا ہے؟,Urdu,Government Schemes,Government Schemes,Check official government portals for current schemes and eligibility.
2157,What is required for death certificate?,English,Death Certificate,Death Certificate,Use the appropriate official death registration/local government service.
2057,ਰਿਹਾਇਸ਼ ਸਰਟੀਫਿਕੇਟ ਲਈ ਕਿਹੜੇ ਦਸਤਾਵੇਜ਼ ਚਾਹੀਦੇ ਹਨ?,Punjabi,Residence Certificate,Residence Certificate,Apply through the appropriate revenue/local government service.
266,মৃত্যু প্ৰমাণপত্ৰৰ আবেদন ক'ত জমা দিম?,Assamese,Death Certificate,Death Certificate,Use the appropriate official death registration/local government service.
1428,அரசு திட்டங்கள்க்கு எப்படி கோரிக்கை விடுப்பது?,Tamil,Government Schemes,Government Schemes,Check official government portals for current schemes and eligibility.
2889,বিদ্যুৎ বিল করার ধাপগুলি বলুন।,Bengali,Electricity Bill,Electricity Bill,Use the relevant electricity distribution company or official payment service.
1462,સરકારી યોજનાઓ ક્યાં મળશે?,Gujarati,Government Schemes,Government Schemes,Check official government portals for current schemes and eligibility.
1832,समुदाय प्रमाण पत्र कहाँ मिलेगा?,Hindi,Community Certificate,Community Certificate,Apply through the appropriate revenue/local government service.
2396,राशन कार्ड के चरण बताइए।,Hindi,Ration Card,Ration Card,Use the relevant food and civil supplies department or official service.
2084,"মোক বাসস্থানৰ প্ৰমাণপত্ৰ লাগে, কেনেকৈ আবেদন কৰিম?",Assamese,Residence Certificate,Residence Certificate,Apply through the appropriate revenue/local government service.
2843,Can I apply for death certificate online?,English,Death Certificate,Death Certificate,Use the appropriate official death registration/local government service.
2306,ਸਰਕਾਰੀ ਯੋਜਨਾਵਾਂ ਲਈ ਕੀ ਚਾਹੀਦਾ ਹੈ?,Punjabi,Government Schemes,Government Schemes,Check official government portals for current schemes and eligibility.
2850,ಪಾಸ್‌ಪೋರ್ಟ್ಗಾಗಿ ಆನ್‌ಲೈನ್‌ನಲ್ಲಿ ಅರ್ಜಿ ಸಲ್ಲಿಸಬಹುದೇ?,Kannada,Passport,Passport,Use the official passport service.
1210,പാസ്‌പോർട്ട് ന് അപേക്ഷിക്കാൻ എന്ത് ചെയ്യണം?,Malayalam,Passport,Passport,Use the official passport service.
2043,താമസ സർട്ടിഫിക്കറ്റ് നേടുന്നതിനുള്ള നടപടിക്രമം എന്താണ്?,Malayalam,Residence Certificate,Residence Certificate,Apply through the appropriate revenue/local government service.
1343,അപേക്ഷയുടെ നില നേടുന്നതിനുള്ള നടപടിക്രമം എന്താണ്?,Malayalam,Application Status,Application Status,Use the relevant official service with your application/reference number.
2500,ಪಾಸ್‌ಪೋರ್ಟ್ಗಾಗಿ ಆನ್‌ಲೈನ್‌ನಲ್ಲಿ ಅರ್ಜಿ ಸಲ್ಲಿಸಬಹುದೇ?,Kannada,Passport,Passport,Use the official passport service.
1072,ਵੋਟਰ ਆਈਡੀ ਕਿੱਥੇ ਮਿਲੇਗਾ?,Punjabi,Voter ID,Voter ID,Use the official election/voter service.
1660,ସରକାରୀ ଅଭିଯୋଗ ପାଇଁ ଆବେଦନ କରିବାକୁ କଣ କରିବି?,Odia,Complaint Registration,Complaint Registration,Submit the complaint through the appropriate official government grievance service.
1875,समुदाय प्रमाणपत्र कसे मिळवता येईल?,Marathi,Community Certificate,Community Certificate,Apply through the appropriate revenue/local government service.
2293,کیا سرکاری شکایت کے لیے آن لائن درخواست دے سکتے ہیں؟,Urdu,Complaint Registration,Complaint Registration,Submit the complaint through the appropriate official government grievance service.
2098,निवासप्रमाणपत्रार्थं कथं अनुरोधः करणीयः?,Sanskrit,Residence Certificate,Residence Certificate,Apply through the appropriate revenue/local government service.
347,રેશન કાર્ડ માટે કયા દસ્તાવેજો જોઈએ?,Gujarati,Ration Card,Ration Card,Use the relevant food and civil supplies department or official service.
1380,ଆବେଦନର ସ୍ଥିତି ପାଇଁ ଆବେଦନ କରିବାକୁ କଣ କରିବି?,Odia,Application Status,Application Status,Use the relevant official service with your application/reference number.
2912,निवासप्रमाणपत्र कृते कुतः आरभेयं?,Sanskrit,Residence Certificate,Residence Certificate,Apply through the appropriate revenue/local government service.
2880,ਸਰਕਾਰੀ ਯੋਜਨਾਵਾਂ ਬਾਰੇ ਮਦਦ ਚਾਹੀਦੀ ਹੈ।,Punjabi,Government Schemes,Government Schemes,Check official government portals for current schemes and eligibility.
1111,मतदातृपरिचयपत्राय कथम् आवेदनं करणीयम्?,Sanskrit,Voter ID,Voter ID,Use the official election/voter service.
146,Where should I submit a death certificate application?,English,Death Certificate,Death Certificate,Use the appropriate official death registration/local government service.
534,"ମୋତେ ସମ୍ପତ୍ତି କର ଦରକାର, କିପରି ଆବେଦନ କରିବି?",Odia,Property Tax,Property Tax,Use the relevant municipal or local government property-tax service.
2268,निवासप्रमाणपत्र कृते क्रमाः कथ्यन्ताम्।,Sanskrit,Residence Certificate,Residence Certificate,Apply through the appropriate revenue/local government service.
2625,મતદાર ઓળખ કાર્ડ માટે ક્યાંથી શરૂઆત કરું?,Gujarati,Voter ID,Voter ID,Use the official election/voter service.
2194,ਸਰਕਾਰੀ ਯੋਜਨਾਵਾਂ ਲਈ ਕਦਮ ਦੱਸੋ।,Punjabi,Government Schemes,Government Schemes,Check official government portals for current schemes and eligibility.
692,जलशुल्क कुत्र लभ्यते?,Sanskrit,Water Bill,Water Bill,Use the relevant water-supply authority or official payment service.
1253,पारपत्रप्राप्तेः प्रक्रिया का?,Sanskrit,Passport,Passport,Use the official passport service.
2617,সম্প্ৰদায়ৰ প্ৰমাণপত্ৰৰ পদক্ষেপসমূহ কওক।,Assamese,Community Certificate,Community Certificate,Apply through the appropriate revenue/local government service.
2630,ଆୟ ପ୍ରମାଣପତ୍ର ପାଇଁ କେଉଁଠାରୁ ଆରମ୍ଭ କରିବି?,Odia,Income Certificate,Income Certificate,Apply through the appropriate revenue/local government service.
888,ড্রাইভিং লাইসেন্স-এর জন্য কীভাবে অনুরোধ করব?,Bengali,Driving Licence,Driving Licence,Use the official transport department/licensing service.
1076,ਵੋਟਰ ਆਈਡੀ ਦੀ ਅਰਜ਼ੀ ਕਿੱਥੇ ਜਮ੍ਹਾਂ ਕਰਵਾਉਣੀ ਹੈ?,Punjabi,Voter ID,Voter ID,Use the official election/voter service.
184,"আমার মৃত্যু শংসাপত্র দরকার, কীভাবে আবেদন করব?",Bengali,Death Certificate,Death Certificate,Use the appropriate official death registration/local government service.
2079,ବାସସ୍ଥାନ ପ୍ରମାଣପତ୍ର ସେବା କେଉଁଠାରେ ମିଳିବ?,Odia,Residence Certificate,Residence Certificate,Apply through the appropriate revenue/local government service.
1540,सर्वकारीययोजनाःाय आवेदनं कर्तुं किं करणीयम्?,Sanskrit,Government Schemes,Government Schemes,Check official government portals for current schemes and eligibility.
846,Where should I submit a driving licence application?,English,Driving Licence,Driving Licence,Use the official transport department/licensing service.
1744,"મારે આવક પ્રમાણપત્ર જોઈએ છે, કેવી રીતે અરજી કરું?",Gujarati,Income Certificate,Income Certificate,Apply through the appropriate revenue/local government service.
2570,ಪಾಸ್‌ಪೋರ್ಟ್ಗಾಗಿ ಆನ್‌ಲೈನ್‌ನಲ್ಲಿ ಅರ್ಜಿ ಸಲ್ಲಿಸಬಹುದೇ?,Kannada,Passport,Passport,Use the official passport service.
1114,"मम मतदातृपरिचयपत्र आवश्यकम्, कथम् आवेदनं करिष्यामि?",Sanskrit,Voter ID,Voter ID,Use the official election/voter service.
714,"मुझे बिजली का बिल चाहिए, कैसे आवेदन करूँ?",Hindi,Electricity Bill,Electricity Bill,Use the relevant electricity distribution company or official payment service.
2599,അപേക്ഷയുടെ നില സംബന്ധിച്ച് സഹായം വേണം.,Malayalam,Application Status,Application Status,Use the relevant official service with your application/reference number.
2296,निवासप्रमाणपत्र कृते जालमाध्यमेन आवेदनं कर्तुं शक्यते वा?,Sanskrit,Residence Certificate,Residence Certificate,Apply through the appropriate revenue/local government service.
2781,അപേക്ഷയുടെ നില ന് ഓൺലൈനായി അപേക്ഷിക്കാമോ?,Malayalam,Application Status,Application Status,Use the relevant official service with your application/reference number.
2975,મતદાર ઓળખ કાર્ડ માટે ક્યાંથી શરૂઆત કરું?,Gujarati,Voter ID,Voter ID,Use the official election/voter service.
26,பிறப்பு சான்றிதழ் விண்ணப்பத்தை எங்கே சமர்ப்பிக்க வேண்டும்?,Tamil,Birth Certificate,Birth Certificate,Use the appropriate official birth registration/local government service.
775,ವಿದ್ಯುತ್ ಬಿಲ್ ಅನ್ನು ಹೇಗೆ ಪಡೆಯಬಹುದು?,Kannada,Electricity Bill,Electricity Bill,Use the relevant electricity distribution company or official payment service.
2926,निवासप्रमाणपत्र कृते जालमाध्यमेन आवेदनं कर्तुं शक्यते वा?,Sanskrit,Residence Certificate,Residence Certificate,Apply through the appropriate revenue/local government service.
1179,पासपोर्ट ची सेवा कुठे मिळेल?,Marathi,Passport,Passport,Use the official passport service.
467,সম্পত্তি কর-এর জন্য কী কী নথি লাগবে?,Bengali,Property Tax,Property Tax,Use the relevant municipal or local government property-tax service.
913,ಚಾಲನಾ ಪರವಾನಗಿ ಪಡೆಯುವ ಪ್ರಕ್ರಿಯೆ ಏನು?,Kannada,Driving Licence,Driving Licence,Use the official transport department/licensing service.
1167,পাসপোর্ট-এর জন্য কী কী নথি লাগবে?,Bengali,Passport,Passport,Use the official passport service.
1123,What is the process for getting a passport?,English,Passport,Passport,Use the official passport service.
853,ड्राइविंग लाइसेंस प्राप्त करने की प्रक्रिया क्या है?,Hindi,Driving Licence,Driving Licence,Use the official transport department/licensing service.
1458,सरकारी योजना साठी विनंती कशी करावी?,Marathi,Government Schemes,Government Schemes,Check official government portals for current schemes and eligibility.
2041,താമസ സർട്ടിഫിക്കറ്റ് ന് എങ്ങനെ അപേക്ഷിക്കാം?,Malayalam,Residence Certificate,Residence Certificate,Apply through the appropriate revenue/local government service.
1047,મતદાર ઓળખ કાર્ડ માટે કયા દસ્તાવેજો જોઈએ?,Gujarati,Voter ID,Voter ID,Use the official election/voter service.
73,ಜನನ ಪ್ರಮಾಣಪತ್ರ ಪಡೆಯುವ ಪ್ರಕ್ರಿಯೆ ಏನು?,Kannada,Birth Certificate,Birth Certificate,Use the appropriate official birth registration/local government service.
83,ജനന സർട്ടിഫിക്കറ്റ് നേടുന്നതിനുള്ള നടപടിക്രമം എന്താണ്?,Malayalam,Birth Certificate,Birth Certificate,Use the appropriate official birth registration/local government service.
2207,അപേക്ഷയുടെ നില ന് എവിടെ നിന്ന് തുടങ്ങണം?,Malayalam,Application Status,Application Status,Use the relevant official service with your application/reference number.
2692,నీటి బిల్లు కోసం ఎక్కడి నుంచి ప్రారంభించాలి?,Telugu,Water Bill,Water Bill,Use the relevant water-supply authority or official payment service.
2331,મતદાર ઓળખ કાર્ડ માટેના પગલાં જણાવો.,Gujarati,Voter ID,Voter ID,Use the official election/voter service.
2704,क्या राशन कार्ड के लिए ऑनलाइन आवेदन कर सकते हैं?,Hindi,Ration Card,Ration Card,Use the relevant food and civil supplies department or official service.
2291,അപേക്ഷയുടെ നില ന് ഓൺലൈനായി അപേക്ഷിക്കാമോ?,Malayalam,Application Status,Application Status,Use the relevant official service with your application/reference number.
2076,ବାସସ୍ଥାନ ପ୍ରମାଣପତ୍ର ଆବେଦନ କେଉଁଠାରେ ଦେବି?,Odia,Residence Certificate,Residence Certificate,Apply through the appropriate revenue/local government service.
2118,నీటి బిల్లు కోసం దశలు చెప్పండి.,Telugu,Water Bill,Water Bill,Use the relevant water-supply authority or official payment service.
1608,સરકારી ફરિયાદ માટે વિનંતી કેવી રીતે કરવી?,Gujarati,Complaint Registration,Complaint Registration,Submit the complaint through the appropriate official government grievance service.
2714,ଆୟ ପ୍ରମାଣପତ୍ର ପାଇଁ ଅନଲାଇନରେ ଆବେଦନ କରିପାରିବି କି?,Odia,Income Certificate,Income Certificate,Apply through the appropriate revenue/local government service.
2996,निवासप्रमाणपत्र कृते जालमाध्यमेन आवेदनं कर्तुं शक्यते वा?,Sanskrit,Residence Certificate,Residence Certificate,Apply through the appropriate revenue/local government service.
338,रेशन कार्ड साठी विनंती कशी करावी?,Marathi,Ration Card,Ration Card,Use the relevant food and civil supplies department or official service.
2670,ਸਰਕਾਰੀ ਯੋਜਨਾਵਾਂ ਬਾਰੇ ਮਦਦ ਚਾਹੀਦੀ ਹੈ।,Punjabi,Government Schemes,Government Schemes,Check official government portals for current schemes and eligibility.
2453,சொத்து வரி பற்றி உதவி வேண்டும்.,Tamil,Property Tax,Property Tax,Use the relevant municipal or local government property-tax service.
1715,ఆదాయ ధృవీకరణ పత్రం ఎలా పొందాలి?,Telugu,Income Certificate,Income Certificate,Apply through the appropriate revenue/local government service.
1955,समुदायप्रमाणपत्र कथं प्राप्तुं शक्यते?,Sanskrit,Community Certificate,Community Certificate,Apply through the appropriate revenue/local government service.
2676,राशन कार्ड के चरण बताइए।,Hindi,Ration Card,Ration Card,Use the relevant food and civil supplies department or official service.
2091,निवासप्रमाणपत्राय कथम् आवेदनं करणीयम्?,Sanskrit,Residence Certificate,Residence Certificate,Apply through the appropriate revenue/local government service.
2377,سرکاری شکایت کے لیے کیا چاہیے؟,Urdu,Complaint Registration,Complaint Registration,Submit the complaint through the appropriate official government grievance service.
1537,सर्वकारीययोजनाःाय कानि दस्तावेजानि आवश्यकानि?,Sanskrit,Government Schemes,Government Schemes,Check official government portals for current schemes and eligibility.
2565,சொத்து வரிக்கு ஆன்லைனில் விண்ணப்பிக்கலாமா?,Tamil,Property Tax,Property Tax,Use the relevant municipal or local government property-tax service.
56,जन्म प्रमाणपत्राचा अर्ज कुठे जमा करायचा?,Marathi,Birth Certificate,Birth Certificate,Use the appropriate official birth registration/local government service.
377,ਰਾਸ਼ਨ ਕਾਰਡ ਲਈ ਕਿਹੜੇ ਦਸਤਾਵੇਜ਼ ਚਾਹੀਦੇ ਹਨ?,Punjabi,Ration Card,Ration Card,Use the relevant food and civil supplies department or official service.
1561,அரசு புகார்க்கு எப்படி விண்ணப்பிப்பது?,Tamil,Complaint Registration,Complaint Registration,Submit the complaint through the appropriate official government grievance service.
2997,What is required for death certificate?,English,Death Certificate,Death Certificate,Use the appropriate official death registration/local government service.
2445,അപേക്ഷയുടെ നില ന് എന്താണ് വേണ്ടത്?,Malayalam,Application Status,Application Status,Use the relevant official service with your application/reference number.
2530,ਸਰਕਾਰੀ ਯੋਜਨਾਵਾਂ ਬਾਰੇ ਮਦਦ ਚਾਹੀਦੀ ਹੈ।,Punjabi,Government Schemes,Government Schemes,Check official government portals for current schemes and eligibility.
2026,રહેઠાણ પ્રમાણપત્રની અરજી ક્યાં જમા કરવી?,Gujarati,Residence Certificate,Residence Certificate,Apply through the appropriate revenue/local government service.
2156,निवासप्रमाणपत्र कृते जालमाध्यमेन आवेदनं कर्तुं शक्यते वा?,Sanskrit,Residence Certificate,Residence Certificate,Apply through the appropriate revenue/local government service.
19,जन्म प्रमाण पत्र की प्रति कैसे प्राप्त करें?,Hindi,Birth Certificate,Birth Certificate,Use the appropriate official birth registration/local government service.
1126,Where should I submit a passport application?,English,Passport,Passport,Use the official passport service.
1595,सरकारी तक्रार कसे मिळवता येईल?,Marathi,Complaint Registration,Complaint Registration,Submit the complaint through the appropriate official government grievance service.
2955,Tell me the steps for death certificate.,English,Death Certificate,Death Certificate,Use the appropriate official death registration/local government service.
1496,ਸਰਕਾਰੀ ਯੋਜਨਾਵਾਂ ਦੀ ਅਰਜ਼ੀ ਕਿੱਥੇ ਜਮ੍ਹਾਂ ਕਰਵਾਉਣੀ ਹੈ?,Punjabi,Government Schemes,Government Schemes,Check official government portals for current schemes and eligibility.
1574,"నాకు ప్రభుత్వ ఫిర్యాదు కావాలి, ఎలా దరఖాస్తు చేయాలి?",Telugu,Complaint Registration,Complaint Registration,Submit the complaint through the appropriate official government grievance service.
826,বিদ্যুৎ বিলৰ আবেদন ক'ত জমা দিম?,Assamese,Electricity Bill,Electricity Bill,Use the relevant electricity distribution company or official payment service.
2837,അപേക്ഷയുടെ നില ന് എവിടെ നിന്ന് തുടങ്ങണം?,Malayalam,Application Status,Application Status,Use the relevant official service with your application/reference number.
947,ڈرائیونگ لائسنس کے لیے کون سی دستاویزات چاہئیں؟,Urdu,Driving Licence,Driving Licence,Use the official transport department/licensing service.
1885,સમુદાય પ્રમાણપત્ર કેવી રીતે મેળવી શકાય?,Gujarati,Community Certificate,Community Certificate,Apply through the appropriate revenue/local government service.
1874,"मला समुदाय प्रमाणपत्र हवे आहे, अर्ज कसा करू?",Marathi,Community Certificate,Community Certificate,Apply through the appropriate revenue/local government service.
1014,"నాకు ఓటర్ ఐడీ కావాలి, ఎలా దరఖాస్తు చేయాలి?",Telugu,Voter ID,Voter ID,Use the official election/voter service.
430,"I want to apply for a property tax, what should I do?",English,Property Tax,Property Tax,Use the relevant municipal or local government property-tax service.
2858,राशन कार्ड के लिए क्या चाहिए?,Hindi,Ration Card,Ration Card,Use the relevant food and civil supplies department or official service.
1173,पासपोर्ट मिळवण्याची प्रक्रिया काय आहे?,Marathi,Passport,Passport,Use the official passport service.
365,റേഷൻ കാർഡ് എങ്ങനെ ലഭിക്കും?,Malayalam,Ration Card,Ration Card,Use the relevant food and civil supplies department or official service.
364,"എനിക്ക് റേഷൻ കാർഡ് വേണം, എങ്ങനെ അപേക്ഷിക്കാം?",Malayalam,Ration Card,Ration Card,Use the relevant food and civil supplies department or official service.
21,பிறப்பு சான்றிதழுக்கு எப்படி விண்ணப்பிப்பது?,Tamil,Birth Certificate,Birth Certificate,Use the appropriate official birth registration/local government service.
2580,నీటి బిల్లు కోసం ఏమి కావాలి?,Telugu,Water Bill,Water Bill,Use the relevant water-supply authority or official payment service.
2882,ଆୟ ପ୍ରମାଣପତ୍ର ବିଷୟରେ ସାହାଯ୍ୟ ଦରକାର।,Odia,Income Certificate,Income Certificate,Apply through the appropriate revenue/local government service.
629,પાણીનું બિલની સેવા ક્યાં મળશે?,Gujarati,Water Bill,Water Bill,Use the relevant water-supply authority or official payment service.
1856,సమాజ ధృవీకరణ పత్రం దరఖాస్తును ఎక్కడ సమర్పించాలి?,Telugu,Community Certificate,Community Certificate,Apply through the appropriate revenue/local government service.
1453,सरकारी योजना मिळवण्याची प्रक्रिया काय आहे?,Marathi,Government Schemes,Government Schemes,Check official government portals for current schemes and eligibility.
1944,"মোক সম্প্ৰদায়ৰ প্ৰমাণপত্ৰ লাগে, কেনেকৈ আবেদন কৰিম?",Assamese,Community Certificate,Community Certificate,Apply through the appropriate revenue/local government service.
2638,ड्रायव्हिंग लायसन्स साठी ऑनलाइन अर्ज करता येतो का?,Marathi,Driving Licence,Driving Licence,Use the official transport department/licensing service.
136,जन्मप्रमाणपत्रस्य आवेदनं कुत्र समर्पणीयम्?,Sanskrit,Birth Certificate,Birth Certificate,Use the appropriate official birth registration/local government service.
2960,ड्रायव्हिंग लायसन्स साठीचे टप्पे सांगा.,Marathi,Driving Licence,Driving Licence,Use the official transport department/licensing service.
2628,ਸਰਕਾਰੀ ਯੋਜਨਾਵਾਂ ਲਈ ਕਿੱਥੋਂ ਸ਼ੁਰੂ ਕਰਾਂ?,Punjabi,Government Schemes,Government Schemes,Check official government portals for current schemes and eligibility.
2125,سرکاری شکایت کے مراحل بتائیں۔,Urdu,Complaint Registration,Complaint Registration,Submit the complaint through the appropriate official government grievance service.
2472,ಪಾಸ್‌ಪೋರ್ಟ್ಗಾಗಿ ಹಂತಗಳನ್ನು ತಿಳಿಸಿ.,Kannada,Passport,Passport,Use the official passport service.
1571,ప్రభుత్వ ఫిర్యాదు కోసం ఎలా దరఖాస్తు చేయాలి?,Telugu,Complaint Registration,Complaint Registration,Submit the complaint through the appropriate official government grievance service.
2595,বিদ্যুৎ বিল সম্পর্কে সাহায্য চাই।,Bengali,Electricity Bill,Electricity Bill,Use the relevant electricity distribution company or official payment service.
2894,ਸਰਕਾਰੀ ਯੋਜਨਾਵਾਂ ਲਈ ਕਦਮ ਦੱਸੋ।,Punjabi,Government Schemes,Government Schemes,Check official government portals for current schemes and eligibility.
2063,رہائشی سرٹیفکیٹ حاصل کرنے کا طریقہ کیا ہے؟,Urdu,Residence Certificate,Residence Certificate,Apply through the appropriate revenue/local government service.
1431,ప్రభుత్వ పథకాలు కోసం ఎలా దరఖాస్తు చేయాలి?,Telugu,Government Schemes,Government Schemes,Check official government portals for current schemes and eligibility.
2032,ನಿವಾಸ ಪ್ರಮಾಣಪತ್ರ ಎಲ್ಲಿ ಸಿಗುತ್ತದೆ?,Kannada,Residence Certificate,Residence Certificate,Apply through the appropriate revenue/local government service.
2740,ਸਰਕਾਰੀ ਯੋਜਨਾਵਾਂ ਬਾਰੇ ਮਦਦ ਚਾਹੀਦੀ ਹੈ।,Punjabi,Government Schemes,Government Schemes,Check official government portals for current schemes and eligibility.
2513,મતદાર ઓળખ કાર્ડ માટે શું જરૂરી છે?,Gujarati,Voter ID,Voter ID,Use the official election/voter service.
2431,അപേക്ഷയുടെ നില ന് ഓൺലൈനായി അപേക്ഷിക്കാമോ?,Malayalam,Application Status,Application Status,Use the relevant official service with your application/reference number.
2230,నీటి బిల్లు కోసం ఏమి కావాలి?,Telugu,Water Bill,Water Bill,Use the relevant water-supply authority or official payment service.
2169,সম্প্ৰদায়ৰ প্ৰমাণপত্ৰৰ বাবে কি লাগে?,Assamese,Community Certificate,Community Certificate,Apply through the appropriate revenue/local government service.
334,"मला रेशन कार्ड हवे आहे, अर्ज कसा करू?",Marathi,Ration Card,Ration Card,Use the relevant food and civil supplies department or official service.
804,مجھے بجلی کا بل چاہیے، درخواست کیسے دوں؟,Urdu,Electricity Bill,Electricity Bill,Use the relevant electricity distribution company or official payment service.
2710,ಪಾಸ್‌ಪೋರ್ಟ್ಗಾಗಿ ಆನ್‌ಲೈನ್‌ನಲ್ಲಿ ಅರ್ಜಿ ಸಲ್ಲಿಸಬಹುದೇ?,Kannada,Passport,Passport,Use the official passport service.
609,জলের বিল-এর পরিষেবা কোথায় পাব?,Bengali,Water Bill,Water Bill,Use the relevant water-supply authority or official payment service.
2482,నీటి బిల్లు కోసం ఎక్కడి నుంచి ప్రారంభించాలి?,Telugu,Water Bill,Water Bill,Use the relevant water-supply authority or official payment service.
1170,পাসপোর্ট-এর জন্য আবেদন করতে কী করতে হবে?,Bengali,Passport,Passport,Use the official passport service.
2744,निवासप्रमाणपत्र विषये साहाय्यम् आवश्यकम्।,Sanskrit,Residence Certificate,Residence Certificate,Apply through the appropriate revenue/local government service.
2669,അപേക്ഷയുടെ നില സംബന്ധിച്ച് സഹായം വേണം.,Malayalam,Application Status,Application Status,Use the relevant official service with your application/reference number.
2007,বাসস্থান শংসাপত্র-এর জন্য কী কী নথি লাগবে?,Bengali,Residence Certificate,Residence Certificate,Apply through the appropriate revenue/local government service.
751,वीज बिल साठी अर्ज कसा करावा?,Marathi,Electricity Bill,Electricity Bill,Use the relevant electricity distribution company or official payment service.
1387,আবেদনৰ স্থিতিৰ বাবে কি কি নথি লাগে?,Assamese,Application Status,Application Status,Use the relevant official service with your application/reference number.
733,విద్యుత్ బిల్లు పొందే ప్రక్రియ ఏమిటి?,Telugu,Electricity Bill,Electricity Bill,Use the relevant electricity distribution company or official payment service.
1525,চৰকাৰী আঁচনি কেনেকৈ পাব পাৰি?,Assamese,Government Schemes,Government Schemes,Check official government portals for current schemes and eligibility.
540,ସମ୍ପତ୍ତି କର ପାଇଁ ଆବେଦନ କରିବାକୁ କଣ କରିବି?,Odia,Property Tax,Property Tax,Use the relevant municipal or local government property-tax service.
1949,সম্প্ৰদায়ৰ প্ৰমাণপত্ৰৰ সেৱা ক'ত পাম?,Assamese,Community Certificate,Community Certificate,Apply through the appropriate revenue/local government service.
1271,आवेदन की स्थिति के लिए कैसे आवेदन करें?,Hindi,Application Status,Application Status,Use the relevant official service with your application/reference number.
2526,ड्रायव्हिंग लायसन्स बद्दल मदत हवी आहे.,Marathi,Driving Licence,Driving Licence,Use the official transport department/licensing service.
1095,ଭୋଟର ଆଇଡି କିପରି ପାଇବି?,Odia,Voter ID,Voter ID,Use the official election/voter service.
1924,مجھے برادری کا سرٹیفکیٹ چاہیے، درخواست کیسے دوں؟,Urdu,Community Certificate,Community Certificate,Apply through the appropriate revenue/local government service.
616,पाण्याचे बिल चा अर्ज कुठे जमा करायचा?,Marathi,Water Bill,Water Bill,Use the relevant water-supply authority or official payment service.
685,পানীৰ বিল কেনেকৈ পাব পাৰি?,Assamese,Water Bill,Water Bill,Use the relevant water-supply authority or official payment service.
2320,ਸਰਕਾਰੀ ਯੋਜਨਾਵਾਂ ਬਾਰੇ ਮਦਦ ਚਾਹੀਦੀ ਹੈ।,Punjabi,Government Schemes,Government Schemes,Check official government portals for current schemes and eligibility.
1603,સરકારી ફરિયાદ મેળવવાની પ્રક્રિયા શું છે?,Gujarati,Complaint Registration,Complaint Registration,Submit the complaint through the appropriate official government grievance service.
2189,বিদ্যুৎ বিল করার ধাপগুলি বলুন।,Bengali,Electricity Bill,Electricity Bill,Use the relevant electricity distribution company or official payment service.
149,Where can I check the death certificate service?,English,Death Certificate,Death Certificate,Use the appropriate official death registration/local government service.
434,"मुझे संपत्ति कर चाहिए, कैसे आवेदन करूँ?",Hindi,Property Tax,Property Tax,Use the relevant municipal or local government property-tax service.
1303,আবেদনের অবস্থা পাওয়ার প্রক্রিয়া কী?,Bengali,Application Status,Application Status,Use the relevant official service with your application/reference number.
994,"मुझे वोटर आईडी चाहिए, कैसे आवेदन करूँ?",Hindi,Voter ID,Voter ID,Use the official election/voter service.
2009,বাসস্থান শংসাপত্র-এর পরিষেবা কোথায় পাব?,Bengali,Residence Certificate,Residence Certificate,Apply through the appropriate revenue/local government service.
1741,આવક પ્રમાણપત્ર માટે કેવી રીતે અરજી કરવી?,Gujarati,Income Certificate,Income Certificate,Apply through the appropriate revenue/local government service.
120,ଜନ୍ମ ପ୍ରମାଣପତ୍ର ସେବା କେଉଁଠାରେ ମିଳିବ?,Odia,Birth Certificate,Birth Certificate,Use the appropriate official birth registration/local government service.
225,മരണ സർട്ടിഫിക്കറ്റ് എങ്ങനെ ലഭിക്കും?,Malayalam,Death Certificate,Death Certificate,Use the appropriate official death registration/local government service.
1613,ಸರ್ಕಾರಿ ದೂರು ಪಡೆಯುವ ಪ್ರಕ್ರಿಯೆ ಏನು?,Kannada,Complaint Registration,Complaint Registration,Submit the complaint through the appropriate official government grievance service.
2440,నీటి బిల్లు కోసం ఏమి కావాలి?,Telugu,Water Bill,Water Bill,Use the relevant water-supply authority or official payment service.
2146,నీటి బిల్లు కోసం ఆన్‌లైన్‌లో దరఖాస్తు చేయవచ్చా?,Telugu,Water Bill,Water Bill,Use the relevant water-supply authority or official payment service.
2378,ଆୟ ପ୍ରମାଣପତ୍ର ପାଇଁ କଣ ଦରକାର?,Odia,Income Certificate,Income Certificate,Apply through the appropriate revenue/local government service.
2347,അപേക്ഷയുടെ നില ന് എവിടെ നിന്ന് തുടങ്ങണം?,Malayalam,Application Status,Application Status,Use the relevant official service with your application/reference number.
2991,അപേക്ഷയുടെ നില ന് ഓൺലൈനായി അപേക്ഷിക്കാമോ?,Malayalam,Application Status,Application Status,Use the relevant official service with your application/reference number.
2589,সম্প্ৰদায়ৰ প্ৰমাণপত্ৰৰ বাবে কি লাগে?,Assamese,Community Certificate,Community Certificate,Apply through the appropriate revenue/local government service.
35,జనన ధృవీకరణ పత్రాన్ని ఎలా పొందాలి?,Telugu,Birth Certificate,Birth Certificate,Use the appropriate official birth registration/local government service.
1166,পাসপোর্ট-এর আবেদন কোথায় জমা দেব?,Bengali,Passport,Passport,Use the official passport service.
124,"মোক জন্ম প্ৰমাণপত্ৰ লাগে, কেনেকৈ আবেদন কৰিম?",Assamese,Birth Certificate,Birth Certificate,Use the appropriate official birth registration/local government service.
710,"I want to apply for a electricity bill, what should I do?",English,Electricity Bill,Electricity Bill,Use the relevant electricity distribution company or official payment service.
215,ಮರಣ ಪ್ರಮಾಣಪತ್ರ ಅನ್ನು ಹೇಗೆ ಪಡೆಯಬಹುದು?,Kannada,Death Certificate,Death Certificate,Use the appropriate official death registration/local government service.
2483,বিদ্যুৎ বিল এর জন্য কোথা থেকে শুরু করব?,Bengali,Electricity Bill,Electricity Bill,Use the relevant electricity distribution company or official payment service.
1258,पारपत्रार्थं कथं अनुरोधः करणीयः?,Sanskrit,Passport,Passport,Use the official passport service.
2539,বিদ্যুৎ বিল করার ধাপগুলি বলুন।,Bengali,Electricity Bill,Electricity Bill,Use the relevant electricity distribution company or official payment service.
1208,പാസ്‌പോർട്ട് ന് എങ്ങനെ അഭ്യർത്ഥിക്കാം?,Malayalam,Passport,Passport,Use the official passport service.
2667,મતદાર ઓળખ કાર્ડ વિશે મદદ જોઈએ.,Gujarati,Voter ID,Voter ID,Use the official election/voter service.
1697,आय प्रमाण पत्र के लिए कौन से दस्तावेज चाहिए?,Hindi,Income Certificate,Income Certificate,Apply through the appropriate revenue/local government service.
1410,"I want to apply for a government schemes, what should I do?",English,Government Schemes,Government Schemes,Check official government portals for current schemes and eligibility.
406,ৰেচন কাৰ্ডৰ আবেদন ক'ত জমা দিম?,Assamese,Ration Card,Ration Card,Use the relevant food and civil supplies department or official service.
2578,राशन कार्ड के लिए क्या चाहिए?,Hindi,Ration Card,Ration Card,Use the relevant food and civil supplies department or official service.
2824,ਸਰਕਾਰੀ ਯੋਜਨਾਵਾਂ ਲਈ ਕਦਮ ਦੱਸੋ।,Punjabi,Government Schemes,Government Schemes,Check official government portals for current schemes and eligibility.
273,मृत्युप्रमाणपत्रप्राप्तेः प्रक्रिया का?,Sanskrit,Death Certificate,Death Certificate,Use the appropriate official death registration/local government service.
218,ಮರಣ ಪ್ರಮಾಣಪತ್ರಗಾಗಿ ಹೇಗೆ ವಿನಂತಿಸಬೇಕು?,Kannada,Death Certificate,Death Certificate,Use the appropriate official death registration/local government service.
509,വസ്തു നികുതി സേവനം എവിടെ ലഭിക്കും?,Malayalam,Property Tax,Property Tax,Use the relevant municipal or local government property-tax service.
1276,आवेदन की स्थिति का आवेदन कहाँ जमा करें?,Hindi,Application Status,Application Status,Use the relevant official service with your application/reference number.
663,پانی کا بل حاصل کرنے کا طریقہ کیا ہے؟,Urdu,Water Bill,Water Bill,Use the relevant water-supply authority or official payment service.
1182,પાસપોર્ટ ક્યાં મળશે?,Gujarati,Passport,Passport,Use the official passport service.
646,വെള്ളത്തിന്റെ ബിൽ അപേക്ഷ എവിടെ സമർപ്പിക്കണം?,Malayalam,Water Bill,Water Bill,Use the relevant water-supply authority or official payment service.
1897,ಸಮುದಾಯ ಪ್ರಮಾಣಪತ್ರಗೆ ಯಾವ ದಾಖಲೆಗಳು ಬೇಕು?,Kannada,Community Certificate,Community Certificate,Apply through the appropriate revenue/local government service.
66,જન્મ પ્રમાણપત્રની અરજી ક્યાં જમા કરવી?,Gujarati,Birth Certificate,Birth Certificate,Use the appropriate official birth registration/local government service.
399,ରାସନ କାର୍ଡ ସେବା କେଉଁଠାରେ ମିଳିବ?,Odia,Ration Card,Ration Card,Use the relevant food and civil supplies department or official service.
831,विद्युत्शुल्काय कथम् आवेदनं करणीयम्?,Sanskrit,Electricity Bill,Electricity Bill,Use the relevant electricity distribution company or official payment service.
2639,મતદાર ઓળખ કાર્ડ માટે ઓનલાઈન અરજી કરી શકાય છે?,Gujarati,Voter ID,Voter ID,Use the official election/voter service.
529,پراپرٹی ٹیکس کی خدمت کہاں ملے گی؟,Urdu,Property Tax,Property Tax,Use the relevant municipal or local government property-tax service.
2434,ଆୟ ପ୍ରମାଣପତ୍ର ପାଇଁ ଅନଲାଇନରେ ଆବେଦନ କରିପାରିବି କି?,Odia,Income Certificate,Income Certificate,Apply through the appropriate revenue/local government service.
2191,મતદાર ઓળખ કાર્ડ માટેના પગલાં જણાવો.,Gujarati,Voter ID,Voter ID,Use the official election/voter service.
2567,বিদ্যুৎ বিল এর জন্য অনলাইনে আবেদন করা যায় কি?,Bengali,Electricity Bill,Electricity Bill,Use the relevant electricity distribution company or official payment service.
1065,വോട്ടർ ഐഡി എങ്ങനെ ലഭിക്കും?,Malayalam,Voter ID,Voter ID,Use the official election/voter service.
2717,What is required for death certificate?,English,Death Certificate,Death Certificate,Use the appropriate official death registration/local government service.
2866,ਸਰਕਾਰੀ ਯੋਜਨਾਵਾਂ ਲਈ ਕੀ ਚਾਹੀਦਾ ਹੈ?,Punjabi,Government Schemes,Government Schemes,Check official government portals for current schemes and eligibility.
1247,পাছপ'ৰ্টৰ বাবে কি কি নথি লাগে?,Assamese,Passport,Passport,Use the official passport service.
898,ड्रायव्हिंग लायसन्स साठी विनंती कशी करावी?,Marathi,Driving Licence,Driving Licence,Use the official transport department/licensing service.
2719,சொத்து வரிக்கு என்ன தேவை?,Tamil,Property Tax,Property Tax,Use the relevant municipal or local government property-tax service.
2872,राशन कार्ड के लिए मदद चाहिए।,Hindi,Ration Card,Ration Card,Use the relevant food and civil supplies department or official service.
855,ड्राइविंग लाइसेंस कैसे प्राप्त कर सकते हैं?,Hindi,Driving Licence,Driving Licence,Use the official transport department/licensing service.
839,विद्युत्शुल्कसेवा कुत्र लभ्यते?,Sanskrit,Electricity Bill,Electricity Bill,Use the relevant electricity distribution company or official payment service.
730,மின்சார கட்டணம்க்கு விண்ணப்பிக்க என்ன செய்ய வேண்டும்?,Tamil,Electricity Bill,Electricity Bill,Use the relevant electricity distribution company or official payment service.
70,જન્મ પ્રમાણપત્રની સેવા ક્યાં મળશે?,Gujarati,Birth Certificate,Birth Certificate,Use the appropriate official birth registration/local government service.
728,மின்சார கட்டணம்க்கு எப்படி கோரிக்கை விடுப்பது?,Tamil,Electricity Bill,Electricity Bill,Use the relevant electricity distribution company or official payment service.
210,મૃત્યુ પ્રમાણપત્ર માટે અરજી કરવા શું કરવું?,Gujarati,Death Certificate,Death Certificate,Use the appropriate official death registration/local government service.
986,Where should I submit a voter ID application?,English,Voter ID,Voter ID,Use the official election/voter service.
1825,Can you tell me how to obtain a community certificate?,English,Community Certificate,Community Certificate,Apply through the appropriate revenue/local government service.
2619,Where do I start for death certificate?,English,Death Certificate,Death Certificate,Use the appropriate official death registration/local government service.
2776,నీటి బిల్లు కోసం ఆన్‌లైన్‌లో దరఖాస్తు చేయవచ్చా?,Telugu,Water Bill,Water Bill,Use the relevant water-supply authority or official payment service.
2027,રહેઠાણ પ્રમાણપત્ર માટે કયા દસ્તાવેજો જોઈએ?,Gujarati,Residence Certificate,Residence Certificate,Apply through the appropriate revenue/local government service.
1671,सर्वकारीयशिकायत्ाय कथम् आवेदनं करणीयम्?,Sanskrit,Complaint Registration,Complaint Registration,Submit the complaint through the appropriate official government grievance service.
1314,"मला अर्जाची स्थिती हवे आहे, अर्ज कसा करू?",Marathi,Application Status,Application Status,Use the relevant official service with your application/reference number.
1542,Where can I get a government complaint?,English,Complaint Registration,Complaint Registration,Submit the complaint through the appropriate official government grievance service.
2528,ಪಾಸ್‌ಪೋರ್ಟ್ ಬಗ್ಗೆ ಸಹಾಯ ಬೇಕು.,Kannada,Passport,Passport,Use the official passport service.
1869,সম্প্রদায় শংসাপত্র-এর পরিষেবা কোথায় পাব?,Bengali,Community Certificate,Community Certificate,Apply through the appropriate revenue/local government service.
1935,ସମ୍ପ୍ରଦାୟ ପ୍ରମାଣପତ୍ର କିପରି ପାଇବି?,Odia,Community Certificate,Community Certificate,Apply through the appropriate revenue/local government service.
1156,పాస్‌పోర్ట్ దరఖాస్తును ఎక్కడ సమర్పించాలి?,Telugu,Passport,Passport,Use the official passport service.
2394,निवासप्रमाणपत्र विषये साहाय्यम् आवश्यकम्।,Sanskrit,Residence Certificate,Residence Certificate,Apply through the appropriate revenue/local government service.
2609,বিদ্যুৎ বিল করার ধাপগুলি বলুন।,Bengali,Electricity Bill,Electricity Bill,Use the relevant electricity distribution company or official payment service.
1602,સરકારી ફરિયાદ ક્યાં મળશે?,Gujarati,Complaint Registration,Complaint Registration,Submit the complaint through the appropriate official government grievance service.
2193,അപേക്ഷയുടെ നില ചെയ്യുന്നതിനുള്ള ഘട്ടങ്ങൾ പറയൂ.,Malayalam,Application Status,Application Status,Use the relevant official service with your application/reference number.
12,जन्म प्रमाण पत्र कहाँ मिलेगा?,Hindi,Birth Certificate,Birth Certificate,Use the appropriate official birth registration/local government service.
438,संपत्ति कर के लिए अनुरोध कैसे करें?,Hindi,Property Tax,Property Tax,Use the relevant municipal or local government property-tax service.
2012,रहिवासी प्रमाणपत्र कुठे मिळेल?,Marathi,Residence Certificate,Residence Certificate,Apply through the appropriate revenue/local government service.
237,ਮੌਤ ਸਰਟੀਫਿਕੇਟ ਲਈ ਕਿਹੜੇ ਦਸਤਾਵੇਜ਼ ਚਾਹੀਦੇ ਹਨ?,Punjabi,Death Certificate,Death Certificate,Use the appropriate official death registration/local government service.
1412,सरकारी योजनाएं कहाँ मिलेगा?,Hindi,Government Schemes,Government Schemes,Check official government portals for current schemes and eligibility.
807,بجلی کا بل کے لیے کون سی دستاویزات چاہئیں؟,Urdu,Electricity Bill,Electricity Bill,Use the relevant electricity distribution company or official payment service.
432,संपत्ति कर कहाँ मिलेगा?,Hindi,Property Tax,Property Tax,Use the relevant municipal or local government property-tax service.
2791,বিদ্যুৎ বিল এর জন্য কী দরকার?,Bengali,Electricity Bill,Electricity Bill,Use the relevant electricity distribution company or official payment service.
2064,مجھے رہائشی سرٹیفکیٹ چاہیے، درخواست کیسے دوں؟,Urdu,Residence Certificate,Residence Certificate,Apply through the appropriate revenue/local government service.
561,How do I apply for a water bill?,English,Water Bill,Water Bill,Use the relevant water-supply authority or official payment service.
1481,സർക്കാർ പദ്ധതികൾ ന് എങ്ങനെ അപേക്ഷിക്കാം?,Malayalam,Government Schemes,Government Schemes,Check official government portals for current schemes and eligibility.
1919,ਭਾਈਚਾਰਾ ਸਰਟੀਫਿਕੇਟ ਦੀ ਸੇਵਾ ਕਿੱਥੇ ਮਿਲੇਗੀ?,Punjabi,Community Certificate,Community Certificate,Apply through the appropriate revenue/local government service.
1740,उत्पन्न प्रमाणपत्र साठी अर्ज करण्यासाठी काय करावे?,Marathi,Income Certificate,Income Certificate,Apply through the appropriate revenue/local government service.
400,ରାସନ କାର୍ଡ ପାଇଁ ଆବେଦନ କରିବାକୁ କଣ କରିବି?,Odia,Ration Card,Ration Card,Use the relevant food and civil supplies department or official service.
1226,پاسپورٹ کی درخواست کہاں جمع کریں؟,Urdu,Passport,Passport,Use the official passport service.
715,बिजली का बिल कैसे प्राप्त कर सकते हैं?,Hindi,Electricity Bill,Electricity Bill,Use the relevant electricity distribution company or official payment service.
2366,निवासप्रमाणपत्र कृते जालमाध्यमेन आवेदनं कर्तुं शक्यते वा?,Sanskrit,Residence Certificate,Residence Certificate,Apply through the appropriate revenue/local government service.
776,ವಿದ್ಯುತ್ ಬಿಲ್ ಅರ್ಜಿಯನ್ನು ಎಲ್ಲಿ ಸಲ್ಲಿಸಬೇಕು?,Kannada,Electricity Bill,Electricity Bill,Use the relevant electricity distribution company or official payment service.
1061,വോട്ടർ ഐഡി ന് എങ്ങനെ അപേക്ഷിക്കാം?,Malayalam,Voter ID,Voter ID,Use the official election/voter service.
1502,سرکاری اسکیمیں کہاں ملے گا؟,Urdu,Government Schemes,Government Schemes,Check official government portals for current schemes and eligibility.
485,મિલકત વેરો કેવી રીતે મેળવી શકાય?,Gujarati,Property Tax,Property Tax,Use the relevant municipal or local government property-tax service.
1469,સરકારી યોજનાઓની સેવા ક્યાં મળશે?,Gujarati,Government Schemes,Government Schemes,Check official government portals for current schemes and eligibility.
227,മരണ സർട്ടിഫിക്കറ്റ് ന് എന്തെല്ലാം രേഖകൾ വേണം?,Malayalam,Death Certificate,Death Certificate,Use the appropriate official death registration/local government service.
1585,সরকারি অভিযোগ কীভাবে পাওয়া যায়?,Bengali,Complaint Registration,Complaint Registration,Submit the complaint through the appropriate official government grievance service.
2355,சொத்து வரிக்கு ஆன்லைனில் விண்ணப்பிக்கலாமா?,Tamil,Property Tax,Property Tax,Use the relevant municipal or local government property-tax service.
1282,விண்ணப்பத்தின் நிலை எங்கே கிடைக்கும்?,Tamil,Application Status,Application Status,Use the relevant official service with your application/reference number.
998,वोटर आईडी के लिए अनुरोध कैसे करें?,Hindi,Voter ID,Voter ID,Use the official election/voter service.
275,मृत्युप्रमाणपत्र कथं प्राप्तुं शक्यते?,Sanskrit,Death Certificate,Death Certificate,Use the appropriate official death registration/local government service.
1067,വോട്ടർ ഐഡി ന് എന്തെല്ലാം രേഖകൾ വേണം?,Malayalam,Voter ID,Voter ID,Use the official election/voter service.
2123,അപേക്ഷയുടെ നില ചെയ്യുന്നതിനുള്ള ഘട്ടങ്ങൾ പറയൂ.,Malayalam,Application Status,Application Status,Use the relevant official service with your application/reference number.
2006,বাসস্থান শংসাপত্র-এর আবেদন কোথায় জমা দেব?,Bengali,Residence Certificate,Residence Certificate,Apply through the appropriate revenue/local government service.
603,জলের বিল পাওয়ার প্রক্রিয়া কী?,Bengali,Water Bill,Water Bill,Use the relevant water-supply authority or official payment service.
1853,సమాజ ధృవీకరణ పత్రం పొందే ప్రక్రియ ఏమిటి?,Telugu,Community Certificate,Community Certificate,Apply through the appropriate revenue/local government service.
497,ಆಸ್ತಿ ತೆರಿಗೆಗೆ ಯಾವ ದಾಖಲೆಗಳು ಬೇಕು?,Kannada,Property Tax,Property Tax,Use the relevant municipal or local government property-tax service.
2371,বিদ্যুৎ বিল এর জন্য কী দরকার?,Bengali,Electricity Bill,Electricity Bill,Use the relevant electricity distribution company or official payment service.
669,پانی کا بل کی خدمت کہاں ملے گی؟,Urdu,Water Bill,Water Bill,Use the relevant water-supply authority or official payment service.
2784,ଆୟ ପ୍ରମାଣପତ୍ର ପାଇଁ ଅନଲାଇନରେ ଆବେଦନ କରିପାରିବି କି?,Odia,Income Certificate,Income Certificate,Apply through the appropriate revenue/local government service.
1877,समुदाय प्रमाणपत्र साठी कोणती कागदपत्रे आवश्यक आहेत?,Marathi,Community Certificate,Community Certificate,Apply through the appropriate revenue/local government service.
802,بجلی کا بل کہاں ملے گا؟,Urdu,Electricity Bill,Electricity Bill,Use the relevant electricity distribution company or official payment service.
1008,வாக்காளர் அடையாள அட்டைக்கு எப்படி கோரிக்கை விடுப்பது?,Tamil,Voter ID,Voter ID,Use the official election/voter service.
1619,ಸರ್ಕಾರಿ ದೂರು ಸೇವೆ ಎಲ್ಲಿ ಸಿಗುತ್ತದೆ?,Kannada,Complaint Registration,Complaint Registration,Submit the complaint through the appropriate official government grievance service.
2318,ಪಾಸ್‌ಪೋರ್ಟ್ ಬಗ್ಗೆ ಸಹಾಯ ಬೇಕು.,Kannada,Passport,Passport,Use the official passport service.
2803,சொத்து வரி பற்றி உதவி வேண்டும்.,Tamil,Property Tax,Property Tax,Use the relevant municipal or local government property-tax service.
2694,ड्रायव्हिंग लायसन्स साठी सुरुवात कुठून करू?,Marathi,Driving Licence,Driving Licence,Use the official transport department/licensing service.
2566,నీటి బిల్లు కోసం ఆన్‌లైన్‌లో దరఖాస్తు చేయవచ్చా?,Telugu,Water Bill,Water Bill,Use the relevant water-supply authority or official payment service.
2680,ड्रायव्हिंग लायसन्स साठीचे टप्पे सांगा.,Marathi,Driving Licence,Driving Licence,Use the official transport department/licensing service.
2038,ನಿವಾಸ ಪ್ರಮಾಣಪತ್ರಗಾಗಿ ಹೇಗೆ ವಿನಂತಿಸಬೇಕು?,Kannada,Residence Certificate,Residence Certificate,Apply through the appropriate revenue/local government service.
553,सम्पत्तिकरप्राप्तेः प्रक्रिया का?,Sanskrit,Property Tax,Property Tax,Use the relevant municipal or local government property-tax service.
2276,ಪಾಸ್‌ಪೋರ್ಟ್ಗಾಗಿ ಎಲ್ಲಿಂದ ಪ್ರಾರಂಭಿಸಬೇಕು?,Kannada,Passport,Passport,Use the official passport service.
276,मृत्युप्रमाणपत्रस्य आवेदनं कुत्र समर्पणीयम्?,Sanskrit,Death Certificate,Death Certificate,Use the appropriate official death registration/local government service.
505,വസ്തു നികുതി എങ്ങനെ ലഭിക്കും?,Malayalam,Property Tax,Property Tax,Use the relevant municipal or local government property-tax service.
977,चालनानुज्ञापत्राय कानि दस्तावेजानि आवश्यकानि?,Sanskrit,Driving Licence,Driving Licence,Use the official transport department/licensing service.
828,বিদ্যুৎ বিলৰ বাবে কেনেকৈ অনুৰোধ কৰিম?,Assamese,Electricity Bill,Electricity Bill,Use the relevant electricity distribution company or official payment service.
1335,ಅರ್ಜಿಯ ಸ್ಥಿತಿ ಅನ್ನು ಹೇಗೆ ಪಡೆಯಬಹುದು?,Kannada,Application Status,Application Status,Use the relevant official service with your application/reference number.
2335,سرکاری شکایت کے مراحل بتائیں۔,Urdu,Complaint Registration,Complaint Registration,Submit the complaint through the appropriate official government grievance service.
1997,నివాస ధృవీకరణ పత్రం కోసం ఏ పత్రాలు అవసరం?,Telugu,Residence Certificate,Residence Certificate,Apply through the appropriate revenue/local government service.
825,বিদ্যুৎ বিল কেনেকৈ পাব পাৰি?,Assamese,Electricity Bill,Electricity Bill,Use the relevant electricity distribution company or official payment service.
1262,Where can I get a application status?,English,Application Status,Application Status,Use the relevant official service with your application/reference number.
1604,"મારે સરકારી ફરિયાદ જોઈએ છે, કેવી રીતે અરજી કરું?",Gujarati,Complaint Registration,Complaint Registration,Submit the complaint through the appropriate official government grievance service.
1128,How can I request a passport?,English,Passport,Passport,Use the official passport service.
2645,সম্প্ৰদায়ৰ প্ৰমাণপত্ৰৰ বাবে অনলাইন আবেদন কৰিব পাৰিনে?,Assamese,Community Certificate,Community Certificate,Apply through the appropriate revenue/local government service.
504,"എനിക്ക് വസ്തു നികുതി വേണം, എങ്ങനെ അപേക്ഷിക്കാം?",Malayalam,Property Tax,Property Tax,Use the relevant municipal or local government property-tax service.
1709,வருமான சான்றிதழ் சேவை எங்கே கிடைக்கும்?,Tamil,Income Certificate,Income Certificate,Apply through the appropriate revenue/local government service.
2527,મતદાર ઓળખ કાર્ડ વિશે મદદ જોઈએ.,Gujarati,Voter ID,Voter ID,Use the official election/voter service.
315,రేషన్ కార్డు ఎలా పొందాలి?,Telugu,Ration Card,Ration Card,Use the relevant food and civil supplies department or official service.
189,মৃত্যু শংসাপত্র-এর পরিষেবা কোথায় পাব?,Bengali,Death Certificate,Death Certificate,Use the appropriate official death registration/local government service.
1739,उत्पन्न प्रमाणपत्र ची सेवा कुठे मिळेल?,Marathi,Income Certificate,Income Certificate,Apply through the appropriate revenue/local government service.
1999,నివాస ధృవీకరణ పత్రం సేవ ఎక్కడ లభిస్తుంది?,Telugu,Residence Certificate,Residence Certificate,Apply through the appropriate revenue/local government service.
440,"मुझे संपत्ति कर के लिए आवेदन करना है, क्या करना होगा?",Hindi,Property Tax,Property Tax,Use the relevant municipal or local government property-tax service.
569,Where can I check the water bill service?,English,Water Bill,Water Bill,Use the relevant water-supply authority or official payment service.
2403,അപേക്ഷയുടെ നില ചെയ്യുന്നതിനുള്ള ഘട്ടങ്ങൾ പറയൂ.,Malayalam,Application Status,Application Status,Use the relevant official service with your application/reference number.
395,ରାସନ କାର୍ଡ କିପରି ପାଇବି?,Odia,Ration Card,Ration Card,Use the relevant food and civil supplies department or official service.
2085,বাসস্থানৰ প্ৰমাণপত্ৰ কেনেকৈ পাব পাৰি?,Assamese,Residence Certificate,Residence Certificate,Apply through the appropriate revenue/local government service.
1645,سرکاری شکایت کیسے حاصل کیا جا سکتا ہے؟,Urdu,Complaint Registration,Complaint Registration,Submit the complaint through the appropriate official government grievance service.
1505,سرکاری اسکیمیں کیسے حاصل کیا جا سکتا ہے؟,Urdu,Government Schemes,Government Schemes,Check official government portals for current schemes and eligibility.
2512,ड्रायव्हिंग लायसन्स साठी काय आवश्यक आहे?,Marathi,Driving Licence,Driving Licence,Use the official transport department/licensing service.
82,ജനന സർട്ടിഫിക്കറ്റ് എവിടെ ലഭിക്കും?,Malayalam,Birth Certificate,Birth Certificate,Use the appropriate official birth registration/local government service.
1054,"ನನಗೆ ಮತದಾರರ ಗುರುತಿನ ಚೀಟಿ ಬೇಕು, ಹೇಗೆ ಅರ್ಜಿ ಸಲ್ಲಿಸಬೇಕು?",Kannada,Voter ID,Voter ID,Use the official election/voter service.
884,"আমার ড্রাইভিং লাইসেন্স দরকার, কীভাবে আবেদন করব?",Bengali,Driving Licence,Driving Licence,Use the official transport department/licensing service.
1712,ఆదాయ ధృవీకరణ పత్రం ఎక్కడ లభిస్తుంది?,Telugu,Income Certificate,Income Certificate,Apply through the appropriate revenue/local government service.
2797,سرکاری شکایت کے لیے کیا چاہیے؟,Urdu,Complaint Registration,Complaint Registration,Submit the complaint through the appropriate official government grievance service.
1083,ووٹر آئی ڈی حاصل کرنے کا طریقہ کیا ہے؟,Urdu,Voter ID,Voter ID,Use the official election/voter service.
2227,What is required for death certificate?,English,Death Certificate,Death Certificate,Use the appropriate official death registration/local government service.
1806,উপাৰ্জনৰ প্ৰমাণপত্ৰৰ আবেদন ক'ত জমা দিম?,Assamese,Income Certificate,Income Certificate,Apply through the appropriate revenue/local government service.
1290,விண்ணப்பத்தின் நிலைக்கு விண்ணப்பிக்க என்ன செய்ய வேண்டும்?,Tamil,Application Status,Application Status,Use the relevant official service with your application/reference number.
335,रेशन कार्ड कसे मिळवता येईल?,Marathi,Ration Card,Ration Card,Use the relevant food and civil supplies department or official service.
2769,سرکاری شکایت کے لیے کہاں سے شروع کروں؟,Urdu,Complaint Registration,Complaint Registration,Submit the complaint through the appropriate official government grievance service.
600,నీటి బిల్లు కోసం దరఖాస్తు చేయాలంటే ఏమి చేయాలి?,Telugu,Water Bill,Water Bill,Use the relevant water-supply authority or official payment service.
1460,सरकारी योजना साठी अर्ज करण्यासाठी काय करावे?,Marathi,Government Schemes,Government Schemes,Check official government portals for current schemes and eligibility.
2573,کیا سرکاری شکایت کے لیے آن لائن درخواست دے سکتے ہیں؟,Urdu,Complaint Registration,Complaint Registration,Submit the complaint through the appropriate official government grievance service.
2350,ଆୟ ପ୍ରମାଣପତ୍ର ପାଇଁ କେଉଁଠାରୁ ଆରମ୍ଭ କରିବି?,Odia,Income Certificate,Income Certificate,Apply through the appropriate revenue/local government service.
2082,বাসস্থানৰ প্ৰমাণপত্ৰ ক'ত পাম?,Assamese,Residence Certificate,Residence Certificate,Apply through the appropriate revenue/local government service.
841,How do I apply for a driving licence?,English,Driving Licence,Driving Licence,Use the official transport department/licensing service.
137,जन्मप्रमाणपत्राय कानि दस्तावेजानि आवश्यकानि?,Sanskrit,Birth Certificate,Birth Certificate,Use the appropriate official birth registration/local government service.
599,నీటి బిల్లు సేవ ఎక్కడ లభిస్తుంది?,Telugu,Water Bill,Water Bill,Use the relevant water-supply authority or official payment service.
229,മരണ സർട്ടിഫിക്കറ്റ് സേവനം എവിടെ ലഭിക്കും?,Malayalam,Death Certificate,Death Certificate,Use the appropriate official death registration/local government service.
1845,சமூக சான்றிதழ் எப்படி பெறலாம்?,Tamil,Community Certificate,Community Certificate,Apply through the appropriate revenue/local government service.
1651,ସରକାରୀ ଅଭିଯୋଗ ପାଇଁ କିପରି ଆବେଦନ କରିବେ?,Odia,Complaint Registration,Complaint Registration,Submit the complaint through the appropriate official government grievance service.
2674,निवासप्रमाणपत्र विषये साहाय्यम् आवश्यकम्।,Sanskrit,Residence Certificate,Residence Certificate,Apply through the appropriate revenue/local government service.
1738,उत्पन्न प्रमाणपत्र साठी विनंती कशी करावी?,Marathi,Income Certificate,Income Certificate,Apply through the appropriate revenue/local government service.
845,Can you tell me how to obtain a driving licence?,English,Driving Licence,Driving Licence,Use the official transport department/licensing service.
2681,મતદાર ઓળખ કાર્ડ માટેના પગલાં જણાવો.,Gujarati,Voter ID,Voter ID,Use the official election/voter service.
2131,சொத்து வரிக்கு எங்கிருந்து தொடங்குவது?,Tamil,Property Tax,Property Tax,Use the relevant municipal or local government property-tax service.
72,ಜನನ ಪ್ರಮಾಣಪತ್ರ ಎಲ್ಲಿ ಸಿಗುತ್ತದೆ?,Kannada,Birth Certificate,Birth Certificate,Use the appropriate official birth registration/local government service.
1900,ಸಮುದಾಯ ಪ್ರಮಾಣಪತ್ರಗೆ ಅರ್ಜಿ ಸಲ್ಲಿಸಲು ಏನು ಮಾಡಬೇಕು?,Kannada,Community Certificate,Community Certificate,Apply through the appropriate revenue/local government service.
49,জন্ম শংসাপত্রের কপি কীভাবে পাব?,Bengali,Birth Certificate,Birth Certificate,Use the appropriate official birth registration/local government service.
343,રેશન કાર્ડ મેળવવાની પ્રક્રિયા શું છે?,Gujarati,Ration Card,Ration Card,Use the relevant food and civil supplies department or official service.
1154,"నాకు పాస్‌పోర్ట్ కావాలి, ఎలా దరఖాస్తు చేయాలి?",Telugu,Passport,Passport,Use the official passport service.
1830,"I want to apply for a community certificate, what should I do?",English,Community Certificate,Community Certificate,Apply through the appropriate revenue/local government service.
1475,ಸರ್ಕಾರಿ ಯೋಜನೆಗಳು ಅನ್ನು ಹೇಗೆ ಪಡೆಯಬಹುದು?,Kannada,Government Schemes,Government Schemes,Check official government portals for current schemes and eligibility.
2682,ಪಾಸ್‌ಪೋರ್ಟ್ಗಾಗಿ ಹಂತಗಳನ್ನು ತಿಳಿಸಿ.,Kannada,Passport,Passport,Use the official passport service.
1839,समुदाय प्रमाण पत्र की सेवा कहाँ मिलेगी?,Hindi,Community Certificate,Community Certificate,Apply through the appropriate revenue/local government service.
549,সম্পত্তি কৰৰ সেৱা ক'ত পাম?,Assamese,Property Tax,Property Tax,Use the relevant municipal or local government property-tax service.
2938,ଆୟ ପ୍ରମାଣପତ୍ର ପାଇଁ କଣ ଦରକାର?,Odia,Income Certificate,Income Certificate,Apply through the appropriate revenue/local government service.
2928,राशन कार्ड के लिए क्या चाहिए?,Hindi,Ration Card,Ration Card,Use the relevant food and civil supplies department or official service.
917,ಚಾಲನಾ ಪರವಾನಗಿಗೆ ಯಾವ ದಾಖಲೆಗಳು ಬೇಕು?,Kannada,Driving Licence,Driving Licence,Use the official transport department/licensing service.
2383,சொத்து வரி பற்றி உதவி வேண்டும்.,Tamil,Property Tax,Property Tax,Use the relevant municipal or local government property-tax service.
1817,आयप्रमाणपत्राय कानि दस्तावेजानि आवश्यकानि?,Sanskrit,Income Certificate,Income Certificate,Apply through the appropriate revenue/local government service.
2314,నీటి బిల్లు గురించి సహాయం కావాలి.,Telugu,Water Bill,Water Bill,Use the relevant water-supply authority or official payment service.
1993,నివాస ధృవీకరణ పత్రం పొందే ప్రక్రియ ఏమిటి?,Telugu,Residence Certificate,Residence Certificate,Apply through the appropriate revenue/local government service.
388,راشن کارڈ کے لیے درخواست کیسے کریں؟,Urdu,Ration Card,Ration Card,Use the relevant food and civil supplies department or official service.
2690,राशन कार्ड के लिए शुरुआत कहाँ से करूँ?,Hindi,Ration Card,Ration Card,Use the relevant food and civil supplies department or official service.
2982,निवासप्रमाणपत्र कृते कुतः आरभेयं?,Sanskrit,Residence Certificate,Residence Certificate,Apply through the appropriate revenue/local government service.
984,"I need a voter ID, how can I apply?",English,Voter ID,Voter ID,Use the official election/voter service.
570,"I want to apply for a water bill, what should I do?",English,Water Bill,Water Bill,Use the relevant water-supply authority or official payment service.
819,ବିଦ୍ୟୁତ ବିଲ୍ ସେବା କେଉଁଠାରେ ମିଳିବ?,Odia,Electricity Bill,Electricity Bill,Use the relevant electricity distribution company or official payment service.
1375,ଆବେଦନର ସ୍ଥିତି କିପରି ପାଇବି?,Odia,Application Status,Application Status,Use the relevant official service with your application/reference number.
8,How can I register a birth and get the certificate?,English,Birth Certificate,Birth Certificate,Use the appropriate official birth registration/local government service.
822,বিদ্যুৎ বিল ক'ত পাম?,Assamese,Electricity Bill,Electricity Bill,Use the relevant electricity distribution company or official payment service.
368,റേഷൻ കാർഡ് ന് എങ്ങനെ അഭ്യർത്ഥിക്കാം?,Malayalam,Ration Card,Ration Card,Use the relevant food and civil supplies department or official service.
916,ಚಾಲನಾ ಪರವಾನಗಿ ಅರ್ಜಿಯನ್ನು ಎಲ್ಲಿ ಸಲ್ಲಿಸಬೇಕು?,Kannada,Driving Licence,Driving Licence,Use the official transport department/licensing service.
2243,சொத்து வரி பற்றி உதவி வேண்டும்.,Tamil,Property Tax,Property Tax,Use the relevant municipal or local government property-tax service.
1549,Where can I check the government complaint service?,English,Complaint Registration,Complaint Registration,Submit the complaint through the appropriate official government grievance service.
678,ପାଣି ବିଲ୍ ପାଇଁ କିପରି ଅନୁରୋଧ କରିବି?,Odia,Water Bill,Water Bill,Use the relevant water-supply authority or official payment service.
806,بجلی کا بل کی درخواست کہاں جمع کریں؟,Urdu,Electricity Bill,Electricity Bill,Use the relevant electricity distribution company or official payment service.
2364,ଆୟ ପ୍ରମାଣପତ୍ର ପାଇଁ ଅନଲାଇନରେ ଆବେଦନ କରିପାରିବି କି?,Odia,Income Certificate,Income Certificate,Apply through the appropriate revenue/local government service.
1138,पासपोर्ट के लिए अनुरोध कैसे करें?,Hindi,Passport,Passport,Use the official passport service.
415,राशनपत्रिका कथं प्राप्तुं शक्यते?,Sanskrit,Ration Card,Ration Card,Use the relevant food and civil supplies department or official service.
99,ਜਨਮ ਸਰਟੀਫਿਕੇਟ ਦੀ ਕਾਪੀ ਕਿਵੇਂ ਲੈਣੀ ਹੈ?,Punjabi,Birth Certificate,Birth Certificate,Use the appropriate official birth registration/local government service.
2783,کیا سرکاری شکایت کے لیے آن لائن درخواست دے سکتے ہیں؟,Urdu,Complaint Registration,Complaint Registration,Submit the complaint through the appropriate official government grievance service.
2689,Where do I start for death certificate?,English,Death Certificate,Death Certificate,Use the appropriate official death registration/local government service.
2549,Where do I start for death certificate?,English,Death Certificate,Death Certificate,Use the appropriate official death registration/local government service.
2572,ਕੀ ਸਰਕਾਰੀ ਯੋਜਨਾਵਾਂ ਲਈ ਆਨਲਾਈਨ ਅਰਜ਼ੀ ਦੇ ਸਕਦੇ ਹਾਂ?,Punjabi,Government Schemes,Government Schemes,Check official government portals for current schemes and eligibility.
2322,ଆୟ ପ୍ରମାଣପତ୍ର ବିଷୟରେ ସାହାଯ୍ୟ ଦରକାର।,Odia,Income Certificate,Income Certificate,Apply through the appropriate revenue/local government service.
2448,ଆୟ ପ୍ରମାଣପତ୍ର ପାଇଁ କଣ ଦରକାର?,Odia,Income Certificate,Income Certificate,Apply through the appropriate revenue/local government service.
1281,விண்ணப்பத்தின் நிலைக்கு எப்படி விண்ணப்பிப்பது?,Tamil,Application Status,Application Status,Use the relevant official service with your application/reference number.
2352,निवासप्रमाणपत्र कृते कुतः आरभेयं?,Sanskrit,Residence Certificate,Residence Certificate,Apply through the appropriate revenue/local government service.
941,ڈرائیونگ لائسنس کے لیے درخواست کیسے دیں؟,Urdu,Driving Licence,Driving Licence,Use the official transport department/licensing service.
555,सम्पत्तिकर कथं प्राप्तुं शक्यते?,Sanskrit,Property Tax,Property Tax,Use the relevant municipal or local government property-tax service.
2474,ਸਰਕਾਰੀ ਯੋਜਨਾਵਾਂ ਲਈ ਕਦਮ ਦੱਸੋ।,Punjabi,Government Schemes,Government Schemes,Check official government portals for current schemes and eligibility.
2879,അപേക്ഷയുടെ നില സംബന്ധിച്ച് സഹായം വേണം.,Malayalam,Application Status,Application Status,Use the relevant official service with your application/reference number.
1916,ਭਾਈਚਾਰਾ ਸਰਟੀਫਿਕੇਟ ਦੀ ਅਰਜ਼ੀ ਕਿੱਥੇ ਜਮ੍ਹਾਂ ਕਰਵਾਉਣੀ ਹੈ?,Punjabi,Community Certificate,Community Certificate,Apply through the appropriate revenue/local government service.
2657,سرکاری شکایت کے لیے کیا چاہیے؟,Urdu,Complaint Registration,Complaint Registration,Submit the complaint through the appropriate official government grievance service.
2353,Can I apply for death certificate online?,English,Death Certificate,Death Certificate,Use the appropriate official death registration/local government service.
1147,பாஸ்போர்ட்க்கு என்ன ஆவணங்கள் தேவை?,Tamil,Passport,Passport,Use the official passport service.
585,தண்ணீர் கட்டணம் எப்படி பெறலாம்?,Tamil,Water Bill,Water Bill,Use the relevant water-supply authority or official payment service.
10,Where can I check the birth certificate service?,English,Birth Certificate,Birth Certificate,Use the appropriate official birth registration/local government service.
1765,വരുമാന സർട്ടിഫിക്കറ്റ് എങ്ങനെ ലഭിക്കും?,Malayalam,Income Certificate,Income Certificate,Apply through the appropriate revenue/local government service.
2222,ਕੀ ਸਰਕਾਰੀ ਯੋਜਨਾਵਾਂ ਲਈ ਆਨਲਾਈਨ ਅਰਜ਼ੀ ਦੇ ਸਕਦੇ ਹਾਂ?,Punjabi,Government Schemes,Government Schemes,Check official government portals for current schemes and eligibility.
1313,अर्जाची स्थिती मिळवण्याची प्रक्रिया काय आहे?,Marathi,Application Status,Application Status,Use the relevant official service with your application/reference number.
2192,ಪಾಸ್‌ಪೋರ್ಟ್ಗಾಗಿ ಹಂತಗಳನ್ನು ತಿಳಿಸಿ.,Kannada,Passport,Passport,Use the official passport service.
2796,ਸਰਕਾਰੀ ਯੋਜਨਾਵਾਂ ਲਈ ਕੀ ਚਾਹੀਦਾ ਹੈ?,Punjabi,Government Schemes,Government Schemes,Check official government portals for current schemes and eligibility.
1220,ਪਾਸਪੋਰਟ ਲਈ ਅਰਜ਼ੀ ਦੇਣ ਲਈ ਕੀ ਕਰਨਾ ਹੈ?,Punjabi,Passport,Passport,Use the official passport service.
1359,ਅਰਜ਼ੀ ਦੀ ਸਥਿਤੀ ਦੀ ਸੇਵਾ ਕਿੱਥੇ ਮਿਲੇਗੀ?,Punjabi,Application Status,Application Status,Use the relevant official service with your application/reference number.
428,How can I request a property tax?,English,Property Tax,Property Tax,Use the relevant municipal or local government property-tax service.
180,మరణ ధృవీకరణ పత్రం కోసం దరఖాస్తు చేయాలంటే ఏమి చేయాలి?,Telugu,Death Certificate,Death Certificate,Use the appropriate official death registration/local government service.
1562,அரசு புகார் எங்கே கிடைக்கும்?,Tamil,Complaint Registration,Complaint Registration,Submit the complaint through the appropriate official government grievance service.
1829,Where can I check the community certificate service?,English,Community Certificate,Community Certificate,Apply through the appropriate revenue/local government service.
92,ਜਨਮ ਸਰਟੀਫਿਕੇਟ ਕਿੱਥੇ ਮਿਲੇਗਾ?,Punjabi,Birth Certificate,Birth Certificate,Use the appropriate official birth registration/local government service.
2713,کیا سرکاری شکایت کے لیے آن لائن درخواست دے سکتے ہیں؟,Urdu,Complaint Registration,Complaint Registration,Submit the complaint through the appropriate official government grievance service.
2155,সম্প্ৰদায়ৰ প্ৰমাণপত্ৰৰ বাবে অনলাইন আবেদন কৰিব পাৰিনে?,Assamese,Community Certificate,Community Certificate,Apply through the appropriate revenue/local government service.
2144,क्या राशन कार्ड के लिए ऑनलाइन आवेदन कर सकते हैं?,Hindi,Ration Card,Ration Card,Use the relevant food and civil supplies department or official service.
1371,ଆବେଦନର ସ୍ଥିତି ପାଇଁ କିପରି ଆବେଦନ କରିବେ?,Odia,Application Status,Application Status,Use the relevant official service with your application/reference number.
931,ਡਰਾਈਵਿੰਗ ਲਾਇਸੈਂਸ ਲਈ ਅਰਜ਼ੀ ਕਿਵੇਂ ਦੇਣੀ ਹੈ?,Punjabi,Driving Licence,Driving Licence,Use the official transport department/licensing service.
1112,मतदातृपरिचयपत्र कुत्र लभ्यते?,Sanskrit,Voter ID,Voter ID,Use the official election/voter service.
1898,ಸಮುದಾಯ ಪ್ರಮಾಣಪತ್ರಗಾಗಿ ಹೇಗೆ ವಿನಂತಿಸಬೇಕು?,Kannada,Community Certificate,Community Certificate,Apply through the appropriate revenue/local government service.
417,राशनपत्रिकााय कानि दस्तावेजानि आवश्यकानि?,Sanskrit,Ration Card,Ration Card,Use the relevant food and civil supplies department or official service.
777,ವಿದ್ಯುತ್ ಬಿಲ್ಗೆ ಯಾವ ದಾಖಲೆಗಳು ಬೇಕು?,Kannada,Electricity Bill,Electricity Bill,Use the relevant electricity distribution company or official payment service.
1629,സർക്കാർ പരാതി സേവനം എവിടെ ലഭിക്കും?,Malayalam,Complaint Registration,Complaint Registration,Submit the complaint through the appropriate official government grievance service.
554,"मम सम्पत्तिकर आवश्यकम्, कथम् आवेदनं करिष्यामि?",Sanskrit,Property Tax,Property Tax,Use the relevant municipal or local government property-tax service.
545,সম্পত্তি কৰ কেনেকৈ পাব পাৰি?,Assamese,Property Tax,Property Tax,Use the relevant municipal or local government property-tax service.
1333,ಅರ್ಜಿಯ ಸ್ಥಿತಿ ಪಡೆಯುವ ಪ್ರಕ್ರಿಯೆ ಏನು?,Kannada,Application Status,Application Status,Use the relevant official service with your application/reference number.
339,रेशन कार्ड ची सेवा कुठे मिळेल?,Marathi,Ration Card,Ration Card,Use the relevant food and civil supplies department or official service.
424,"I need a property tax, how can I apply?",English,Property Tax,Property Tax,Use the relevant municipal or local government property-tax service.
2998,राशन कार्ड के लिए क्या चाहिए?,Hindi,Ration Card,Ration Card,Use the relevant food and civil supplies department or official service.
1474,"ನನಗೆ ಸರ್ಕಾರಿ ಯೋಜನೆಗಳು ಬೇಕು, ಹೇಗೆ ಅರ್ಜಿ ಸಲ್ಲಿಸಬೇಕು?",Kannada,Government Schemes,Government Schemes,Check official government portals for current schemes and eligibility.
1815,आयप्रमाणपत्र कथं प्राप्तुं शक्यते?,Sanskrit,Income Certificate,Income Certificate,Apply through the appropriate revenue/local government service.
232,ਮੌਤ ਸਰਟੀਫਿਕੇਟ ਕਿੱਥੇ ਮਿਲੇਗਾ?,Punjabi,Death Certificate,Death Certificate,Use the appropriate official death registration/local government service.
1610,સરકારી ફરિયાદ માટે અરજી કરવા શું કરવું?,Gujarati,Complaint Registration,Complaint Registration,Submit the complaint through the appropriate official government grievance service.
1463,સરકારી યોજનાઓ મેળવવાની પ્રક્રિયા શું છે?,Gujarati,Government Schemes,Government Schemes,Check official government portals for current schemes and eligibility.
770,વીજળીનું બિલ માટે અરજી કરવા શું કરવું?,Gujarati,Electricity Bill,Electricity Bill,Use the relevant electricity distribution company or official payment service.
1797,ଆୟ ପ୍ରମାଣପତ୍ର ପାଇଁ କେଉଁ ଦଲିଲ ଦରକାର?,Odia,Income Certificate,Income Certificate,Apply through the appropriate revenue/local government service.
2354,क्या राशन कार्ड के लिए ऑनलाइन आवेदन कर सकते हैं?,Hindi,Ration Card,Ration Card,Use the relevant food and civil supplies department or official service.
668,پانی کا بل کے لیے درخواست کیسے کریں؟,Urdu,Water Bill,Water Bill,Use the relevant water-supply authority or official payment service.
2671,سرکاری شکایت کے بارے میں مدد چاہیے۔,Urdu,Complaint Registration,Complaint Registration,Submit the complaint through the appropriate official government grievance service.
1696,आय प्रमाण पत्र का आवेदन कहाँ जमा करें?,Hindi,Income Certificate,Income Certificate,Apply through the appropriate revenue/local government service.
552,सम्पत्तिकर कुत्र लभ्यते?,Sanskrit,Property Tax,Property Tax,Use the relevant municipal or local government property-tax service.
207,મૃત્યુ પ્રમાણપત્ર માટે કયા દસ્તાવેજો જોઈએ?,Gujarati,Death Certificate,Death Certificate,Use the appropriate official death registration/local government service.
944,مجھے ڈرائیونگ لائسنس چاہیے، درخواست کیسے دوں؟,Urdu,Driving Licence,Driving Licence,Use the official transport department/licensing service.
928,ഡ്രൈവിംഗ് ലൈസൻസ് ന് എങ്ങനെ അഭ്യർത്ഥിക്കാം?,Malayalam,Driving Licence,Driving Licence,Use the official transport department/licensing service.
2779,મતદાર ઓળખ કાર્ડ માટે ઓનલાઈન અરજી કરી શકાય છે?,Gujarati,Voter ID,Voter ID,Use the official election/voter service.
453,ఆస్తి పన్ను పొందే ప్రక్రియ ఏమిటి?,Telugu,Property Tax,Property Tax,Use the relevant municipal or local government property-tax service.
1678,सर्वकारीयशिकायत्ार्थं कथं अनुरोधः करणीयः?,Sanskrit,Complaint Registration,Complaint Registration,Submit the complaint through the appropriate official government grievance service.
833,विद्युत्शुल्कप्राप्तेः प्रक्रिया का?,Sanskrit,Electricity Bill,Electricity Bill,Use the relevant electricity distribution company or official payment service.
698,जलशुल्कार्थं कथं अनुरोधः करणीयः?,Sanskrit,Water Bill,Water Bill,Use the relevant water-supply authority or official payment service.
1010,வாக்காளர் அடையாள அட்டைக்கு விண்ணப்பிக்க என்ன செய்ய வேண்டும்?,Tamil,Voter ID,Voter ID,Use the official election/voter service.
1192,ಪಾಸ್‌ಪೋರ್ಟ್ ಎಲ್ಲಿ ಸಿಗುತ್ತದೆ?,Kannada,Passport,Passport,Use the official passport service.
150,"I want to apply for a death certificate, what should I do?",English,Death Certificate,Death Certificate,Use the appropriate official death registration/local government service.
1478,ಸರ್ಕಾರಿ ಯೋಜನೆಗಳುಗಾಗಿ ಹೇಗೆ ವಿನಂತಿಸಬೇಕು?,Kannada,Government Schemes,Government Schemes,Check official government portals for current schemes and eligibility.
2900,राशन कार्ड के लिए शुरुआत कहाँ से करूँ?,Hindi,Ration Card,Ration Card,Use the relevant food and civil supplies department or official service.
1659,ସରକାରୀ ଅଭିଯୋଗ ସେବା କେଉଁଠାରେ ମିଳିବ?,Odia,Complaint Registration,Complaint Registration,Submit the complaint through the appropriate official government grievance service.
557,सम्पत्तिकराय कानि दस्तावेजानि आवश्यकानि?,Sanskrit,Property Tax,Property Tax,Use the relevant municipal or local government property-tax service.
2646,निवासप्रमाणपत्र कृते जालमाध्यमेन आवेदनं कर्तुं शक्यते वा?,Sanskrit,Residence Certificate,Residence Certificate,Apply through the appropriate revenue/local government service.
1102,ভোটাৰ আইডি ক'ত পাম?,Assamese,Voter ID,Voter ID,Use the official election/voter service.
2066,رہائشی سرٹیفکیٹ کی درخواست کہاں جمع کریں؟,Urdu,Residence Certificate,Residence Certificate,Apply through the appropriate revenue/local government service.
574,"मुझे पानी का बिल चाहिए, कैसे आवेदन करूँ?",Hindi,Water Bill,Water Bill,Use the relevant water-supply authority or official payment service.
1975,निवास प्रमाण पत्र कैसे प्राप्त कर सकते हैं?,Hindi,Residence Certificate,Residence Certificate,Apply through the appropriate revenue/local government service.
1418,सरकारी योजनाएं के लिए अनुरोध कैसे करें?,Hindi,Government Schemes,Government Schemes,Check official government portals for current schemes and eligibility.
2160,నీటి బిల్లు కోసం ఏమి కావాలి?,Telugu,Water Bill,Water Bill,Use the relevant water-supply authority or official payment service.
2054,"ਮੈਨੂੰ ਰਿਹਾਇਸ਼ ਸਰਟੀਫਿਕੇਟ ਚਾਹੀਦਾ ਹੈ, ਅਰਜ਼ੀ ਕਿਵੇਂ ਦੇਵਾਂ?",Punjabi,Residence Certificate,Residence Certificate,Apply through the appropriate revenue/local government service.
2762,నీటి బిల్లు కోసం ఎక్కడి నుంచి ప్రారంభించాలి?,Telugu,Water Bill,Water Bill,Use the relevant water-supply authority or official payment service.
2525,বিদ্যুৎ বিল সম্পর্কে সাহায্য চাই।,Bengali,Electricity Bill,Electricity Bill,Use the relevant electricity distribution company or official payment service.
1948,সম্প্ৰদায়ৰ প্ৰমাণপত্ৰৰ বাবে কেনেকৈ অনুৰোধ কৰিম?,Assamese,Community Certificate,Community Certificate,Apply through the appropriate revenue/local government service.
1707,வருமான சான்றிதழ்க்கு என்ன ஆவணங்கள் தேவை?,Tamil,Income Certificate,Income Certificate,Apply through the appropriate revenue/local government service.
306,ரேஷன் கார்டு விண்ணப்பத்தை எங்கே சமர்ப்பிக்க வேண்டும்?,Tamil,Ration Card,Ration Card,Use the relevant food and civil supplies department or official service.
679,ପାଣି ବିଲ୍ ସେବା କେଉଁଠାରେ ମିଳିବ?,Odia,Water Bill,Water Bill,Use the relevant water-supply authority or official payment service.
1861,সম্প্রদায় শংসাপত্র-এর জন্য কীভাবে আবেদন করব?,Bengali,Community Certificate,Community Certificate,Apply through the appropriate revenue/local government service.
253,ମୃତ୍ୟୁ ପ୍ରମାଣପତ୍ର ପାଇବାର ପ୍ରକ୍ରିୟା କଣ?,Odia,Death Certificate,Death Certificate,Use the appropriate official death registration/local government service.
197,मृत्यू प्रमाणपत्र साठी कोणती कागदपत्रे आवश्यक आहेत?,Marathi,Death Certificate,Death Certificate,Use the appropriate official death registration/local government service.
774,"ನನಗೆ ವಿದ್ಯುತ್ ಬಿಲ್ ಬೇಕು, ಹೇಗೆ ಅರ್ಜಿ ಸಲ್ಲಿಸಬೇಕು?",Kannada,Electricity Bill,Electricity Bill,Use the relevant electricity distribution company or official payment service.
1415,सरकारी योजनाएं कैसे प्राप्त कर सकते हैं?,Hindi,Government Schemes,Government Schemes,Check official government portals for current schemes and eligibility.
1963,What is the process for getting a residence certificate?,English,Residence Certificate,Residence Certificate,Apply through the appropriate revenue/local government service.
2342,నీటి బిల్లు కోసం ఎక్కడి నుంచి ప్రారంభించాలి?,Telugu,Water Bill,Water Bill,Use the relevant water-supply authority or official payment service.
2250,ਸਰਕਾਰੀ ਯੋਜਨਾਵਾਂ ਬਾਰੇ ਮਦਦ ਚਾਹੀਦੀ ਹੈ।,Punjabi,Government Schemes,Government Schemes,Check official government portals for current schemes and eligibility.
1370,درخواست کی حیثیت کے لیے درخواست دینے کے لیے کیا کرنا ہوگا؟,Urdu,Application Status,Application Status,Use the relevant official service with your application/reference number.
2137,അപേക്ഷയുടെ നില ന് എവിടെ നിന്ന് തുടങ്ങണം?,Malayalam,Application Status,Application Status,Use the relevant official service with your application/reference number.
2951,سرکاری شکایت کے بارے میں مدد چاہیے۔,Urdu,Complaint Registration,Complaint Registration,Submit the complaint through the appropriate official government grievance service.
615,पाण्याचे बिल कसे मिळवता येईल?,Marathi,Water Bill,Water Bill,Use the relevant water-supply authority or official payment service.
1565,அரசு புகார் எப்படி பெறலாம்?,Tamil,Complaint Registration,Complaint Registration,Submit the complaint through the appropriate official government grievance service.
873,డ్రైవింగ్ లైసెన్స్ పొందే ప్రక్రియ ఏమిటి?,Telugu,Driving Licence,Driving Licence,Use the official transport department/licensing service.
1185,પાસપોર્ટ કેવી રીતે મેળવી શકાય?,Gujarati,Passport,Passport,Use the official passport service.
2966,ଆୟ ପ୍ରମାଣପତ୍ର ପାଇଁ ପଦକ୍ଷେପ କହନ୍ତୁ।,Odia,Income Certificate,Income Certificate,Apply through the appropriate revenue/local government service.
2726,ਸਰਕਾਰੀ ਯੋਜਨਾਵਾਂ ਲਈ ਕੀ ਚਾਹੀਦਾ ਹੈ?,Punjabi,Government Schemes,Government Schemes,Check official government portals for current schemes and eligibility.
1075,ਵੋਟਰ ਆਈਡੀ ਕਿਵੇਂ ਮਿਲ ਸਕਦਾ ਹੈ?,Punjabi,Voter ID,Voter ID,Use the official election/voter service.
2388,ಪಾಸ್‌ಪೋರ್ಟ್ ಬಗ್ಗೆ ಸಹಾಯ ಬೇಕು.,Kannada,Passport,Passport,Use the official passport service.
142,Where can I get a death certificate?,English,Death Certificate,Death Certificate,Use the appropriate official death registration/local government service.
2028,રહેઠાણ પ્રમાણપત્ર માટે વિનંતી કેવી રીતે કરવી?,Gujarati,Residence Certificate,Residence Certificate,Apply through the appropriate revenue/local government service.
1570,அரசு புகார்க்கு விண்ணப்பிக்க என்ன செய்ய வேண்டும்?,Tamil,Complaint Registration,Complaint Registration,Submit the complaint through the appropriate official government grievance service.
2544,ਸਰਕਾਰੀ ਯੋਜਨਾਵਾਂ ਲਈ ਕਦਮ ਦੱਸੋ।,Punjabi,Government Schemes,Government Schemes,Check official government portals for current schemes and eligibility.
2632,निवासप्रमाणपत्र कृते कुतः आरभेयं?,Sanskrit,Residence Certificate,Residence Certificate,Apply through the appropriate revenue/local government service.
1200,ಪಾಸ್‌ಪೋರ್ಟ್ಗೆ ಅರ್ಜಿ ಸಲ್ಲಿಸಲು ಏನು ಮಾಡಬೇಕು?,Kannada,Passport,Passport,Use the official passport service.
423,What is the process for getting a property tax?,English,Property Tax,Property Tax,Use the relevant municipal or local government property-tax service.
156,मृत्यु प्रमाण पत्र का आवेदन कहाँ जमा करें?,Hindi,Death Certificate,Death Certificate,Use the appropriate official death registration/local government service.
2103,சொத்து வரி பற்றி உதவி வேண்டும்.,Tamil,Property Tax,Property Tax,Use the relevant municipal or local government property-tax service.
955,ଡ୍ରାଇଭିଂ ଲାଇସେନ୍ସ କିପରି ପାଇବି?,Odia,Driving Licence,Driving Licence,Use the official transport department/licensing service.
1820,आयप्रमाणपत्राय आवेदनं कर्तुं किं करणीयम्?,Sanskrit,Income Certificate,Income Certificate,Apply through the appropriate revenue/local government service.
2698,ਸਰਕਾਰੀ ਯੋਜਨਾਵਾਂ ਲਈ ਕਿੱਥੋਂ ਸ਼ੁਰੂ ਕਰਾਂ?,Punjabi,Government Schemes,Government Schemes,Check official government portals for current schemes and eligibility.
196,मृत्यू प्रमाणपत्र चा अर्ज कुठे जमा करायचा?,Marathi,Death Certificate,Death Certificate,Use the appropriate official death registration/local government service.
2031,ನಿವಾಸ ಪ್ರಮಾಣಪತ್ರಗೆ ಹೇಗೆ ಅರ್ಜಿ ಸಲ್ಲಿಸುವುದು?,Kannada,Residence Certificate,Residence Certificate,Apply through the appropriate revenue/local government service.
2216,నీటి బిల్లు కోసం ఆన్‌లైన్‌లో దరఖాస్తు చేయవచ్చా?,Telugu,Water Bill,Water Bill,Use the relevant water-supply authority or official payment service.
2895,سرکاری شکایت کے مراحل بتائیں۔,Urdu,Complaint Registration,Complaint Registration,Submit the complaint through the appropriate official government grievance service.
2735,বিদ্যুৎ বিল সম্পর্কে সাহায্য চাই।,Bengali,Electricity Bill,Electricity Bill,Use the relevant electricity distribution company or official payment service.
1299,దరఖాస్తు స్థితి సేవ ఎక్కడ లభిస్తుంది?,Telugu,Application Status,Application Status,Use the relevant official service with your application/reference number.
2190,ड्रायव्हिंग लायसन्स साठीचे टप्पे सांगा.,Marathi,Driving Licence,Driving Licence,Use the official transport department/licensing service.
1962,Where can I get a residence certificate?,English,Residence Certificate,Residence Certificate,Apply through the appropriate revenue/local government service.
1691,आय प्रमाण पत्र के लिए कैसे आवेदन करें?,Hindi,Income Certificate,Income Certificate,Apply through the appropriate revenue/local government service.
2668,ಪಾಸ್‌ಪೋರ್ಟ್ ಬಗ್ಗೆ ಸಹಾಯ ಬೇಕು.,Kannada,Passport,Passport,Use the official passport service.
638,ನೀರಿನ ಬಿಲ್ಗಾಗಿ ಹೇಗೆ ವಿನಂತಿಸಬೇಕು?,Kannada,Water Bill,Water Bill,Use the relevant water-supply authority or official payment service.
1413,सरकारी योजनाएं प्राप्त करने की प्रक्रिया क्या है?,Hindi,Government Schemes,Government Schemes,Check official government portals for current schemes and eligibility.
2033,ನಿವಾಸ ಪ್ರಮಾಣಪತ್ರ ಪಡೆಯುವ ಪ್ರಕ್ರಿಯೆ ಏನು?,Kannada,Residence Certificate,Residence Certificate,Apply through the appropriate revenue/local government service.
740,విద్యుత్ బిల్లు కోసం దరఖాస్తు చేయాలంటే ఏమి చేయాలి?,Telugu,Electricity Bill,Electricity Bill,Use the relevant electricity distribution company or official payment service.
1368,درخواست کی حیثیت کے لیے درخواست کیسے کریں؟,Urdu,Application Status,Application Status,Use the relevant official service with your application/reference number.
982,Where can I get a voter ID?,English,Voter ID,Voter ID,Use the official election/voter service.
2931,বিদ্যুৎ বিল এর জন্য কী দরকার?,Bengali,Electricity Bill,Electricity Bill,Use the relevant electricity distribution company or official payment service.
2973,বিদ্যুৎ বিল এর জন্য কোথা থেকে শুরু করব?,Bengali,Electricity Bill,Electricity Bill,Use the relevant electricity distribution company or official payment service.
28,பிறப்பை பதிவு செய்து சான்றிதழை எப்படி பெறுவது?,Tamil,Birth Certificate,Birth Certificate,Use the appropriate official birth registration/local government service.
1804,"মোক উপাৰ্জনৰ প্ৰমাণপত্ৰ লাগে, কেনেকৈ আবেদন কৰিম?",Assamese,Income Certificate,Income Certificate,Apply through the appropriate revenue/local government service.
1679,सर्वकारीयशिकायत्सेवा कुत्र लभ्यते?,Sanskrit,Complaint Registration,Complaint Registration,Submit the complaint through the appropriate official government grievance service.
1695,आय प्रमाण पत्र कैसे प्राप्त कर सकते हैं?,Hindi,Income Certificate,Income Certificate,Apply through the appropriate revenue/local government service.
1404,"I need a government schemes, how can I apply?",English,Government Schemes,Government Schemes,Check official government portals for current schemes and eligibility.
2121,મતદાર ઓળખ કાર્ડ માટેના પગલાં જણાવો.,Gujarati,Voter ID,Voter ID,Use the official election/voter service.
886,ড্রাইভিং লাইসেন্স-এর আবেদন কোথায় জমা দেব?,Bengali,Driving Licence,Driving Licence,Use the official transport department/licensing service.
18,जन्म का पंजीकरण करके प्रमाण पत्र कैसे लें?,Hindi,Birth Certificate,Birth Certificate,Use the appropriate official birth registration/local government service.
2248,ಪಾಸ್‌ಪೋರ್ಟ್ ಬಗ್ಗೆ ಸಹಾಯ ಬೇಕು.,Kannada,Passport,Passport,Use the official passport service.
2756,ଆୟ ପ୍ରମାଣପତ୍ର ପାଇଁ ପଦକ୍ଷେପ କହନ୍ତୁ।,Odia,Income Certificate,Income Certificate,Apply through the appropriate revenue/local government service.
577,पानी का बिल के लिए कौन से दस्तावेज चाहिए?,Hindi,Water Bill,Water Bill,Use the relevant water-supply authority or official payment service.
502,വസ്തു നികുതി എവിടെ ലഭിക്കും?,Malayalam,Property Tax,Property Tax,Use the relevant municipal or local government property-tax service.
546,সম্পত্তি কৰৰ আবেদন ক'ত জমা দিম?,Assamese,Property Tax,Property Tax,Use the relevant municipal or local government property-tax service.
674,"ମୋତେ ପାଣି ବିଲ୍ ଦରକାର, କିପରି ଆବେଦନ କରିବି?",Odia,Water Bill,Water Bill,Use the relevant water-supply authority or official payment service.
1857,సమాజ ధృవీకరణ పత్రం కోసం ఏ పత్రాలు అవసరం?,Telugu,Community Certificate,Community Certificate,Apply through the appropriate revenue/local government service.
2501,അപേക്ഷയുടെ നില ന് ഓൺലൈനായി അപേക്ഷിക്കാമോ?,Malayalam,Application Status,Application Status,Use the relevant official service with your application/reference number.
608,জলের বিল-এর জন্য কীভাবে অনুরোধ করব?,Bengali,Water Bill,Water Bill,Use the relevant water-supply authority or official payment service.
1121,How do I apply for a passport?,English,Passport,Passport,Use the official passport service.
2232,ड्रायव्हिंग लायसन्स साठी काय आवश्यक आहे?,Marathi,Driving Licence,Driving Licence,Use the official transport department/licensing service.
1254,"मम पारपत्र आवश्यकम्, कथम् आवेदनं करिष्यामि?",Sanskrit,Passport,Passport,Use the official passport service.
2278,ਸਰਕਾਰੀ ਯੋਜਨਾਵਾਂ ਲਈ ਕਿੱਥੋਂ ਸ਼ੁਰੂ ਕਰਾਂ?,Punjabi,Government Schemes,Government Schemes,Check official government portals for current schemes and eligibility.
757,वीज बिल साठी कोणती कागदपत्रे आवश्यक आहेत?,Marathi,Electricity Bill,Electricity Bill,Use the relevant electricity distribution company or official payment service.
628,પાણીનું બિલ માટે વિનંતી કેવી રીતે કરવી?,Gujarati,Water Bill,Water Bill,Use the relevant water-supply authority or official payment service.
741,বিদ্যুৎ বিল-এর জন্য কীভাবে আবেদন করব?,Bengali,Electricity Bill,Electricity Bill,Use the relevant electricity distribution company or official payment service.
144,"I need a death certificate, how can I apply?",English,Death Certificate,Death Certificate,Use the appropriate official death registration/local government service.
1617,ಸರ್ಕಾರಿ ದೂರುಗೆ ಯಾವ ದಾಖಲೆಗಳು ಬೇಕು?,Kannada,Complaint Registration,Complaint Registration,Submit the complaint through the appropriate official government grievance service.
1305,আবেদনের অবস্থা কীভাবে পাওয়া যায়?,Bengali,Application Status,Application Status,Use the relevant official service with your application/reference number.
153,मृत्यु प्रमाण पत्र प्राप्त करने की प्रक्रिया क्या है?,Hindi,Death Certificate,Death Certificate,Use the appropriate official death registration/local government service.
1541,How do I apply for a government complaint?,English,Complaint Registration,Complaint Registration,Submit the complaint through the appropriate official government grievance service.
835,विद्युत्शुल्क कथं प्राप्तुं शक्यते?,Sanskrit,Electricity Bill,Electricity Bill,Use the relevant electricity distribution company or official payment service.
2727,سرکاری شکایت کے لیے کیا چاہیے؟,Urdu,Complaint Registration,Complaint Registration,Submit the complaint through the appropriate official government grievance service.
342,રેશન કાર્ડ ક્યાં મળશે?,Gujarati,Ration Card,Ration Card,Use the relevant food and civil supplies department or official service.
959,ଡ୍ରାଇଭିଂ ଲାଇସେନ୍ସ ସେବା କେଉଁଠାରେ ମିଳିବ?,Odia,Driving Licence,Driving Licence,Use the official transport department/licensing service.
2586,ਸਰਕਾਰੀ ਯੋਜਨਾਵਾਂ ਲਈ ਕੀ ਚਾਹੀਦਾ ਹੈ?,Punjabi,Government Schemes,Government Schemes,Check official government portals for current schemes and eligibility.
1879,समुदाय प्रमाणपत्र ची सेवा कुठे मिळेल?,Marathi,Community Certificate,Community Certificate,Apply through the appropriate revenue/local government service.
1340,ಅರ್ಜಿಯ ಸ್ಥಿತಿಗೆ ಅರ್ಜಿ ಸಲ್ಲಿಸಲು ಏನು ಮಾಡಬೇಕು?,Kannada,Application Status,Application Status,Use the relevant official service with your application/reference number.
1692,आय प्रमाण पत्र कहाँ मिलेगा?,Hindi,Income Certificate,Income Certificate,Apply through the appropriate revenue/local government service.
1775,ਆਮਦਨ ਸਰਟੀਫਿਕੇਟ ਕਿਵੇਂ ਮਿਲ ਸਕਦਾ ਹੈ?,Punjabi,Income Certificate,Income Certificate,Apply through the appropriate revenue/local government service.
2487,അപേക്ഷയുടെ നില ന് എവിടെ നിന്ന് തുടങ്ങണം?,Malayalam,Application Status,Application Status,Use the relevant official service with your application/reference number.
1115,मतदातृपरिचयपत्र कथं प्राप्तुं शक्यते?,Sanskrit,Voter ID,Voter ID,Use the official election/voter service.
2947,મતદાર ઓળખ કાર્ડ વિશે મદદ જોઈએ.,Gujarati,Voter ID,Voter ID,Use the official election/voter service.
2075,ବାସସ୍ଥାନ ପ୍ରମାଣପତ୍ର କିପରି ପାଇବି?,Odia,Residence Certificate,Residence Certificate,Apply through the appropriate revenue/local government service.
703,What is the process for getting a electricity bill?,English,Electricity Bill,Electricity Bill,Use the relevant electricity distribution company or official payment service.
2881,سرکاری شکایت کے بارے میں مدد چاہیے۔,Urdu,Complaint Registration,Complaint Registration,Submit the complaint through the appropriate official government grievance service.
2464,निवासप्रमाणपत्र विषये साहाय्यम् आवश्यकम्।,Sanskrit,Residence Certificate,Residence Certificate,Apply through the appropriate revenue/local government service.
1037,मतदार ओळखपत्र साठी कोणती कागदपत्रे आवश्यक आहेत?,Marathi,Voter ID,Voter ID,Use the official election/voter service.
2736,ड्रायव्हिंग लायसन्स बद्दल मदत हवी आहे.,Marathi,Driving Licence,Driving Licence,Use the official transport department/licensing service.
749,বিদ্যুৎ বিল-এর পরিষেবা কোথায় পাব?,Bengali,Electricity Bill,Electricity Bill,Use the relevant electricity distribution company or official payment service.
857,ड्राइविंग लाइसेंस के लिए कौन से दस्तावेज चाहिए?,Hindi,Driving Licence,Driving Licence,Use the official transport department/licensing service.
122,জন্ম প্ৰমাণপত্ৰ ক'ত পাম?,Assamese,Birth Certificate,Birth Certificate,Use the appropriate official birth registration/local government service.
2876,ड्रायव्हिंग लायसन्स बद्दल मदत हवी आहे.,Marathi,Driving Licence,Driving Licence,Use the official transport department/licensing service.
1443,সরকারি প্রকল্প পাওয়ার প্রক্রিয়া কী?,Bengali,Government Schemes,Government Schemes,Check official government portals for current schemes and eligibility.
2172,राशन कार्ड के लिए मदद चाहिए।,Hindi,Ration Card,Ration Card,Use the relevant food and civil supplies department or official service.
2546,ଆୟ ପ୍ରମାଣପତ୍ର ପାଇଁ ପଦକ୍ଷେପ କହନ୍ତୁ।,Odia,Income Certificate,Income Certificate,Apply through the appropriate revenue/local government service.
462,সম্পত্তি কর কোথায় পাওয়া যাবে?,Bengali,Property Tax,Property Tax,Use the relevant municipal or local government property-tax service.
1243,পাছপ'ৰ্ট পোৱাৰ প্ৰক্ৰিয়া কি?,Assamese,Passport,Passport,Use the official passport service.
396,ରାସନ କାର୍ଡ ଆବେଦନ କେଉଁଠାରେ ଦେବି?,Odia,Ration Card,Ration Card,Use the relevant food and civil supplies department or official service.
1606,સરકારી ફરિયાદની અરજી ક્યાં જમા કરવી?,Gujarati,Complaint Registration,Complaint Registration,Submit the complaint through the appropriate official government grievance service.
2523,சொத்து வரி பற்றி உதவி வேண்டும்.,Tamil,Property Tax,Property Tax,Use the relevant municipal or local government property-tax service.
2399,বিদ্যুৎ বিল করার ধাপগুলি বলুন।,Bengali,Electricity Bill,Electricity Bill,Use the relevant electricity distribution company or official payment service.
1461,સરકારી યોજનાઓ માટે કેવી રીતે અરજી કરવી?,Gujarati,Government Schemes,Government Schemes,Check official government portals for current schemes and eligibility.
1699,आय प्रमाण पत्र की सेवा कहाँ मिलेगी?,Hindi,Income Certificate,Income Certificate,Apply through the appropriate revenue/local government service.
2151,അപേക്ഷയുടെ നില ന് ഓൺലൈനായി അപേക്ഷിക്കാമോ?,Malayalam,Application Status,Application Status,Use the relevant official service with your application/reference number.
1161,পাসপোর্ট-এর জন্য কীভাবে আবেদন করব?,Bengali,Passport,Passport,Use the official passport service.
2280,ଆୟ ପ୍ରମାଣପତ୍ର ପାଇଁ କେଉଁଠାରୁ ଆରମ୍ଭ କରିବି?,Odia,Income Certificate,Income Certificate,Apply through the appropriate revenue/local government service.
411,राशनपत्रिकााय कथम् आवेदनं करणीयम्?,Sanskrit,Ration Card,Ration Card,Use the relevant food and civil supplies department or official service.
805,بجلی کا بل کیسے حاصل کیا جا سکتا ہے؟,Urdu,Electricity Bill,Electricity Bill,Use the relevant electricity distribution company or official payment service.
705,Can you tell me how to obtain a electricity bill?,English,Electricity Bill,Electricity Bill,Use the relevant electricity distribution company or official payment service.
1060,ಮತದಾರರ ಗುರುತಿನ ಚೀಟಿಗೆ ಅರ್ಜಿ ಸಲ್ಲಿಸಲು ಏನು ಮಾಡಬೇಕು?,Kannada,Voter ID,Voter ID,Use the official election/voter service.
2462,ଆୟ ପ୍ରମାଣପତ୍ର ବିଷୟରେ ସାହାଯ୍ୟ ଦରକାର।,Odia,Income Certificate,Income Certificate,Apply through the appropriate revenue/local government service.
1774,"ਮੈਨੂੰ ਆਮਦਨ ਸਰਟੀਫਿਕੇਟ ਚਾਹੀਦਾ ਹੈ, ਅਰਜ਼ੀ ਕਿਵੇਂ ਦੇਵਾਂ?",Punjabi,Income Certificate,Income Certificate,Apply through the appropriate revenue/local government service.
1524,"মোক চৰকাৰী আঁচনি লাগে, কেনেকৈ আবেদন কৰিম?",Assamese,Government Schemes,Government Schemes,Check official government portals for current schemes and eligibility.
1122,Where can I get a passport?,English,Passport,Passport,Use the official passport service.
2357,বিদ্যুৎ বিল এর জন্য অনলাইনে আবেদন করা যায় কি?,Bengali,Electricity Bill,Electricity Bill,Use the relevant electricity distribution company or official payment service.
2701,সম্প্ৰদায়ৰ প্ৰমাণপত্ৰৰ বাবে ক'ৰ পৰা আৰম্ভ কৰিম?,Assamese,Community Certificate,Community Certificate,Apply through the appropriate revenue/local government service.
550,সম্পত্তি কৰৰ বাবে আবেদন কৰিবলৈ কি কৰিব লাগিব?,Assamese,Property Tax,Property Tax,Use the relevant municipal or local government property-tax service.
1007,வாக்காளர் அடையாள அட்டைக்கு என்ன ஆவணங்கள் தேவை?,Tamil,Voter ID,Voter ID,Use the official election/voter service.
2053,ਰਿਹਾਇਸ਼ ਸਰਟੀਫਿਕੇਟ ਲੈਣ ਦੀ ਪ੍ਰਕਿਰਿਆ ਕੀ ਹੈ?,Punjabi,Residence Certificate,Residence Certificate,Apply through the appropriate revenue/local government service.
689,পানীৰ বিলৰ সেৱা ক'ত পাম?,Assamese,Water Bill,Water Bill,Use the relevant water-supply authority or official payment service.
1779,ਆਮਦਨ ਸਰਟੀਫਿਕੇਟ ਦੀ ਸੇਵਾ ਕਿੱਥੇ ਮਿਲੇਗੀ?,Punjabi,Income Certificate,Income Certificate,Apply through the appropriate revenue/local government service.
2101,Need help with death certificate.,English,Death Certificate,Death Certificate,Use the appropriate official death registration/local government service.
507,വസ്തു നികുതി ന് എന്തെല്ലാം രേഖകൾ വേണം?,Malayalam,Property Tax,Property Tax,Use the relevant municipal or local government property-tax service.
1988,குடியிருப்பு சான்றிதழ்க்கு எப்படி கோரிக்கை விடுப்பது?,Tamil,Residence Certificate,Residence Certificate,Apply through the appropriate revenue/local government service.
2884,निवासप्रमाणपत्र विषये साहाय्यम् आवश्यकम्।,Sanskrit,Residence Certificate,Residence Certificate,Apply through the appropriate revenue/local government service.
50,জন্ম শংসাপত্রের পরিষেবা কোথায় পাব?,Bengali,Birth Certificate,Birth Certificate,Use the appropriate official birth registration/local government service.
3000,నీటి బిల్లు కోసం ఏమి కావాలి?,Telugu,Water Bill,Water Bill,Use the relevant water-supply authority or official payment service.
598,నీటి బిల్లు కోసం ఎలా అభ్యర్థించాలి?,Telugu,Water Bill,Water Bill,Use the relevant water-supply authority or official payment service.
221,മരണ സർട്ടിഫിക്കറ്റ് ന് എങ്ങനെ അപേക്ഷിക്കാം?,Malayalam,Death Certificate,Death Certificate,Use the appropriate official death registration/local government service.
2163,મતદાર ઓળખ કાર્ડ માટે શું જરૂરી છે?,Gujarati,Voter ID,Voter ID,Use the official election/voter service.
2319,അപേക്ഷയുടെ നില സംബന്ധിച്ച് സഹായം വേണം.,Malayalam,Application Status,Application Status,Use the relevant official service with your application/reference number.
2529,അപേക്ഷയുടെ നില സംബന്ധിച്ച് സഹായം വേണം.,Malayalam,Application Status,Application Status,Use the relevant official service with your application/reference number.
403,ৰেচন কাৰ্ড পোৱাৰ প্ৰক্ৰিয়া কি?,Assamese,Ration Card,Ration Card,Use the relevant food and civil supplies department or official service.
2387,મતદાર ઓળખ કાર્ડ વિશે મદદ જોઈએ.,Gujarati,Voter ID,Voter ID,Use the official election/voter service.
24,"எனக்கு பிறப்பு சான்றிதழ் வேண்டும், எப்படி விண்ணப்பிப்பது?",Tamil,Birth Certificate,Birth Certificate,Use the appropriate official birth registration/local government service.
1323,અરજીની સ્થિતિ મેળવવાની પ્રક્રિયા શું છે?,Gujarati,Application Status,Application Status,Use the relevant official service with your application/reference number.
2001,বাসস্থান শংসাপত্র-এর জন্য কীভাবে আবেদন করব?,Bengali,Residence Certificate,Residence Certificate,Apply through the appropriate revenue/local government service.
2468,నీటి బిల్లు కోసం దశలు చెప్పండి.,Telugu,Water Bill,Water Bill,Use the relevant water-supply authority or official payment service.
1607,સરકારી ફરિયાદ માટે કયા દસ્તાવેજો જોઈએ?,Gujarati,Complaint Registration,Complaint Registration,Submit the complaint through the appropriate official government grievance service.
2077,ବାସସ୍ଥାନ ପ୍ରମାଣପତ୍ର ପାଇଁ କେଉଁ ଦଲିଲ ଦରକାର?,Odia,Residence Certificate,Residence Certificate,Apply through the appropriate revenue/local government service.
2914,क्या राशन कार्ड के लिए ऑनलाइन आवेदन कर सकते हैं?,Hindi,Ration Card,Ration Card,Use the relevant food and civil supplies department or official service.
1630,സർക്കാർ പരാതി ന് അപേക്ഷിക്കാൻ എന്ത് ചെയ്യണം?,Malayalam,Complaint Registration,Complaint Registration,Submit the complaint through the appropriate official government grievance service.
1747,આવક પ્રમાણપત્ર માટે કયા દસ્તાવેજો જોઈએ?,Gujarati,Income Certificate,Income Certificate,Apply through the appropriate revenue/local government service.
991,वोटर आईडी के लिए कैसे आवेदन करें?,Hindi,Voter ID,Voter ID,Use the official election/voter service.
1092,ଭୋଟର ଆଇଡି କେଉଁଠାରେ ମିଳିବ?,Odia,Voter ID,Voter ID,Use the official election/voter service.
592,నీటి బిల్లు ఎక్కడ లభిస్తుంది?,Telugu,Water Bill,Water Bill,Use the relevant water-supply authority or official payment service.
2568,ड्रायव्हिंग लायसन्स साठी ऑनलाइन अर्ज करता येतो का?,Marathi,Driving Licence,Driving Licence,Use the official transport department/licensing service.
2046,താമസ സർട്ടിഫിക്കറ്റ് അപേക്ഷ എവിടെ സമർപ്പിക്കണം?,Malayalam,Residence Certificate,Residence Certificate,Apply through the appropriate revenue/local government service.
2508,राशन कार्ड के लिए क्या चाहिए?,Hindi,Ration Card,Ration Card,Use the relevant food and civil supplies department or official service.
2467,சொத்து வரி செய்வதற்கான படிகள் என்ன?,Tamil,Property Tax,Property Tax,Use the relevant municipal or local government property-tax service.
2052,ਰਿਹਾਇਸ਼ ਸਰਟੀਫਿਕੇਟ ਕਿੱਥੇ ਮਿਲੇਗਾ?,Punjabi,Residence Certificate,Residence Certificate,Apply through the appropriate revenue/local government service.
1213,ਪਾਸਪੋਰਟ ਲੈਣ ਦੀ ਪ੍ਰਕਿਰਿਆ ਕੀ ਹੈ?,Punjabi,Passport,Passport,Use the official passport service.
1190,પાસપોર્ટ માટે અરજી કરવા શું કરવું?,Gujarati,Passport,Passport,Use the official passport service.
2289,મતદાર ઓળખ કાર્ડ માટે ઓનલાઈન અરજી કરી શકાય છે?,Gujarati,Voter ID,Voter ID,Use the official election/voter service.
100,ਜਨਮ ਸਰਟੀਫਿਕੇਟ ਦੀ ਸੇਵਾ ਕਿੱਥੇ ਮਿਲੇਗੀ?,Punjabi,Birth Certificate,Birth Certificate,Use the appropriate official birth registration/local government service.
145,Can you tell me how to obtain a death certificate?,English,Death Certificate,Death Certificate,Use the appropriate official death registration/local government service.
1737,उत्पन्न प्रमाणपत्र साठी कोणती कागदपत्रे आवश्यक आहेत?,Marathi,Income Certificate,Income Certificate,Apply through the appropriate revenue/local government service.
862,ஓட்டுநர் உரிமம் எங்கே கிடைக்கும்?,Tamil,Driving Licence,Driving Licence,Use the official transport department/licensing service.
1934,"ମୋତେ ସମ୍ପ୍ରଦାୟ ପ୍ରମାଣପତ୍ର ଦରକାର, କିପରି ଆବେଦନ କରିବି?",Odia,Community Certificate,Community Certificate,Apply through the appropriate revenue/local government service.
1447,সরকারি প্রকল্প-এর জন্য কী কী নথি লাগবে?,Bengali,Government Schemes,Government Schemes,Check official government portals for current schemes and eligibility.
2475,سرکاری شکایت کے مراحل بتائیں۔,Urdu,Complaint Registration,Complaint Registration,Submit the complaint through the appropriate official government grievance service.
248,وفات کا سرٹیفکیٹ کے لیے درخواست کیسے کریں؟,Urdu,Death Certificate,Death Certificate,Use the appropriate official death registration/local government service.
2533,সম্প্ৰদায়ৰ প্ৰমাণপত্ৰৰ বিষয়ে সহায় লাগে।,Assamese,Community Certificate,Community Certificate,Apply through the appropriate revenue/local government service.
2980,ଆୟ ପ୍ରମାଣପତ୍ର ପାଇଁ କେଉଁଠାରୁ ଆରମ୍ଭ କରିବି?,Odia,Income Certificate,Income Certificate,Apply through the appropriate revenue/local government service.
2555,મતદાર ઓળખ કાર્ડ માટે ક્યાંથી શરૂઆત કરું?,Gujarati,Voter ID,Voter ID,Use the official election/voter service.
528,پراپرٹی ٹیکس کے لیے درخواست کیسے کریں؟,Urdu,Property Tax,Property Tax,Use the relevant municipal or local government property-tax service.
965,ড্ৰাইভিং লাইচেঞ্চ কেনেকৈ পাব পাৰি?,Assamese,Driving Licence,Driving Licence,Use the official transport department/licensing service.
2147,বিদ্যুৎ বিল এর জন্য অনলাইনে আবেদন করা যায় কি?,Bengali,Electricity Bill,Electricity Bill,Use the relevant electricity distribution company or official payment service.
1058,ಮತದಾರರ ಗುರುತಿನ ಚೀಟಿಗಾಗಿ ಹೇಗೆ ವಿನಂತಿಸಬೇಕು?,Kannada,Voter ID,Voter ID,Use the official election/voter service.
2493,Can I apply for death certificate online?,English,Death Certificate,Death Certificate,Use the appropriate official death registration/local government service.
2724,ಪಾಸ್‌ಪೋರ್ಟ್ಗೆ ಏನು ಬೇಕು?,Kannada,Passport,Passport,Use the official passport service.
2932,ड्रायव्हिंग लायसन्स साठी काय आवश्यक आहे?,Marathi,Driving Licence,Driving Licence,Use the official transport department/licensing service.
1835,समुदाय प्रमाण पत्र कैसे प्राप्त कर सकते हैं?,Hindi,Community Certificate,Community Certificate,Apply through the appropriate revenue/local government service.
321,রেশন কার্ড-এর জন্য কীভাবে আবেদন করব?,Bengali,Ration Card,Ration Card,Use the relevant food and civil supplies department or official service.
1749,આવક પ્રમાણપત્રની સેવા ક્યાં મળશે?,Gujarati,Income Certificate,Income Certificate,Apply through the appropriate revenue/local government service.
2178,ಪಾಸ್‌ಪೋರ್ಟ್ ಬಗ್ಗೆ ಸಹಾಯ ಬೇಕು.,Kannada,Passport,Passport,Use the official passport service.
2432,ਕੀ ਸਰਕਾਰੀ ਯੋਜਨਾਵਾਂ ਲਈ ਆਨਲਾਈਨ ਅਰਜ਼ੀ ਦੇ ਸਕਦੇ ਹਾਂ?,Punjabi,Government Schemes,Government Schemes,Check official government portals for current schemes and eligibility.
2600,ਸਰਕਾਰੀ ਯੋਜਨਾਵਾਂ ਬਾਰੇ ਮਦਦ ਚਾਹੀਦੀ ਹੈ।,Punjabi,Government Schemes,Government Schemes,Check official government portals for current schemes and eligibility.
1980,"मुझे निवास प्रमाण पत्र के लिए आवेदन करना है, क्या करना होगा?",Hindi,Residence Certificate,Residence Certificate,Apply through the appropriate revenue/local government service.
1103,ভোটাৰ আইডি পোৱাৰ প্ৰক্ৰিয়া কি?,Assamese,Voter ID,Voter ID,Use the official election/voter service.
426,Where should I submit a property tax application?,English,Property Tax,Property Tax,Use the relevant municipal or local government property-tax service.
451,ఆస్తి పన్ను కోసం ఎలా దరఖాస్తు చేయాలి?,Telugu,Property Tax,Property Tax,Use the relevant municipal or local government property-tax service.
907,ડ્રાઇવિંગ લાઇસન્સ માટે કયા દસ્તાવેજો જોઈએ?,Gujarati,Driving Licence,Driving Licence,Use the official transport department/licensing service.
62,જન્મ પ્રમાણપત્ર ક્યાં મળશે?,Gujarati,Birth Certificate,Birth Certificate,Use the appropriate official birth registration/local government service.
706,Where should I submit a electricity bill application?,English,Electricity Bill,Electricity Bill,Use the relevant electricity distribution company or official payment service.
1051,ಮತದಾರರ ಗುರುತಿನ ಚೀಟಿಗೆ ಹೇಗೆ ಅರ್ಜಿ ಸಲ್ಲಿಸುವುದು?,Kannada,Voter ID,Voter ID,Use the official election/voter service.
2055,ਰਿਹਾਇਸ਼ ਸਰਟੀਫਿਕੇਟ ਕਿਵੇਂ ਮਿਲ ਸਕਦਾ ਹੈ?,Punjabi,Residence Certificate,Residence Certificate,Apply through the appropriate revenue/local government service.
2887,சொத்து வரி செய்வதற்கான படிகள் என்ன?,Tamil,Property Tax,Property Tax,Use the relevant municipal or local government property-tax service.
1690,"I want to apply for a income certificate, what should I do?",English,Income Certificate,Income Certificate,Apply through the appropriate revenue/local government service.
702,Where can I get a electricity bill?,English,Electricity Bill,Electricity Bill,Use the relevant electricity distribution company or official payment service.
1508,سرکاری اسکیمیں کے لیے درخواست کیسے کریں؟,Urdu,Government Schemes,Government Schemes,Check official government portals for current schemes and eligibility.
2389,അപേക്ഷയുടെ നില സംബന്ധിച്ച് സഹായം വേണം.,Malayalam,Application Status,Application Status,Use the relevant official service with your application/reference number.
1311,अर्जाची स्थिती साठी अर्ज कसा करावा?,Marathi,Application Status,Application Status,Use the relevant official service with your application/reference number.
864,"எனக்கு ஓட்டுநர் உரிமம் வேண்டும், எப்படி விண்ணப்பிப்பது?",Tamil,Driving Licence,Driving Licence,Use the official transport department/licensing service.
1627,സർക്കാർ പരാതി ന് എന്തെല്ലാം രേഖകൾ വേണം?,Malayalam,Complaint Registration,Complaint Registration,Submit the complaint through the appropriate official government grievance service.
1158,పాస్‌పోర్ట్ కోసం ఎలా అభ్యర్థించాలి?,Telugu,Passport,Passport,Use the official passport service.
643,വെള്ളത്തിന്റെ ബിൽ നേടുന്നതിനുള്ള നടപടിക്രമം എന്താണ്?,Malayalam,Water Bill,Water Bill,Use the relevant water-supply authority or official payment service.
2126,ଆୟ ପ୍ରମାଣପତ୍ର ପାଇଁ ପଦକ୍ଷେପ କହନ୍ତୁ।,Odia,Income Certificate,Income Certificate,Apply through the appropriate revenue/local government service.
1763,വരുമാന സർട്ടിഫിക്കറ്റ് നേടുന്നതിനുള്ള നടപടിക്രമം എന്താണ്?,Malayalam,Income Certificate,Income Certificate,Apply through the appropriate revenue/local government service.
1002,வாக்காளர் அடையாள அட்டை எங்கே கிடைக்கும்?,Tamil,Voter ID,Voter ID,Use the official election/voter service.
2166,ਸਰਕਾਰੀ ਯੋਜਨਾਵਾਂ ਲਈ ਕੀ ਚਾਹੀਦਾ ਹੈ?,Punjabi,Government Schemes,Government Schemes,Check official government portals for current schemes and eligibility.
427,What documents are needed for a property tax?,English,Property Tax,Property Tax,Use the relevant municipal or local government property-tax service.
1049,મતદાર ઓળખ કાર્ડની સેવા ક્યાં મળશે?,Gujarati,Voter ID,Voter ID,Use the official election/voter service.
2039,ನಿವಾಸ ಪ್ರಮಾಣಪತ್ರ ಸೇವೆ ಎಲ್ಲಿ ಸಿಗುತ್ತದೆ?,Kannada,Residence Certificate,Residence Certificate,Apply through the appropriate revenue/local government service.
216,ಮರಣ ಪ್ರಮಾಣಪತ್ರ ಅರ್ಜಿಯನ್ನು ಎಲ್ಲಿ ಸಲ್ಲಿಸಬೇಕು?,Kannada,Death Certificate,Death Certificate,Use the appropriate official death registration/local government service.
2924,ଆୟ ପ୍ରମାଣପତ୍ର ପାଇଁ ଅନଲାଇନରେ ଆବେଦନ କରିପାରିବି କି?,Odia,Income Certificate,Income Certificate,Apply through the appropriate revenue/local government service.
2893,അപേക്ഷയുടെ നില ചെയ്യുന്നതിനുള്ള ഘട്ടങ്ങൾ പറയൂ.,Malayalam,Application Status,Application Status,Use the relevant official service with your application/reference number.
1117,मतदातृपरिचयपत्राय कानि दस्तावेजानि आवश्यकानि?,Sanskrit,Voter ID,Voter ID,Use the official election/voter service.
790,വൈദ്യുതി ബിൽ ന് അപേക്ഷിക്കാൻ എന്ത് ചെയ്യണം?,Malayalam,Electricity Bill,Electricity Bill,Use the relevant electricity distribution company or official payment service.
2035,ನಿವಾಸ ಪ್ರಮಾಣಪತ್ರ ಅನ್ನು ಹೇಗೆ ಪಡೆಯಬಹುದು?,Kannada,Residence Certificate,Residence Certificate,Apply through the appropriate revenue/local government service.
47,জন্ম শংসাপত্রের জন্য কী কী নথি লাগবে?,Bengali,Birth Certificate,Birth Certificate,Use the appropriate official birth registration/local government service.
2809,അപേക്ഷയുടെ നില സംബന്ധിച്ച് സഹായം വേണം.,Malayalam,Application Status,Application Status,Use the relevant official service with your application/reference number.
2771,সম্প্ৰদায়ৰ প্ৰমাণপত্ৰৰ বাবে ক'ৰ পৰা আৰম্ভ কৰিম?,Assamese,Community Certificate,Community Certificate,Apply through the appropriate revenue/local government service.
1365,درخواست کی حیثیت کیسے حاصل کیا جا سکتا ہے؟,Urdu,Application Status,Application Status,Use the relevant official service with your application/reference number.
1177,पासपोर्ट साठी कोणती कागदपत्रे आवश्यक आहेत?,Marathi,Passport,Passport,Use the official passport service.
346,રેશન કાર્ડની અરજી ક્યાં જમા કરવી?,Gujarati,Ration Card,Ration Card,Use the relevant food and civil supplies department or official service.
1982,குடியிருப்பு சான்றிதழ் எங்கே கிடைக்கும்?,Tamil,Residence Certificate,Residence Certificate,Apply through the appropriate revenue/local government service.
738,విద్యుత్ బిల్లు కోసం ఎలా అభ్యర్థించాలి?,Telugu,Electricity Bill,Electricity Bill,Use the relevant electricity distribution company or official payment service.
1499,ਸਰਕਾਰੀ ਯੋਜਨਾਵਾਂ ਦੀ ਸੇਵਾ ਕਿੱਥੇ ਮਿਲੇਗੀ?,Punjabi,Government Schemes,Government Schemes,Check official government portals for current schemes and eligibility.
2801,Need help with death certificate.,English,Death Certificate,Death Certificate,Use the appropriate official death registration/local government service.
2977,അപേക്ഷയുടെ നില ന് എവിടെ നിന്ന് തുടങ്ങണം?,Malayalam,Application Status,Application Status,Use the relevant official service with your application/reference number.
1546,Where should I submit a government complaint application?,English,Complaint Registration,Complaint Registration,Submit the complaint through the appropriate official government grievance service.
595,నీటి బిల్లు ఎలా పొందాలి?,Telugu,Water Bill,Water Bill,Use the relevant water-supply authority or official payment service.
2577,What is required for death certificate?,English,Death Certificate,Death Certificate,Use the appropriate official death registration/local government service.
1720,ఆదాయ ధృవీకరణ పత్రం కోసం దరఖాస్తు చేయాలంటే ఏమి చేయాలి?,Telugu,Income Certificate,Income Certificate,Apply through the appropriate revenue/local government service.
657,ਪਾਣੀ ਦਾ ਬਿੱਲ ਲਈ ਕਿਹੜੇ ਦਸਤਾਵੇਜ਼ ਚਾਹੀਦੇ ਹਨ?,Punjabi,Water Bill,Water Bill,Use the relevant water-supply authority or official payment service.
847,What documents are needed for a driving licence?,English,Driving Licence,Driving Licence,Use the official transport department/licensing service.
96,ਜਨਮ ਸਰਟੀਫਿਕੇਟ ਦੀ ਅਰਜ਼ੀ ਕਿੱਥੇ ਜਮ੍ਹਾਂ ਕਰਵਾਉਣੀ ਹੈ?,Punjabi,Birth Certificate,Birth Certificate,Use the appropriate official birth registration/local government service.
1033,मतदार ओळखपत्र मिळवण्याची प्रक्रिया काय आहे?,Marathi,Voter ID,Voter ID,Use the official election/voter service.
1576,ప్రభుత్వ ఫిర్యాదు దరఖాస్తును ఎక్కడ సమర్పించాలి?,Telugu,Complaint Registration,Complaint Registration,Submit the complaint through the appropriate official government grievance service.
311,రేషన్ కార్డు కోసం ఎలా దరఖాస్తు చేయాలి?,Telugu,Ration Card,Ration Card,Use the relevant food and civil supplies department or official service.
1778,ਆਮਦਨ ਸਰਟੀਫਿਕੇਟ ਲਈ ਬੇਨਤੀ ਕਿਵੇਂ ਕਰਨੀ ਹੈ?,Punjabi,Income Certificate,Income Certificate,Apply through the appropriate revenue/local government service.
918,ಚಾಲನಾ ಪರವಾನಗಿಗಾಗಿ ಹೇಗೆ ವಿನಂತಿಸಬೇಕು?,Kannada,Driving Licence,Driving Licence,Use the official transport department/licensing service.
1680,सर्वकारीयशिकायत्ाय आवेदनं कर्तुं किं करणीयम्?,Sanskrit,Complaint Registration,Complaint Registration,Submit the complaint through the appropriate official government grievance service.
1096,ଭୋଟର ଆଇଡି ଆବେଦନ କେଉଁଠାରେ ଦେବି?,Odia,Voter ID,Voter ID,Use the official election/voter service.
651,ਪਾਣੀ ਦਾ ਬਿੱਲ ਲਈ ਅਰਜ਼ੀ ਕਿਵੇਂ ਦੇਣੀ ਹੈ?,Punjabi,Water Bill,Water Bill,Use the relevant water-supply authority or official payment service.
1912,ਭਾਈਚਾਰਾ ਸਰਟੀਫਿਕੇਟ ਕਿੱਥੇ ਮਿਲੇਗਾ?,Punjabi,Community Certificate,Community Certificate,Apply through the appropriate revenue/local government service.
257,ମୃତ୍ୟୁ ପ୍ରମାଣପତ୍ର ପାଇଁ କେଉଁ ଦଲିଲ ଦରକାର?,Odia,Death Certificate,Death Certificate,Use the appropriate official death registration/local government service.
1362,درخواست کی حیثیت کہاں ملے گا؟,Urdu,Application Status,Application Status,Use the relevant official service with your application/reference number.
1455,सरकारी योजना कसे मिळवता येईल?,Marathi,Government Schemes,Government Schemes,Check official government portals for current schemes and eligibility.
532,ସମ୍ପତ୍ତି କର କେଉଁଠାରେ ମିଳିବ?,Odia,Property Tax,Property Tax,Use the relevant municipal or local government property-tax service.
2488,ਸਰਕਾਰੀ ਯੋਜਨਾਵਾਂ ਲਈ ਕਿੱਥੋਂ ਸ਼ੁਰੂ ਕਰਾਂ?,Punjabi,Government Schemes,Government Schemes,Check official government portals for current schemes and eligibility.
231,ਮੌਤ ਸਰਟੀਫਿਕੇਟ ਲਈ ਅਰਜ਼ੀ ਕਿਵੇਂ ਦੇਣੀ ਹੈ?,Punjabi,Death Certificate,Death Certificate,Use the appropriate official death registration/local government service.
1854,"నాకు సమాజ ధృవీకరణ పత్రం కావాలి, ఎలా దరఖాస్తు చేయాలి?",Telugu,Community Certificate,Community Certificate,Apply through the appropriate revenue/local government service.
2400,ड्रायव्हिंग लायसन्स साठीचे टप्पे सांगा.,Marathi,Driving Licence,Driving Licence,Use the official transport department/licensing service.
2127,সম্প্ৰদায়ৰ প্ৰমাণপত্ৰৰ পদক্ষেপসমূহ কওক।,Assamese,Community Certificate,Community Certificate,Apply through the appropriate revenue/local government service.
2587,سرکاری شکایت کے لیے کیا چاہیے؟,Urdu,Complaint Registration,Complaint Registration,Submit the complaint through the appropriate official government grievance service.
2707,বিদ্যুৎ বিল এর জন্য অনলাইনে আবেদন করা যায় কি?,Bengali,Electricity Bill,Electricity Bill,Use the relevant electricity distribution company or official payment service.
1344,"എനിക്ക് അപേക്ഷയുടെ നില വേണം, എങ്ങനെ അപേക്ഷിക്കാം?",Malayalam,Application Status,Application Status,Use the relevant official service with your application/reference number.
1834,"मुझे समुदाय प्रमाण पत्र चाहिए, कैसे आवेदन करूँ?",Hindi,Community Certificate,Community Certificate,Apply through the appropriate revenue/local government service.
2327,சொத்து வரி செய்வதற்கான படிகள் என்ன?,Tamil,Property Tax,Property Tax,Use the relevant municipal or local government property-tax service.
2059,ਰਿਹਾਇਸ਼ ਸਰਟੀਫਿਕੇਟ ਦੀ ਸੇਵਾ ਕਿੱਥੇ ਮਿਲੇਗੀ?,Punjabi,Residence Certificate,Residence Certificate,Apply through the appropriate revenue/local government service.
515,ਪ੍ਰਾਪਰਟੀ ਟੈਕਸ ਕਿਵੇਂ ਮਿਲ ਸਕਦਾ ਹੈ?,Punjabi,Property Tax,Property Tax,Use the relevant municipal or local government property-tax service.
444,"எனக்கு சொத்து வரி வேண்டும், எப்படி விண்ணப்பிப்பது?",Tamil,Property Tax,Property Tax,Use the relevant municipal or local government property-tax service.
2737,મતદાર ઓળખ કાર્ડ વિશે મદદ જોઈએ.,Gujarati,Voter ID,Voter ID,Use the official election/voter service.
787,വൈദ്യുതി ബിൽ ന് എന്തെല്ലാം രേഖകൾ വേണം?,Malayalam,Electricity Bill,Electricity Bill,Use the relevant electricity distribution company or official payment service.
1523,চৰকাৰী আঁচনি পোৱাৰ প্ৰক্ৰিয়া কি?,Assamese,Government Schemes,Government Schemes,Check official government portals for current schemes and eligibility.
2310,निवासप्रमाणपत्र कृते किं आवश्यकम्?,Sanskrit,Residence Certificate,Residence Certificate,Apply through the appropriate revenue/local government service.
2862,ड्रायव्हिंग लायसन्स साठी काय आवश्यक आहे?,Marathi,Driving Licence,Driving Licence,Use the official transport department/licensing service.
2494,क्या राशन कार्ड के लिए ऑनलाइन आवेदन कर सकते हैं?,Hindi,Ration Card,Ration Card,Use the relevant food and civil supplies department or official service.
799,ਬਿਜਲੀ ਦਾ ਬਿੱਲ ਦੀ ਸੇਵਾ ਕਿੱਥੇ ਮਿਲੇਗੀ?,Punjabi,Electricity Bill,Electricity Bill,Use the relevant electricity distribution company or official payment service.
1424,"எனக்கு அரசு திட்டங்கள் வேண்டும், எப்படி விண்ணப்பிப்பது?",Tamil,Government Schemes,Government Schemes,Check official government portals for current schemes and eligibility.
2897,সম্প্ৰদায়ৰ প্ৰমাণপত্ৰৰ পদক্ষেপসমূহ কওক।,Assamese,Community Certificate,Community Certificate,Apply through the appropriate revenue/local government service.
353,ಪಡಿತರ ಚೀಟಿ ಪಡೆಯುವ ಪ್ರಕ್ರಿಯೆ ಏನು?,Kannada,Ration Card,Ration Card,Use the relevant food and civil supplies department or official service.
530,پراپرٹی ٹیکس کے لیے درخواست دینے کے لیے کیا کرنا ہوگا؟,Urdu,Property Tax,Property Tax,Use the relevant municipal or local government property-tax service.
2024,"મારે રહેઠાણ પ્રમાણપત્ર જોઈએ છે, કેવી રીતે અરજી કરું?",Gujarati,Residence Certificate,Residence Certificate,Apply through the appropriate revenue/local government service.
2789,சொத்து வரிக்கு என்ன தேவை?,Tamil,Property Tax,Property Tax,Use the relevant municipal or local government property-tax service.
1722,আয় শংসাপত্র কোথায় পাওয়া যাবে?,Bengali,Income Certificate,Income Certificate,Apply through the appropriate revenue/local government service.
1119,मतदातृपरिचयपत्रसेवा कुत्र लभ्यते?,Sanskrit,Voter ID,Voter ID,Use the official election/voter service.
2114,निवासप्रमाणपत्र विषये साहाय्यम् आवश्यकम्।,Sanskrit,Residence Certificate,Residence Certificate,Apply through the appropriate revenue/local government service.
325,রেশন কার্ড কীভাবে পাওয়া যায়?,Bengali,Ration Card,Ration Card,Use the relevant food and civil supplies department or official service.
2401,મતદાર ઓળખ કાર્ડ માટેના પગલાં જણાવો.,Gujarati,Voter ID,Voter ID,Use the official election/voter service.
927,ഡ്രൈവിംഗ് ലൈസൻസ് ന് എന്തെല്ലാം രേഖകൾ വേണം?,Malayalam,Driving Licence,Driving Licence,Use the official transport department/licensing service.
1917,ਭਾਈਚਾਰਾ ਸਰਟੀਫਿਕੇਟ ਲਈ ਕਿਹੜੇ ਦਸਤਾਵੇਜ਼ ਚਾਹੀਦੇ ਹਨ?,Punjabi,Community Certificate,Community Certificate,Apply through the appropriate revenue/local government service.
1889,સમુદાય પ્રમાણપત્રની સેવા ક્યાં મળશે?,Gujarati,Community Certificate,Community Certificate,Apply through the appropriate revenue/local government service.
2993,کیا سرکاری شکایت کے لیے آن لائن درخواست دے سکتے ہیں؟,Urdu,Complaint Registration,Complaint Registration,Submit the complaint through the appropriate official government grievance service.
1792,ଆୟ ପ୍ରମାଣପତ୍ର କେଉଁଠାରେ ମିଳିବ?,Odia,Income Certificate,Income Certificate,Apply through the appropriate revenue/local government service.
2804,నీటి బిల్లు గురించి సహాయం కావాలి.,Telugu,Water Bill,Water Bill,Use the relevant water-supply authority or official payment service.
539,ସମ୍ପତ୍ତି କର ସେବା କେଉଁଠାରେ ମିଳିବ?,Odia,Property Tax,Property Tax,Use the relevant municipal or local government property-tax service.
491,ಆಸ್ತಿ ತೆರಿಗೆಗೆ ಹೇಗೆ ಅರ್ಜಿ ಸಲ್ಲಿಸುವುದು?,Kannada,Property Tax,Property Tax,Use the relevant municipal or local government property-tax service.
737,విద్యుత్ బిల్లు కోసం ఏ పత్రాలు అవసరం?,Telugu,Electricity Bill,Electricity Bill,Use the relevant electricity distribution company or official payment service.
1554,"मुझे सरकारी शिकायत चाहिए, कैसे आवेदन करूँ?",Hindi,Complaint Registration,Complaint Registration,Submit the complaint through the appropriate official government grievance service.
956,ଡ୍ରାଇଭିଂ ଲାଇସେନ୍ସ ଆବେଦନ କେଉଁଠାରେ ଦେବି?,Odia,Driving Licence,Driving Licence,Use the official transport department/licensing service.
1493,ਸਰਕਾਰੀ ਯੋਜਨਾਵਾਂ ਲੈਣ ਦੀ ਪ੍ਰਕਿਰਿਆ ਕੀ ਹੈ?,Punjabi,Government Schemes,Government Schemes,Check official government portals for current schemes and eligibility.
1676,सर्वकारीयशिकायत्स्य आवेदनं कुत्र समर्पणीयम्?,Sanskrit,Complaint Registration,Complaint Registration,Submit the complaint through the appropriate official government grievance service.
1590,সরকারি অভিযোগ-এর জন্য আবেদন করতে কী করতে হবে?,Bengali,Complaint Registration,Complaint Registration,Submit the complaint through the appropriate official government grievance service.
935,ਡਰਾਈਵਿੰਗ ਲਾਇਸੈਂਸ ਕਿਵੇਂ ਮਿਲ ਸਕਦਾ ਹੈ?,Punjabi,Driving Licence,Driving Licence,Use the official transport department/licensing service.
133,जन्मप्रमाणपत्रप्राप्तेः प्रक्रिया का?,Sanskrit,Birth Certificate,Birth Certificate,Use the appropriate official birth registration/local government service.
565,Can you tell me how to obtain a water bill?,English,Water Bill,Water Bill,Use the relevant water-supply authority or official payment service.
1580,ప్రభుత్వ ఫిర్యాదు కోసం దరఖాస్తు చేయాలంటే ఏమి చేయాలి?,Telugu,Complaint Registration,Complaint Registration,Submit the complaint through the appropriate official government grievance service.
2795,അപേക്ഷയുടെ നില ന് എന്താണ് വേണ്ടത്?,Malayalam,Application Status,Application Status,Use the relevant official service with your application/reference number.
378,ਰਾਸ਼ਨ ਕਾਰਡ ਲਈ ਬੇਨਤੀ ਕਿਵੇਂ ਕਰਨੀ ਹੈ?,Punjabi,Ration Card,Ration Card,Use the relevant food and civil supplies department or official service.
2905,મતદાર ઓળખ કાર્ડ માટે ક્યાંથી શરૂઆત કરું?,Gujarati,Voter ID,Voter ID,Use the official election/voter service.
1628,സർക്കാർ പരാതി ന് എങ്ങനെ അഭ്യർത്ഥിക്കാം?,Malayalam,Complaint Registration,Complaint Registration,Submit the complaint through the appropriate official government grievance service.
1769,വരുമാന സർട്ടിഫിക്കറ്റ് സേവനം എവിടെ ലഭിക്കും?,Malayalam,Income Certificate,Income Certificate,Apply through the appropriate revenue/local government service.
950,ڈرائیونگ لائسنس کے لیے درخواست دینے کے لیے کیا کرنا ہوگا؟,Urdu,Driving Licence,Driving Licence,Use the official transport department/licensing service.
506,വസ്തു നികുതി അപേക്ഷ എവിടെ സമർപ്പിക്കണം?,Malayalam,Property Tax,Property Tax,Use the relevant municipal or local government property-tax service.
2511,বিদ্যুৎ বিল এর জন্য কী দরকার?,Bengali,Electricity Bill,Electricity Bill,Use the relevant electricity distribution company or official payment service.
243,وفات کا سرٹیفکیٹ حاصل کرنے کا طریقہ کیا ہے؟,Urdu,Death Certificate,Death Certificate,Use the appropriate official death registration/local government service.
2922,ਕੀ ਸਰਕਾਰੀ ਯੋਜਨਾਵਾਂ ਲਈ ਆਨਲਾਈਨ ਅਰਜ਼ੀ ਦੇ ਸਕਦੇ ਹਾਂ?,Punjabi,Government Schemes,Government Schemes,Check official government portals for current schemes and eligibility.
2718,राशन कार्ड के लिए क्या चाहिए?,Hindi,Ration Card,Ration Card,Use the relevant food and civil supplies department or official service.
1907,സമുദായ സർട്ടിഫിക്കറ്റ് ന് എന്തെല്ലാം രേഖകൾ വേണം?,Malayalam,Community Certificate,Community Certificate,Apply through the appropriate revenue/local government service.
1582,সরকারি অভিযোগ কোথায় পাওয়া যাবে?,Bengali,Complaint Registration,Complaint Registration,Submit the complaint through the appropriate official government grievance service.
2899,Where do I start for death certificate?,English,Death Certificate,Death Certificate,Use the appropriate official death registration/local government service.
1868,সম্প্রদায় শংসাপত্র-এর জন্য কীভাবে অনুরোধ করব?,Bengali,Community Certificate,Community Certificate,Apply through the appropriate revenue/local government service.
973,चालनानुज्ञापत्रप्राप्तेः प्रक्रिया का?,Sanskrit,Driving Licence,Driving Licence,Use the official transport department/licensing service.
2304,ಪಾಸ್‌ಪೋರ್ಟ್ಗೆ ಏನು ಬೇಕು?,Kannada,Passport,Passport,Use the official passport service.
179,మరణ ధృవీకరణ పత్రం సేవ ఎక్కడ లభిస్తుంది?,Telugu,Death Certificate,Death Certificate,Use the appropriate official death registration/local government service.
2967,সম্প্ৰদায়ৰ প্ৰমাণপত্ৰৰ পদক্ষেপসমূহ কওক।,Assamese,Community Certificate,Community Certificate,Apply through the appropriate revenue/local government service.
1488,സർക്കാർ പദ്ധതികൾ ന് എങ്ങനെ അഭ്യർത്ഥിക്കാം?,Malayalam,Government Schemes,Government Schemes,Check official government portals for current schemes and eligibility.
2540,ड्रायव्हिंग लायसन्स साठीचे टप्पे सांगा.,Marathi,Driving Licence,Driving Licence,Use the official transport department/licensing service.
729,மின்சார கட்டணம் சேவை எங்கே கிடைக்கும்?,Tamil,Electricity Bill,Electricity Bill,Use the relevant electricity distribution company or official payment service.
1372,ଆବେଦନର ସ୍ଥିତି କେଉଁଠାରେ ମିଳିବ?,Odia,Application Status,Application Status,Use the relevant official service with your application/reference number.
872,డ్రైవింగ్ లైసెన్స్ ఎక్కడ లభిస్తుంది?,Telugu,Driving Licence,Driving Licence,Use the official transport department/licensing service.
1241,পাছপ'ৰ্টৰ বাবে কেনেকৈ আবেদন কৰিব?,Assamese,Passport,Passport,Use the official passport service.
2648,राशन कार्ड के लिए क्या चाहिए?,Hindi,Ration Card,Ration Card,Use the relevant food and civil supplies department or official service.
2351,সম্প্ৰদায়ৰ প্ৰমাণপত্ৰৰ বাবে ক'ৰ পৰা আৰম্ভ কৰিম?,Assamese,Community Certificate,Community Certificate,Apply through the appropriate revenue/local government service.
1566,அரசு புகார் விண்ணப்பத்தை எங்கே சமர்ப்பிக்க வேண்டும்?,Tamil,Complaint Registration,Complaint Registration,Submit the complaint through the appropriate official government grievance service.
67,જન્મ પ્રમાણપત્ર માટે કયા દસ્તાવેજો જોઈએ?,Gujarati,Birth Certificate,Birth Certificate,Use the appropriate official birth registration/local government service.
727,மின்சார கட்டணம்க்கு என்ன ஆவணங்கள் தேவை?,Tamil,Electricity Bill,Electricity Bill,Use the relevant electricity distribution company or official payment service.
2818,నీటి బిల్లు కోసం దశలు చెప్పండి.,Telugu,Water Bill,Water Bill,Use the relevant water-supply authority or official payment service.
1647,سرکاری شکایت کے لیے کون سی دستاویزات چاہئیں؟,Urdu,Complaint Registration,Complaint Registration,Submit the complaint through the appropriate official government grievance service.
328,রেশন কার্ড-এর জন্য কীভাবে অনুরোধ করব?,Bengali,Ration Card,Ration Card,Use the relevant food and civil supplies department or official service.
866,ஓட்டுநர் உரிமம் விண்ணப்பத்தை எங்கே சமர்ப்பிக்க வேண்டும்?,Tamil,Driving Licence,Driving Licence,Use the official transport department/licensing service.
1446,সরকারি প্রকল্প-এর আবেদন কোথায় জমা দেব?,Bengali,Government Schemes,Government Schemes,Check official government portals for current schemes and eligibility.
1958,समुदायप्रमाणपत्रार्थं कथं अनुरोधः करणीयः?,Sanskrit,Community Certificate,Community Certificate,Apply through the appropriate revenue/local government service.
2257,சொத்து வரி செய்வதற்கான படிகள் என்ன?,Tamil,Property Tax,Property Tax,Use the relevant municipal or local government property-tax service.
456,ఆస్తి పన్ను దరఖాస్తును ఎక్కడ సమర్పించాలి?,Telugu,Property Tax,Property Tax,Use the relevant municipal or local government property-tax service.
731,విద్యుత్ బిల్లు కోసం ఎలా దరఖాస్తు చేయాలి?,Telugu,Electricity Bill,Electricity Bill,Use the relevant electricity distribution company or official payment service.
1476,ಸರ್ಕಾರಿ ಯೋಜನೆಗಳು ಅರ್ಜಿಯನ್ನು ಎಲ್ಲಿ ಸಲ್ಲಿಸಬೇಕು?,Kannada,Government Schemes,Government Schemes,Check official government portals for current schemes and eligibility.
177,మరణ ధృవీకరణ పత్రం కోసం ఏ పత్రాలు అవసరం?,Telugu,Death Certificate,Death Certificate,Use the appropriate official death registration/local government service.
2588,ଆୟ ପ୍ରମାଣପତ୍ର ପାଇଁ କଣ ଦରକାର?,Odia,Income Certificate,Income Certificate,Apply through the appropriate revenue/local government service.
2415,મતદાર ઓળખ કાર્ડ માટે ક્યાંથી શરૂઆત કરું?,Gujarati,Voter ID,Voter ID,Use the official election/voter service.
1579,ప్రభుత్వ ఫిర్యాదు సేవ ఎక్కడ లభిస్తుంది?,Telugu,Complaint Registration,Complaint Registration,Submit the complaint through the appropriate official government grievance service.
1090,ووٹر آئی ڈی کے لیے درخواست دینے کے لیے کیا کرنا ہوگا؟,Urdu,Voter ID,Voter ID,Use the official election/voter service.
126,জন্ম প্ৰমাণপত্ৰৰ আবেদন ক'ত জমা দিম?,Assamese,Birth Certificate,Birth Certificate,Use the appropriate official birth registration/local government service.
1960,समुदायप्रमाणपत्राय आवेदनं कर्तुं किं करणीयम्?,Sanskrit,Community Certificate,Community Certificate,Apply through the appropriate revenue/local government service.
503,വസ്തു നികുതി നേടുന്നതിനുള്ള നടപടിക്രമം എന്താണ്?,Malayalam,Property Tax,Property Tax,Use the relevant municipal or local government property-tax service.
711,बिजली का बिल के लिए कैसे आवेदन करें?,Hindi,Electricity Bill,Electricity Bill,Use the relevant electricity distribution company or official payment service.
2132,నీటి బిల్లు కోసం ఎక్కడి నుంచి ప్రారంభించాలి?,Telugu,Water Bill,Water Bill,Use the relevant water-supply authority or official payment service.
2283,Can I apply for death certificate online?,English,Death Certificate,Death Certificate,Use the appropriate official death registration/local government service.
2179,അപേക്ഷയുടെ നില സംബന്ധിച്ച് സഹായം വേണം.,Malayalam,Application Status,Application Status,Use the relevant official service with your application/reference number.
2186,राशन कार्ड के चरण बताइए।,Hindi,Ration Card,Ration Card,Use the relevant food and civil supplies department or official service.
1301,আবেদনের অবস্থা-এর জন্য কীভাবে আবেদন করব?,Bengali,Application Status,Application Status,Use the relevant official service with your application/reference number.
1516,ସରକାରୀ ଯୋଜନା ଆବେଦନ କେଉଁଠାରେ ଦେବି?,Odia,Government Schemes,Government Schemes,Check official government portals for current schemes and eligibility.
2236,ਸਰਕਾਰੀ ਯੋਜਨਾਵਾਂ ਲਈ ਕੀ ਚਾਹੀਦਾ ਹੈ?,Punjabi,Government Schemes,Government Schemes,Check official government portals for current schemes and eligibility.
2105,বিদ্যুৎ বিল সম্পর্কে সাহায্য চাই।,Bengali,Electricity Bill,Electricity Bill,Use the relevant electricity distribution company or official payment service.
121,জন্ম প্ৰমাণপত্ৰৰ বাবে কেনেকৈ আবেদন কৰিব?,Assamese,Birth Certificate,Birth Certificate,Use the appropriate official birth registration/local government service.
576,पानी का बिल का आवेदन कहाँ जमा करें?,Hindi,Water Bill,Water Bill,Use the relevant water-supply authority or official payment service.
2143,Can I apply for death certificate online?,English,Death Certificate,Death Certificate,Use the appropriate official death registration/local government service.
2956,राशन कार्ड के चरण बताइए।,Hindi,Ration Card,Ration Card,Use the relevant food and civil supplies department or official service.
531,ସମ୍ପତ୍ତି କର ପାଇଁ କିପରି ଆବେଦନ କରିବେ?,Odia,Property Tax,Property Tax,Use the relevant municipal or local government property-tax service.
2948,ಪಾಸ್‌ಪೋರ್ಟ್ ಬಗ್ಗೆ ಸಹಾಯ ಬೇಕು.,Kannada,Passport,Passport,Use the official passport service.
1686,Where should I submit a income certificate application?,English,Income Certificate,Income Certificate,Apply through the appropriate revenue/local government service.
1043,મતદાર ઓળખ કાર્ડ મેળવવાની પ્રક્રિયા શું છે?,Gujarati,Voter ID,Voter ID,Use the official election/voter service.
2968,निवासप्रमाणपत्र कृते क्रमाः कथ्यन्ताम्।,Sanskrit,Residence Certificate,Residence Certificate,Apply through the appropriate revenue/local government service.
1306,আবেদনের অবস্থা-এর আবেদন কোথায় জমা দেব?,Bengali,Application Status,Application Status,Use the relevant official service with your application/reference number.
1162,পাসপোর্ট কোথায় পাওয়া যাবে?,Bengali,Passport,Passport,Use the official passport service.
286,Where should I submit a ration card application?,English,Ration Card,Ration Card,Use the relevant food and civil supplies department or official service.
1364,مجھے درخواست کی حیثیت چاہیے، درخواست کیسے دوں؟,Urdu,Application Status,Application Status,Use the relevant official service with your application/reference number.
322,রেশন কার্ড কোথায় পাওয়া যাবে?,Bengali,Ration Card,Ration Card,Use the relevant food and civil supplies department or official service.
1843,சமூக சான்றிதழ் பெறும் நடைமுறை என்ன?,Tamil,Community Certificate,Community Certificate,Apply through the appropriate revenue/local government service.
974,"मम चालनानुज्ञापत्र आवश्यकम्, कथम् आवेदनं करिष्यामि?",Sanskrit,Driving Licence,Driving Licence,Use the official transport department/licensing service.
1946,সম্প্ৰদায়ৰ প্ৰমাণপত্ৰৰ আবেদন ক'ত জমা দিম?,Assamese,Community Certificate,Community Certificate,Apply through the appropriate revenue/local government service.
2869,সম্প্ৰদায়ৰ প্ৰমাণপত্ৰৰ বাবে কি লাগে?,Assamese,Community Certificate,Community Certificate,Apply through the appropriate revenue/local government service.
2247,મતદાર ઓળખ કાર્ડ વિશે મદદ જોઈએ.,Gujarati,Voter ID,Voter ID,Use the official election/voter service.
2254,निवासप्रमाणपत्र विषये साहाय्यम् आवश्यकम्।,Sanskrit,Residence Certificate,Residence Certificate,Apply through the appropriate revenue/local government service.
1837,समुदाय प्रमाण पत्र के लिए कौन से दस्तावेज चाहिए?,Hindi,Community Certificate,Community Certificate,Apply through the appropriate revenue/local government service.
2326,राशन कार्ड के चरण बताइए।,Hindi,Ration Card,Ration Card,Use the relevant food and civil supplies department or official service.
381,راشن کارڈ کے لیے درخواست کیسے دیں؟,Urdu,Ration Card,Ration Card,Use the relevant food and civil supplies department or official service.
2958,నీటి బిల్లు కోసం దశలు చెప్పండి.,Telugu,Water Bill,Water Bill,Use the relevant water-supply authority or official payment service.
461,সম্পত্তি কর-এর জন্য কীভাবে আবেদন করব?,Bengali,Property Tax,Property Tax,Use the relevant municipal or local government property-tax service.
2971,சொத்து வரிக்கு எங்கிருந்து தொடங்குவது?,Tamil,Property Tax,Property Tax,Use the relevant municipal or local government property-tax service.
1291,దరఖాస్తు స్థితి కోసం ఎలా దరఖాస్తు చేయాలి?,Telugu,Application Status,Application Status,Use the relevant official service with your application/reference number.
620,पाण्याचे बिल साठी अर्ज करण्यासाठी काय करावे?,Marathi,Water Bill,Water Bill,Use the relevant water-supply authority or official payment service.
1411,सरकारी योजनाएं के लिए कैसे आवेदन करें?,Hindi,Government Schemes,Government Schemes,Check official government portals for current schemes and eligibility.
2517,سرکاری شکایت کے لیے کیا چاہیے؟,Urdu,Complaint Registration,Complaint Registration,Submit the complaint through the appropriate official government grievance service.
393,ରାସନ କାର୍ଡ ପାଇବାର ପ୍ରକ୍ରିୟା କଣ?,Odia,Ration Card,Ration Card,Use the relevant food and civil supplies department or official service.
2198,निवासप्रमाणपत्र कृते क्रमाः कथ्यन्ताम्।,Sanskrit,Residence Certificate,Residence Certificate,Apply through the appropriate revenue/local government service.
376,ਰਾਸ਼ਨ ਕਾਰਡ ਦੀ ਅਰਜ਼ੀ ਕਿੱਥੇ ਜਮ੍ਹਾਂ ਕਰਵਾਉਣੀ ਹੈ?,Punjabi,Ration Card,Ration Card,Use the relevant food and civil supplies department or official service.
661,پانی کا بل کے لیے درخواست کیسے دیں؟,Urdu,Water Bill,Water Bill,Use the relevant water-supply authority or official payment service.
798,ਬਿਜਲੀ ਦਾ ਬਿੱਲ ਲਈ ਬੇਨਤੀ ਕਿਵੇਂ ਕਰਨੀ ਹੈ?,Punjabi,Electricity Bill,Electricity Bill,Use the relevant electricity distribution company or official payment service.
2768,ਸਰਕਾਰੀ ਯੋਜਨਾਵਾਂ ਲਈ ਕਿੱਥੋਂ ਸ਼ੁਰੂ ਕਰਾਂ?,Punjabi,Government Schemes,Government Schemes,Check official government portals for current schemes and eligibility.
2102,राशन कार्ड के लिए मदद चाहिए।,Hindi,Ration Card,Ration Card,Use the relevant food and civil supplies department or official service.
1064,"എനിക്ക് വോട്ടർ ഐഡി വേണം, എങ്ങനെ അപേക്ഷിക്കാം?",Malayalam,Voter ID,Voter ID,Use the official election/voter service.
36,జనన ధృవీకరణ పత్రం దరఖాస్తును ఎక్కడ సమర్పించాలి?,Telugu,Birth Certificate,Birth Certificate,Use the appropriate official birth registration/local government service.
1807,উপাৰ্জনৰ প্ৰমাণপত্ৰৰ বাবে কি কি নথি লাগে?,Assamese,Income Certificate,Income Certificate,Apply through the appropriate revenue/local government service.
801,بجلی کا بل کے لیے درخواست کیسے دیں؟,Urdu,Electricity Bill,Electricity Bill,Use the relevant electricity distribution company or official payment service.
1038,मतदार ओळखपत्र साठी विनंती कशी करावी?,Marathi,Voter ID,Voter ID,Use the official election/voter service.
623,પાણીનું બિલ મેળવવાની પ્રક્રિયા શું છે?,Gujarati,Water Bill,Water Bill,Use the relevant water-supply authority or official payment service.
1031,मतदार ओळखपत्र साठी अर्ज कसा करावा?,Marathi,Voter ID,Voter ID,Use the official election/voter service.
147,What documents are needed for a death certificate?,English,Death Certificate,Death Certificate,Use the appropriate official death registration/local government service.
1956,समुदायप्रमाणपत्रस्य आवेदनं कुत्र समर्पणीयम्?,Sanskrit,Community Certificate,Community Certificate,Apply through the appropriate revenue/local government service.
2451,Need help with death certificate.,English,Death Certificate,Death Certificate,Use the appropriate official death registration/local government service.
2305,അപേക്ഷയുടെ നില ന് എന്താണ് വേണ്ടത്?,Malayalam,Application Status,Application Status,Use the relevant official service with your application/reference number.
1930,برادری کا سرٹیفکیٹ کے لیے درخواست دینے کے لیے کیا کرنا ہوگا؟,Urdu,Community Certificate,Community Certificate,Apply through the appropriate revenue/local government service.
2016,रहिवासी प्रमाणपत्र चा अर्ज कुठे जमा करायचा?,Marathi,Residence Certificate,Residence Certificate,Apply through the appropriate revenue/local government service.
2498,ड्रायव्हिंग लायसन्स साठी ऑनलाइन अर्ज करता येतो का?,Marathi,Driving Licence,Driving Licence,Use the official transport department/licensing service.
2802,राशन कार्ड के लिए मदद चाहिए।,Hindi,Ration Card,Ration Card,Use the relevant food and civil supplies department or official service.
2867,سرکاری شکایت کے لیے کیا چاہیے؟,Urdu,Complaint Registration,Complaint Registration,Submit the complaint through the appropriate official government grievance service.
416,राशनपत्रिकास्य आवेदनं कुत्र समर्पणीयम्?,Sanskrit,Ration Card,Ration Card,Use the relevant food and civil supplies department or official service.
1137,पासपोर्ट के लिए कौन से दस्तावेज चाहिए?,Hindi,Passport,Passport,Use the official passport service.
2313,சொத்து வரி பற்றி உதவி வேண்டும்.,Tamil,Property Tax,Property Tax,Use the relevant municipal or local government property-tax service.
1703,வருமான சான்றிதழ் பெறும் நடைமுறை என்ன?,Tamil,Income Certificate,Income Certificate,Apply through the appropriate revenue/local government service.
59,जन्म प्रमाणपत्राची प्रत कशी मिळवायची?,Marathi,Birth Certificate,Birth Certificate,Use the appropriate official birth registration/local government service.
971,चालनानुज्ञापत्राय कथम् आवेदनं करणीयम्?,Sanskrit,Driving Licence,Driving Licence,Use the official transport department/licensing service.
1588,সরকারি অভিযোগ-এর জন্য কীভাবে অনুরোধ করব?,Bengali,Complaint Registration,Complaint Registration,Submit the complaint through the appropriate official government grievance service.
655,ਪਾਣੀ ਦਾ ਬਿੱਲ ਕਿਵੇਂ ਮਿਲ ਸਕਦਾ ਹੈ?,Punjabi,Water Bill,Water Bill,Use the relevant water-supply authority or official payment service.
2214,क्या राशन कार्ड के लिए ऑनलाइन आवेदन कर सकते हैं?,Hindi,Ration Card,Ration Card,Use the relevant food and civil supplies department or official service.
446,சொத்து வரி விண்ணப்பத்தை எங்கே சமர்ப்பிக்க வேண்டும்?,Tamil,Property Tax,Property Tax,Use the relevant municipal or local government property-tax service.
630,પાણીનું બિલ માટે અરજી કરવા શું કરવું?,Gujarati,Water Bill,Water Bill,Use the relevant water-supply authority or official payment service.
362,റേഷൻ കാർഡ് എവിടെ ലഭിക്കും?,Malayalam,Ration Card,Ration Card,Use the relevant food and civil supplies department or official service.
2934,ಪಾಸ್‌ಪೋರ್ಟ್ಗೆ ಏನು ಬೇಕು?,Kannada,Passport,Passport,Use the official passport service.
891,ड्रायव्हिंग लायसन्स साठी अर्ज कसा करावा?,Marathi,Driving Licence,Driving Licence,Use the official transport department/licensing service.
2261,મતદાર ઓળખ કાર્ડ માટેના પગલાં જણાવો.,Gujarati,Voter ID,Voter ID,Use the official election/voter service.
2734,నీటి బిల్లు గురించి సహాయం కావాలి.,Telugu,Water Bill,Water Bill,Use the relevant water-supply authority or official payment service.
458,ఆస్తి పన్ను కోసం ఎలా అభ్యర్థించాలి?,Telugu,Property Tax,Property Tax,Use the relevant municipal or local government property-tax service.
1391,आवेदनस्य स्थितिःाय कथम् आवेदनं करणीयम्?,Sanskrit,Application Status,Application Status,Use the relevant official service with your application/reference number.
1152,పాస్‌పోర్ట్ ఎక్కడ లభిస్తుంది?,Telugu,Passport,Passport,Use the official passport service.
2877,મતદાર ઓળખ કાર્ડ વિશે મદદ જોઈએ.,Gujarati,Voter ID,Voter ID,Use the official election/voter service.
171,మరణ ధృవీకరణ పత్రం కోసం ఎలా దరఖాస్తు చేయాలి?,Telugu,Death Certificate,Death Certificate,Use the appropriate official death registration/local government service.
2439,சொத்து வரிக்கு என்ன தேவை?,Tamil,Property Tax,Property Tax,Use the relevant municipal or local government property-tax service.
1663,চৰকাৰী অভিযোগ পোৱাৰ প্ৰক্ৰিয়া কি?,Assamese,Complaint Registration,Complaint Registration,Submit the complaint through the appropriate official government grievance service.
1401,How do I apply for a government schemes?,English,Government Schemes,Government Schemes,Check official government portals for current schemes and eligibility.
2842,निवासप्रमाणपत्र कृते कुतः आरभेयं?,Sanskrit,Residence Certificate,Residence Certificate,Apply through the appropriate revenue/local government service.
1326,અરજીની સ્થિતિની અરજી ક્યાં જમા કરવી?,Gujarati,Application Status,Application Status,Use the relevant official service with your application/reference number.
1547,What documents are needed for a government complaint?,English,Complaint Registration,Complaint Registration,Submit the complaint through the appropriate official government grievance service.
2753,അപേക്ഷയുടെ നില ചെയ്യുന്നതിനുള്ള ഘട്ടങ്ങൾ പറയൂ.,Malayalam,Application Status,Application Status,Use the relevant official service with your application/reference number.
2336,ଆୟ ପ୍ରମାଣପତ୍ର ପାଇଁ ପଦକ୍ଷେପ କହନ୍ତୁ।,Odia,Income Certificate,Income Certificate,Apply through the appropriate revenue/local government service.
2799,সম্প্ৰদায়ৰ প্ৰমাণপত্ৰৰ বাবে কি লাগে?,Assamese,Community Certificate,Community Certificate,Apply through the appropriate revenue/local government service.
1164,"আমার পাসপোর্ট দরকার, কীভাবে আবেদন করব?",Bengali,Passport,Passport,Use the official passport service.
658,ਪਾਣੀ ਦਾ ਬਿੱਲ ਲਈ ਬੇਨਤੀ ਕਿਵੇਂ ਕਰਨੀ ਹੈ?,Punjabi,Water Bill,Water Bill,Use the relevant water-supply authority or official payment service.
602,জলের বিল কোথায় পাওয়া যাবে?,Bengali,Water Bill,Water Bill,Use the relevant water-supply authority or official payment service.
1288,விண்ணப்பத்தின் நிலைக்கு எப்படி கோரிக்கை விடுப்பது?,Tamil,Application Status,Application Status,Use the relevant official service with your application/reference number.
1392,आवेदनस्य स्थितिः कुत्र लभ्यते?,Sanskrit,Application Status,Application Status,Use the relevant official service with your application/reference number.
1798,ଆୟ ପ୍ରମାଣପତ୍ର ପାଇଁ କିପରି ଅନୁରୋଧ କରିବି?,Odia,Income Certificate,Income Certificate,Apply through the appropriate revenue/local government service.
870,ஓட்டுநர் உரிமம்க்கு விண்ணப்பிக்க என்ன செய்ய வேண்டும்?,Tamil,Driving Licence,Driving Licence,Use the official transport department/licensing service.
170,இறப்பு சான்றிதழ்க்கு விண்ணப்பிக்க என்ன செய்ய வேண்டும்?,Tamil,Death Certificate,Death Certificate,Use the appropriate official death registration/local government service.
2428,ड्रायव्हिंग लायसन्स साठी ऑनलाइन अर्ज करता येतो का?,Marathi,Driving Licence,Driving Licence,Use the official transport department/licensing service.
1486,സർക്കാർ പദ്ധതികൾ അപേക്ഷ എവിടെ സമർപ്പിക്കണം?,Malayalam,Government Schemes,Government Schemes,Check official government portals for current schemes and eligibility.
1393,आवेदनस्य स्थितिःप्राप्तेः प्रक्रिया का?,Sanskrit,Application Status,Application Status,Use the relevant official service with your application/reference number.
2174,నీటి బిల్లు గురించి సహాయం కావాలి.,Telugu,Water Bill,Water Bill,Use the relevant water-supply authority or official payment service.
2460,ਸਰਕਾਰੀ ਯੋਜਨਾਵਾਂ ਬਾਰੇ ਮਦਦ ਚਾਹੀਦੀ ਹੈ।,Punjabi,Government Schemes,Government Schemes,Check official government portals for current schemes and eligibility.
1539,सर्वकारीययोजनाःसेवा कुत्र लभ्यते?,Sanskrit,Government Schemes,Government Schemes,Check official government portals for current schemes and eligibility.
2426,నీటి బిల్లు కోసం ఆన్‌లైన్‌లో దరఖాస్తు చేయవచ్చా?,Telugu,Water Bill,Water Bill,Use the relevant water-supply authority or official payment service.
1762,വരുമാന സർട്ടിഫിക്കറ്റ് എവിടെ ലഭിക്കും?,Malayalam,Income Certificate,Income Certificate,Apply through the appropriate revenue/local government service.
820,ବିଦ୍ୟୁତ ବିଲ୍ ପାଇଁ ଆବେଦନ କରିବାକୁ କଣ କରିବି?,Odia,Electricity Bill,Electricity Bill,Use the relevant electricity distribution company or official payment service.
1655,ସରକାରୀ ଅଭିଯୋଗ କିପରି ପାଇବି?,Odia,Complaint Registration,Complaint Registration,Submit the complaint through the appropriate official government grievance service.
2089,বাসস্থানৰ প্ৰমাণপত্ৰৰ সেৱা ক'ত পাম?,Assamese,Residence Certificate,Residence Certificate,Apply through the appropriate revenue/local government service.
255,ମୃତ୍ୟୁ ପ୍ରମାଣପତ୍ର କିପରି ପାଇବି?,Odia,Death Certificate,Death Certificate,Use the appropriate official death registration/local government service.
2297,What is required for death certificate?,English,Death Certificate,Death Certificate,Use the appropriate official death registration/local government service.
1966,Where should I submit a residence certificate application?,English,Residence Certificate,Residence Certificate,Apply through the appropriate revenue/local government service.
2370,నీటి బిల్లు కోసం ఏమి కావాలి?,Telugu,Water Bill,Water Bill,Use the relevant water-supply authority or official payment service.
1852,సమాజ ధృవీకరణ పత్రం ఎక్కడ లభిస్తుంది?,Telugu,Community Certificate,Community Certificate,Apply through the appropriate revenue/local government service.
2883,সম্প্ৰদায়ৰ প্ৰমাণপত্ৰৰ বিষয়ে সহায় লাগে।,Assamese,Community Certificate,Community Certificate,Apply through the appropriate revenue/local government service.
392,ରାସନ କାର୍ଡ କେଉଁଠାରେ ମିଳିବ?,Odia,Ration Card,Ration Card,Use the relevant food and civil supplies department or official service.
75,ಜನನ ಪ್ರಮಾಣಪತ್ರವನ್ನು ಹೇಗೆ ಪಡೆಯಬಹುದು?,Kannada,Birth Certificate,Birth Certificate,Use the appropriate official birth registration/local government service.
2202,నీటి బిల్లు కోసం ఎక్కడి నుంచి ప్రారంభించాలి?,Telugu,Water Bill,Water Bill,Use the relevant water-supply authority or official payment service.
2561,সম্প্ৰদায়ৰ প্ৰমাণপত্ৰৰ বাবে ক'ৰ পৰা আৰম্ভ কৰিম?,Assamese,Community Certificate,Community Certificate,Apply through the appropriate revenue/local government service.
1661,চৰকাৰী অভিযোগৰ বাবে কেনেকৈ আবেদন কৰিব?,Assamese,Complaint Registration,Complaint Registration,Submit the complaint through the appropriate official government grievance service.
1929,برادری کا سرٹیفکیٹ کی خدمت کہاں ملے گی؟,Urdu,Community Certificate,Community Certificate,Apply through the appropriate revenue/local government service.
2627,അപേക്ഷയുടെ നില ന് എവിടെ നിന്ന് തുടങ്ങണം?,Malayalam,Application Status,Application Status,Use the relevant official service with your application/reference number.
86,ജനന സർട്ടിഫിക്കറ്റ് അപേക്ഷ എവിടെ സമർപ്പിക്കണം?,Malayalam,Birth Certificate,Birth Certificate,Use the appropriate official birth registration/local government service.
1653,ସରକାରୀ ଅଭିଯୋଗ ପାଇବାର ପ୍ରକ୍ରିୟା କଣ?,Odia,Complaint Registration,Complaint Registration,Submit the complaint through the appropriate official government grievance service.
2140,ଆୟ ପ୍ରମାଣପତ୍ର ପାଇଁ କେଉଁଠାରୁ ଆରମ୍ଭ କରିବି?,Odia,Income Certificate,Income Certificate,Apply through the appropriate revenue/local government service.
413,राशनपत्रिकाप्राप्तेः प्रक्रिया का?,Sanskrit,Ration Card,Ration Card,Use the relevant food and civil supplies department or official service.
1896,ಸಮುದಾಯ ಪ್ರಮಾಣಪತ್ರ ಅರ್ಜಿಯನ್ನು ಎಲ್ಲಿ ಸಲ್ಲಿಸಬೇಕು?,Kannada,Community Certificate,Community Certificate,Apply through the appropriate revenue/local government service.
1970,"I want to apply for a residence certificate, what should I do?",English,Residence Certificate,Residence Certificate,Apply through the appropriate revenue/local government service.
2111,سرکاری شکایت کے بارے میں مدد چاہیے۔,Urdu,Complaint Registration,Complaint Registration,Submit the complaint through the appropriate official government grievance service.
1714,"నాకు ఆదాయ ధృవీకరణ పత్రం కావాలి, ఎలా దరఖాస్తు చేయాలి?",Telugu,Income Certificate,Income Certificate,Apply through the appropriate revenue/local government service.
2766,ಪಾಸ್‌ಪೋರ್ಟ್ಗಾಗಿ ಎಲ್ಲಿಂದ ಪ್ರಾರಂಭಿಸಬೇಕು?,Kannada,Passport,Passport,Use the official passport service.
2100,निवासप्रमाणपत्राय आवेदनं कर्तुं किं करणीयम्?,Sanskrit,Residence Certificate,Residence Certificate,Apply through the appropriate revenue/local government service.
1581,সরকারি অভিযোগ-এর জন্য কীভাবে আবেদন করব?,Bengali,Complaint Registration,Complaint Registration,Submit the complaint through the appropriate official government grievance service.
952,ଡ୍ରାଇଭିଂ ଲାଇସେନ୍ସ କେଉଁଠାରେ ମିଳିବ?,Odia,Driving Licence,Driving Licence,Use the official transport department/licensing service.
1883,સમુદાય પ્રમાણપત્ર મેળવવાની પ્રક્રિયા શું છે?,Gujarati,Community Certificate,Community Certificate,Apply through the appropriate revenue/local government service.
1759,ಆದಾಯ ಪ್ರಮಾಣಪತ್ರ ಸೇವೆ ಎಲ್ಲಿ ಸಿಗುತ್ತದೆ?,Kannada,Income Certificate,Income Certificate,Apply through the appropriate revenue/local government service.
1808,উপাৰ্জনৰ প্ৰমাণপত্ৰৰ বাবে কেনেকৈ অনুৰোধ কৰিম?,Assamese,Income Certificate,Income Certificate,Apply through the appropriate revenue/local government service.
91,ਜਨਮ ਸਰਟੀਫਿਕੇਟ ਲਈ ਅਰਜ਼ੀ ਕਿਵੇਂ ਦੇਣੀ ਹੈ?,Punjabi,Birth Certificate,Birth Certificate,Use the appropriate official birth registration/local government service.
274,"मम मृत्युप्रमाणपत्र आवश्यकम्, कथम् आवेदनं करिष्यामि?",Sanskrit,Death Certificate,Death Certificate,Use the appropriate official death registration/local government service.
2003,বাসস্থান শংসাপত্র পাওয়ার প্রক্রিয়া কী?,Bengali,Residence Certificate,Residence Certificate,Apply through the appropriate revenue/local government service.
1497,ਸਰਕਾਰੀ ਯੋਜਨਾਵਾਂ ਲਈ ਕਿਹੜੇ ਦਸਤਾਵੇਜ਼ ਚਾਹੀਦੇ ਹਨ?,Punjabi,Government Schemes,Government Schemes,Check official government portals for current schemes and eligibility.
1876,समुदाय प्रमाणपत्र चा अर्ज कुठे जमा करायचा?,Marathi,Community Certificate,Community Certificate,Apply through the appropriate revenue/local government service.
1943,সম্প্ৰদায়ৰ প্ৰমাণপত্ৰ পোৱাৰ প্ৰক্ৰিয়া কি?,Assamese,Community Certificate,Community Certificate,Apply through the appropriate revenue/local government service.
2927,What is required for death certificate?,English,Death Certificate,Death Certificate,Use the appropriate official death registration/local government service.
2524,నీటి బిల్లు గురించి సహాయం కావాలి.,Telugu,Water Bill,Water Bill,Use the relevant water-supply authority or official payment service.
1823,What is the process for getting a community certificate?,English,Community Certificate,Community Certificate,Apply through the appropriate revenue/local government service.
520,ਪ੍ਰਾਪਰਟੀ ਟੈਕਸ ਲਈ ਅਰਜ਼ੀ ਦੇਣ ਲਈ ਕੀ ਕਰਨਾ ਹੈ?,Punjabi,Property Tax,Property Tax,Use the relevant municipal or local government property-tax service.
765,વીજળીનું બિલ કેવી રીતે મેળવી શકાય?,Gujarati,Electricity Bill,Electricity Bill,Use the relevant electricity distribution company or official payment service.
793,ਬਿਜਲੀ ਦਾ ਬਿੱਲ ਲੈਣ ਦੀ ਪ੍ਰਕਿਰਿਆ ਕੀ ਹੈ?,Punjabi,Electricity Bill,Electricity Bill,Use the relevant electricity distribution company or official payment service.
1238,ପାସପୋର୍ଟ ପାଇଁ କିପରି ଅନୁରୋଧ କରିବି?,Odia,Passport,Passport,Use the official passport service.
2459,അപേക്ഷയുടെ നില സംബന്ധിച്ച് സഹായം വേണം.,Malayalam,Application Status,Application Status,Use the relevant official service with your application/reference number.
800,ਬਿਜਲੀ ਦਾ ਬਿੱਲ ਲਈ ਅਰਜ਼ੀ ਦੇਣ ਲਈ ਕੀ ਕਰਨਾ ਹੈ?,Punjabi,Electricity Bill,Electricity Bill,Use the relevant electricity distribution company or official payment service.
2253,সম্প্ৰদায়ৰ প্ৰমাণপত্ৰৰ বিষয়ে সহায় লাগে।,Assamese,Community Certificate,Community Certificate,Apply through the appropriate revenue/local government service.
2134,ड्रायव्हिंग लायसन्स साठी सुरुवात कुठून करू?,Marathi,Driving Licence,Driving Licence,Use the official transport department/licensing service.
2868,ଆୟ ପ୍ରମାଣପତ୍ର ପାଇଁ କଣ ଦରକାର?,Odia,Income Certificate,Income Certificate,Apply through the appropriate revenue/local government service.
1605,સરકારી ફરિયાદ કેવી રીતે મેળવી શકાય?,Gujarati,Complaint Registration,Complaint Registration,Submit the complaint through the appropriate official government grievance service.
139,जन्मप्रमाणपत्रस्य प्रतिलिपिः कथं प्राप्यते?,Sanskrit,Birth Certificate,Birth Certificate,Use the appropriate official birth registration/local government service.
739,విద్యుత్ బిల్లు సేవ ఎక్కడ లభిస్తుంది?,Telugu,Electricity Bill,Electricity Bill,Use the relevant electricity distribution company or official payment service.
2592,राशन कार्ड के लिए मदद चाहिए।,Hindi,Ration Card,Ration Card,Use the relevant food and civil supplies department or official service.
176,మరణ ధృవీకరణ పత్రం దరఖాస్తును ఎక్కడ సమర్పించాలి?,Telugu,Death Certificate,Death Certificate,Use the appropriate official death registration/local government service.
2985,சொத்து வரிக்கு ஆன்லைனில் விண்ணப்பிக்கலாமா?,Tamil,Property Tax,Property Tax,Use the relevant municipal or local government property-tax service.
854,"मुझे ड्राइविंग लाइसेंस चाहिए, कैसे आवेदन करूँ?",Hindi,Driving Licence,Driving Licence,Use the official transport department/licensing service.
493,ಆಸ್ತಿ ತೆರಿಗೆ ಪಡೆಯುವ ಪ್ರಕ್ರಿಯೆ ಏನು?,Kannada,Property Tax,Property Tax,Use the relevant municipal or local government property-tax service.
723,மின்சார கட்டணம் பெறும் நடைமுறை என்ன?,Tamil,Electricity Bill,Electricity Bill,Use the relevant electricity distribution company or official payment service.
4,"I need a birth certificate, how can I apply?",English,Birth Certificate,Birth Certificate,Use the appropriate official birth registration/local government service.
1509,سرکاری اسکیمیں کی خدمت کہاں ملے گی؟,Urdu,Government Schemes,Government Schemes,Check official government portals for current schemes and eligibility.
597,నీటి బిల్లు కోసం ఏ పత్రాలు అవసరం?,Telugu,Water Bill,Water Bill,Use the relevant water-supply authority or official payment service.
295,राशन कार्ड कैसे प्राप्त कर सकते हैं?,Hindi,Ration Card,Ration Card,Use the relevant food and civil supplies department or official service.
2979,سرکاری شکایت کے لیے کہاں سے شروع کروں؟,Urdu,Complaint Registration,Complaint Registration,Submit the complaint through the appropriate official government grievance service.
1056,ಮತದಾರರ ಗುರುತಿನ ಚೀಟಿ ಅರ್ಜಿಯನ್ನು ಎಲ್ಲಿ ಸಲ್ಲಿಸಬೇಕು?,Kannada,Voter ID,Voter ID,Use the official election/voter service.
34,"నాకు జనన ధృవీకరణ పత్రం కావాలి, ఎలా దరఖాస్తు చేయాలి?",Telugu,Birth Certificate,Birth Certificate,Use the appropriate official birth registration/local government service.
1098,ଭୋଟର ଆଇଡି ପାଇଁ କିପରି ଅନୁରୋଧ କରିବି?,Odia,Voter ID,Voter ID,Use the official election/voter service.
2721,বিদ্যুৎ বিল এর জন্য কী দরকার?,Bengali,Electricity Bill,Electricity Bill,Use the relevant electricity distribution company or official payment service.
2368,राशन कार्ड के लिए क्या चाहिए?,Hindi,Ration Card,Ration Card,Use the relevant food and civil supplies department or official service.
2765,મતદાર ઓળખ કાર્ડ માટે ક્યાંથી શરૂઆત કરું?,Gujarati,Voter ID,Voter ID,Use the official election/voter service.
937,ਡਰਾਈਵਿੰਗ ਲਾਇਸੈਂਸ ਲਈ ਕਿਹੜੇ ਦਸਤਾਵੇਜ਼ ਚਾਹੀਦੇ ਹਨ?,Punjabi,Driving Licence,Driving Licence,Use the official transport department/licensing service.
1448,সরকারি প্রকল্প-এর জন্য কীভাবে অনুরোধ করব?,Bengali,Government Schemes,Government Schemes,Check official government portals for current schemes and eligibility.
489,મિલકત વેરોની સેવા ક્યાં મળશે?,Gujarati,Property Tax,Property Tax,Use the relevant municipal or local government property-tax service.
98,ਜਨਮ ਰਜਿਸਟਰ ਕਰਵਾ ਕੇ ਸਰਟੀਫਿਕੇਟ ਕਿਵੇਂ ਲੈਣਾ ਹੈ?,Punjabi,Birth Certificate,Birth Certificate,Use the appropriate official birth registration/local government service.
2686,ଆୟ ପ୍ରମାଣପତ୍ର ପାଇଁ ପଦକ୍ଷେପ କହନ୍ତୁ।,Odia,Income Certificate,Income Certificate,Apply through the appropriate revenue/local government service.
617,पाण्याचे बिल साठी कोणती कागदपत्रे आवश्यक आहेत?,Marathi,Water Bill,Water Bill,Use the relevant water-supply authority or official payment service.
1191,ಪಾಸ್‌ಪೋರ್ಟ್ಗೆ ಹೇಗೆ ಅರ್ಜಿ ಸಲ್ಲಿಸುವುದು?,Kannada,Passport,Passport,Use the official passport service.
591,నీటి బిల్లు కోసం ఎలా దరఖాస్తు చేయాలి?,Telugu,Water Bill,Water Bill,Use the relevant water-supply authority or official payment service.
1417,सरकारी योजनाएं के लिए कौन से दस्तावेज चाहिए?,Hindi,Government Schemes,Government Schemes,Check official government portals for current schemes and eligibility.
1504,مجھے سرکاری اسکیمیں چاہیے، درخواست کیسے دوں؟,Urdu,Government Schemes,Government Schemes,Check official government portals for current schemes and eligibility.
1174,"मला पासपोर्ट हवे आहे, अर्ज कसा करू?",Marathi,Passport,Passport,Use the official passport service.
307,ரேஷன் கார்டுக்கு என்ன ஆவணங்கள் தேவை?,Tamil,Ration Card,Ration Card,Use the relevant food and civil supplies department or official service.
2613,അപേക്ഷയുടെ നില ചെയ്യുന്നതിനുള്ള ഘട്ടങ്ങൾ പറയൂ.,Malayalam,Application Status,Application Status,Use the relevant official service with your application/reference number.
1708,வருமான சான்றிதழ்க்கு எப்படி கோரிக்கை விடுப்பது?,Tamil,Income Certificate,Income Certificate,Apply through the appropriate revenue/local government service.
2794,ಪಾಸ್‌ಪೋರ್ಟ್ಗೆ ಏನು ಬೇಕು?,Kannada,Passport,Passport,Use the official passport service.
2663,சொத்து வரி பற்றி உதவி வேண்டும்.,Tamil,Property Tax,Property Tax,Use the relevant municipal or local government property-tax service.
2152,ਕੀ ਸਰਕਾਰੀ ਯੋਜਨਾਵਾਂ ਲਈ ਆਨਲਾਈਨ ਅਰਜ਼ੀ ਦੇ ਸਕਦੇ ਹਾਂ?,Punjabi,Government Schemes,Government Schemes,Check official government portals for current schemes and eligibility.
2745,Tell me the steps for death certificate.,English,Death Certificate,Death Certificate,Use the appropriate official death registration/local government service.
2128,निवासप्रमाणपत्र कृते क्रमाः कथ्यन्ताम्।,Sanskrit,Residence Certificate,Residence Certificate,Apply through the appropriate revenue/local government service.
2942,राशन कार्ड के लिए मदद चाहिए।,Hindi,Ration Card,Ration Card,Use the relevant food and civil supplies department or official service.
2044,"എനിക്ക് താമസ സർട്ടിഫിക്കറ്റ് വേണം, എങ്ങനെ അപേക്ഷിക്കാം?",Malayalam,Residence Certificate,Residence Certificate,Apply through the appropriate revenue/local government service.
1292,దరఖాస్తు స్థితి ఎక్కడ లభిస్తుంది?,Telugu,Application Status,Application Status,Use the relevant official service with your application/reference number.
79,ಜನನ ಪ್ರಮಾಣಪತ್ರದ ಪ್ರತಿಯನ್ನು ಹೇಗೆ ಪಡೆಯುವುದು?,Kannada,Birth Certificate,Birth Certificate,Use the appropriate official birth registration/local government service.
1211,ਪਾਸਪੋਰਟ ਲਈ ਅਰਜ਼ੀ ਕਿਵੇਂ ਦੇਣੀ ਹੈ?,Punjabi,Passport,Passport,Use the official passport service.
1941,সম্প্ৰদায়ৰ প্ৰমাণপত্ৰৰ বাবে কেনেকৈ আবেদন কৰিব?,Assamese,Community Certificate,Community Certificate,Apply through the appropriate revenue/local government service.
687,পানীৰ বিলৰ বাবে কি কি নথি লাগে?,Assamese,Water Bill,Water Bill,Use the relevant water-supply authority or official payment service.
1974,"मुझे निवास प्रमाण पत्र चाहिए, कैसे आवेदन करूँ?",Hindi,Residence Certificate,Residence Certificate,Apply through the appropriate revenue/local government service.
2551,சொத்து வரிக்கு எங்கிருந்து தொடங்குவது?,Tamil,Property Tax,Property Tax,Use the relevant municipal or local government property-tax service.
2204,ड्रायव्हिंग लायसन्स साठी सुरुवात कुठून करू?,Marathi,Driving Licence,Driving Licence,Use the official transport department/licensing service.
2423,Can I apply for death certificate online?,English,Death Certificate,Death Certificate,Use the appropriate official death registration/local government service.
2908,ਸਰਕਾਰੀ ਯੋਜਨਾਵਾਂ ਲਈ ਕਿੱਥੋਂ ਸ਼ੁਰੂ ਕਰਾਂ?,Punjabi,Government Schemes,Government Schemes,Check official government portals for current schemes and eligibility.
1432,ప్రభుత్వ పథకాలు ఎక్కడ లభిస్తుంది?,Telugu,Government Schemes,Government Schemes,Check official government portals for current schemes and eligibility.
1977,निवास प्रमाण पत्र के लिए कौन से दस्तावेज चाहिए?,Hindi,Residence Certificate,Residence Certificate,Apply through the appropriate revenue/local government service.
483,મિલકત વેરો મેળવવાની પ્રક્રિયા શું છે?,Gujarati,Property Tax,Property Tax,Use the relevant municipal or local government property-tax service.
766,વીજળીનું બિલની અરજી ક્યાં જમા કરવી?,Gujarati,Electricity Bill,Electricity Bill,Use the relevant electricity distribution company or official payment service.
1968,How can I request a residence certificate?,English,Residence Certificate,Residence Certificate,Apply through the appropriate revenue/local government service.
812,ବିଦ୍ୟୁତ ବିଲ୍ କେଉଁଠାରେ ମିଳିବ?,Odia,Electricity Bill,Electricity Bill,Use the relevant electricity distribution company or official payment service.
110,پیدائش کے سرٹیفکیٹ کی خدمت کہاں ملے گی؟,Urdu,Birth Certificate,Birth Certificate,Use the appropriate official birth registration/local government service.
1683,What is the process for getting a income certificate?,English,Income Certificate,Income Certificate,Apply through the appropriate revenue/local government service.
55,जन्म प्रमाणपत्र कसे मिळवता येईल?,Marathi,Birth Certificate,Birth Certificate,Use the appropriate official birth registration/local government service.
2491,সম্প্ৰদায়ৰ প্ৰমাণপত্ৰৰ বাবে ক'ৰ পৰা আৰম্ভ কৰিম?,Assamese,Community Certificate,Community Certificate,Apply through the appropriate revenue/local government service.
924,"എനിക്ക് ഡ്രൈവിംഗ് ലൈസൻസ് വേണം, എങ്ങനെ അപേക്ഷിക്കാം?",Malayalam,Driving Licence,Driving Licence,Use the official transport department/licensing service.
455,ఆస్తి పన్ను ఎలా పొందాలి?,Telugu,Property Tax,Property Tax,Use the relevant municipal or local government property-tax service.
2743,সম্প্ৰদায়ৰ প্ৰমাণপত্ৰৰ বিষয়ে সহায় লাগে।,Assamese,Community Certificate,Community Certificate,Apply through the appropriate revenue/local government service.
2984,क्या राशन कार्ड के लिए ऑनलाइन आवेदन कर सकते हैं?,Hindi,Ration Card,Ration Card,Use the relevant food and civil supplies department or official service.
302,ரேஷன் கார்டு எங்கே கிடைக்கும்?,Tamil,Ration Card,Ration Card,Use the relevant food and civil supplies department or official service.
1597,सरकारी तक्रार साठी कोणती कागदपत्रे आवश्यक आहेत?,Marathi,Complaint Registration,Complaint Registration,Submit the complaint through the appropriate official government grievance service.
2056,ਰਿਹਾਇਸ਼ ਸਰਟੀਫਿਕੇਟ ਦੀ ਅਰਜ਼ੀ ਕਿੱਥੇ ਜਮ੍ਹਾਂ ਕਰਵਾਉਣੀ ਹੈ?,Punjabi,Residence Certificate,Residence Certificate,Apply through the appropriate revenue/local government service.
1768,വരുമാന സർട്ടിഫിക്കറ്റ് ന് എങ്ങനെ അഭ്യർത്ഥിക്കാം?,Malayalam,Income Certificate,Income Certificate,Apply through the appropriate revenue/local government service.
2675,Tell me the steps for death certificate.,English,Death Certificate,Death Certificate,Use the appropriate official death registration/local government service.
2574,ଆୟ ପ୍ରମାଣପତ୍ର ପାଇଁ ଅନଲାଇନରେ ଆବେଦନ କରିପାରିବି କି?,Odia,Income Certificate,Income Certificate,Apply through the appropriate revenue/local government service.
1931,ସମ୍ପ୍ରଦାୟ ପ୍ରମାଣପତ୍ର ପାଇଁ କିପରି ଆବେଦନ କରିବେ?,Odia,Community Certificate,Community Certificate,Apply through the appropriate revenue/local government service.
2579,சொத்து வரிக்கு என்ன தேவை?,Tamil,Property Tax,Property Tax,Use the relevant municipal or local government property-tax service.
1057,ಮತದಾರರ ಗುರುತಿನ ಚೀಟಿಗೆ ಯಾವ ದಾಖಲೆಗಳು ಬೇಕು?,Kannada,Voter ID,Voter ID,Use the official election/voter service.
2945,বিদ্যুৎ বিল সম্পর্কে সাহায্য চাই।,Bengali,Electricity Bill,Electricity Bill,Use the relevant electricity distribution company or official payment service.
1283,விண்ணப்பத்தின் நிலை பெறும் நடைமுறை என்ன?,Tamil,Application Status,Application Status,Use the relevant official service with your application/reference number.
1726,আয় শংসাপত্র-এর আবেদন কোথায় জমা দেব?,Bengali,Income Certificate,Income Certificate,Apply through the appropriate revenue/local government service.
2246,ड्रायव्हिंग लायसन्स बद्दल मदत हवी आहे.,Marathi,Driving Licence,Driving Licence,Use the official transport department/licensing service.
107,پیدائش کے سرٹیفکیٹ کے لیے کون سی دستاویزات چاہئیں؟,Urdu,Birth Certificate,Birth Certificate,Use the appropriate official birth registration/local government service.
2775,சொத்து வரிக்கு ஆன்லைனில் விண்ணப்பிக்கலாமா?,Tamil,Property Tax,Property Tax,Use the relevant municipal or local government property-tax service.
2901,சொத்து வரிக்கு எங்கிருந்து தொடங்குவது?,Tamil,Property Tax,Property Tax,Use the relevant municipal or local government property-tax service.
409,ৰেচন কাৰ্ডৰ সেৱা ক'ত পাম?,Assamese,Ration Card,Ration Card,Use the relevant food and civil supplies department or official service.
332,रेशन कार्ड कुठे मिळेल?,Marathi,Ration Card,Ration Card,Use the relevant food and civil supplies department or official service.
858,ड्राइविंग लाइसेंस के लिए अनुरोध कैसे करें?,Hindi,Driving Licence,Driving Licence,Use the official transport department/licensing service.
1081,ووٹر آئی ڈی کے لیے درخواست کیسے دیں؟,Urdu,Voter ID,Voter ID,Use the official election/voter service.
2225,সম্প্ৰদায়ৰ প্ৰমাণপত্ৰৰ বাবে অনলাইন আবেদন কৰিব পাৰিনে?,Assamese,Community Certificate,Community Certificate,Apply through the appropriate revenue/local government service.
2251,سرکاری شکایت کے بارے میں مدد چاہیے۔,Urdu,Complaint Registration,Complaint Registration,Submit the complaint through the appropriate official government grievance service.
578,पानी का बिल के लिए अनुरोध कैसे करें?,Hindi,Water Bill,Water Bill,Use the relevant water-supply authority or official payment service.
1682,Where can I get a income certificate?,English,Income Certificate,Income Certificate,Apply through the appropriate revenue/local government service.
2099,निवासप्रमाणपत्रसेवा कुत्र लभ्यते?,Sanskrit,Residence Certificate,Residence Certificate,Apply through the appropriate revenue/local government service.
2697,അപേക്ഷയുടെ നില ന് എവിടെ നിന്ന് തുടങ്ങണം?,Malayalam,Application Status,Application Status,Use the relevant official service with your application/reference number.
754,"मला वीज बिल हवे आहे, अर्ज कसा करू?",Marathi,Electricity Bill,Electricity Bill,Use the relevant electricity distribution company or official payment service.
1338,ಅರ್ಜಿಯ ಸ್ಥಿತಿಗಾಗಿ ಹೇಗೆ ವಿನಂತಿಸಬೇಕು?,Kannada,Application Status,Application Status,Use the relevant official service with your application/reference number.
2338,निवासप्रमाणपत्र कृते क्रमाः कथ्यन्ताम्।,Sanskrit,Residence Certificate,Residence Certificate,Apply through the appropriate revenue/local government service.
2831,சொத்து வரிக்கு எங்கிருந்து தொடங்குவது?,Tamil,Property Tax,Property Tax,Use the relevant municipal or local government property-tax service.
1992,నివాస ధృవీకరణ పత్రం ఎక్కడ లభిస్తుంది?,Telugu,Residence Certificate,Residence Certificate,Apply through the appropriate revenue/local government service.
2069,رہائشی سرٹیفکیٹ کی خدمت کہاں ملے گی؟,Urdu,Residence Certificate,Residence Certificate,Apply through the appropriate revenue/local government service.
480,मालमत्ता कर साठी अर्ज करण्यासाठी काय करावे?,Marathi,Property Tax,Property Tax,Use the relevant municipal or local government property-tax service.
1584,"আমার সরকারি অভিযোগ দরকার, কীভাবে আবেদন করব?",Bengali,Complaint Registration,Complaint Registration,Submit the complaint through the appropriate official government grievance service.
584,"எனக்கு தண்ணீர் கட்டணம் வேண்டும், எப்படி விண்ணப்பிப்பது?",Tamil,Water Bill,Water Bill,Use the relevant water-supply authority or official payment service.
910,ડ્રાઇવિંગ લાઇસન્સ માટે અરજી કરવા શું કરવું?,Gujarati,Driving Licence,Driving Licence,Use the official transport department/licensing service.
487,મિલકત વેરો માટે કયા દસ્તાવેજો જોઈએ?,Gujarati,Property Tax,Property Tax,Use the relevant municipal or local government property-tax service.
747,বিদ্যুৎ বিল-এর জন্য কী কী নথি লাগবে?,Bengali,Electricity Bill,Electricity Bill,Use the relevant electricity distribution company or official payment service.
1507,سرکاری اسکیمیں کے لیے کون سی دستاویزات چاہئیں؟,Urdu,Government Schemes,Government Schemes,Check official government portals for current schemes and eligibility.
2773,Can I apply for death certificate online?,English,Death Certificate,Death Certificate,Use the appropriate official death registration/local government service.
1264,"I need a application status, how can I apply?",English,Application Status,Application Status,Use the relevant official service with your application/reference number.
340,रेशन कार्ड साठी अर्ज करण्यासाठी काय करावे?,Marathi,Ration Card,Ration Card,Use the relevant food and civil supplies department or official service.
371,ਰਾਸ਼ਨ ਕਾਰਡ ਲਈ ਅਰਜ਼ੀ ਕਿਵੇਂ ਦੇਣੀ ਹੈ?,Punjabi,Ration Card,Ration Card,Use the relevant food and civil supplies department or official service.
2158,राशन कार्ड के लिए क्या चाहिए?,Hindi,Ration Card,Ration Card,Use the relevant food and civil supplies department or official service.
316,రేషన్ కార్డు దరఖాస్తును ఎక్కడ సమర్పించాలి?,Telugu,Ration Card,Ration Card,Use the relevant food and civil supplies department or official service.
1667,চৰকাৰী অভিযোগৰ বাবে কি কি নথি লাগে?,Assamese,Complaint Registration,Complaint Registration,Submit the complaint through the appropriate official government grievance service.
269,মৃত্যু প্ৰমাণপত্ৰৰ সেৱা ক'ত পাম?,Assamese,Death Certificate,Death Certificate,Use the appropriate official death registration/local government service.
690,পানীৰ বিলৰ বাবে আবেদন কৰিবলৈ কি কৰিব লাগিব?,Assamese,Water Bill,Water Bill,Use the relevant water-supply authority or official payment service.
1295,దరఖాస్తు స్థితి ఎలా పొందాలి?,Telugu,Application Status,Application Status,Use the relevant official service with your application/reference number.
1252,पारपत्र कुत्र लभ्यते?,Sanskrit,Passport,Passport,Use the official passport service.
2906,ಪಾಸ್‌ಪೋರ್ಟ್ಗಾಗಿ ಎಲ್ಲಿಂದ ಪ್ರಾರಂಭಿಸಬೇಕು?,Kannada,Passport,Passport,Use the official passport service.
2424,क्या राशन कार्ड के लिए ऑनलाइन आवेदन कर सकते हैं?,Hindi,Ration Card,Ration Card,Use the relevant food and civil supplies department or official service.
2716,निवासप्रमाणपत्र कृते जालमाध्यमेन आवेदनं कर्तुं शक्यते वा?,Sanskrit,Residence Certificate,Residence Certificate,Apply through the appropriate revenue/local government service.
1833,समुदाय प्रमाण पत्र प्राप्त करने की प्रक्रिया क्या है?,Hindi,Community Certificate,Community Certificate,Apply through the appropriate revenue/local government service.
2548,निवासप्रमाणपत्र कृते क्रमाः कथ्यन्ताम्।,Sanskrit,Residence Certificate,Residence Certificate,Apply through the appropriate revenue/local government service.
2407,সম্প্ৰদায়ৰ প্ৰমাণপত্ৰৰ পদক্ষেপসমূহ কওক।,Assamese,Community Certificate,Community Certificate,Apply through the appropriate revenue/local government service.
1399,आवेदनस्य स्थितिःसेवा कुत्र लभ्यते?,Sanskrit,Application Status,Application Status,Use the relevant official service with your application/reference number.
2074,"ମୋତେ ବାସସ୍ଥାନ ପ୍ରମାଣପତ୍ର ଦରକାର, କିପରି ଆବେଦନ କରିବି?",Odia,Residence Certificate,Residence Certificate,Apply through the appropriate revenue/local government service.
394,"ମୋତେ ରାସନ କାର୍ଡ ଦରକାର, କିପରି ଆବେଦନ କରିବି?",Odia,Ration Card,Ration Card,Use the relevant food and civil supplies department or official service.
2751,મતદાર ઓળખ કાર્ડ માટેના પગલાં જણાવો.,Gujarati,Voter ID,Voter ID,Use the official election/voter service.
700,जलशुल्काय आवेदनं कर्तुं किं करणीयम्?,Sanskrit,Water Bill,Water Bill,Use the relevant water-supply authority or official payment service.
2614,ਸਰਕਾਰੀ ਯੋਜਨਾਵਾਂ ਲਈ ਕਦਮ ਦੱਸੋ।,Punjabi,Government Schemes,Government Schemes,Check official government portals for current schemes and eligibility.
1468,સરકારી યોજનાઓ માટે વિનંતી કેવી રીતે કરવી?,Gujarati,Government Schemes,Government Schemes,Check official government portals for current schemes and eligibility.
1465,સરકારી યોજનાઓ કેવી રીતે મેળવી શકાય?,Gujarati,Government Schemes,Government Schemes,Check official government portals for current schemes and eligibility.
1669,চৰকাৰী অভিযোগৰ সেৱা ক'ত পাম?,Assamese,Complaint Registration,Complaint Registration,Submit the complaint through the appropriate official government grievance service.
38,జననాన్ని నమోదు చేసి ధృవీకరణ పత్రం ఎలా పొందాలి?,Telugu,Birth Certificate,Birth Certificate,Use the appropriate official birth registration/local government service.
1976,निवास प्रमाण पत्र का आवेदन कहाँ जमा करें?,Hindi,Residence Certificate,Residence Certificate,Apply through the appropriate revenue/local government service.
1042,મતદાર ઓળખ કાર્ડ ક્યાં મળશે?,Gujarati,Voter ID,Voter ID,Use the official election/voter service.
2847,বিদ্যুৎ বিল এর জন্য অনলাইনে আবেদন করা যায় কি?,Bengali,Electricity Bill,Electricity Bill,Use the relevant electricity distribution company or official payment service.
192,मृत्यू प्रमाणपत्र कुठे मिळेल?,Marathi,Death Certificate,Death Certificate,Use the appropriate official death registration/local government service.
2836,ಪಾಸ್‌ಪೋರ್ಟ್ಗಾಗಿ ಎಲ್ಲಿಂದ ಪ್ರಾರಂಭಿಸಬೇಕು?,Kannada,Passport,Passport,Use the official passport service.
262,মৃত্যু প্ৰমাণপত্ৰ ক'ত পাম?,Assamese,Death Certificate,Death Certificate,Use the appropriate official death registration/local government service.
1634,"ਮੈਨੂੰ ਸਰਕਾਰੀ ਸ਼ਿਕਾਇਤ ਚਾਹੀਦਾ ਹੈ, ਅਰਜ਼ੀ ਕਿਵੇਂ ਦੇਵਾਂ?",Punjabi,Complaint Registration,Complaint Registration,Submit the complaint through the appropriate official government grievance service.
772,ವಿದ್ಯುತ್ ಬಿಲ್ ಎಲ್ಲಿ ಸಿಗುತ್ತದೆ?,Kannada,Electricity Bill,Electricity Bill,Use the relevant electricity distribution company or official payment service.
2778,ड्रायव्हिंग लायसन्स साठी ऑनलाइन अर्ज करता येतो का?,Marathi,Driving Licence,Driving Licence,Use the official transport department/licensing service.
2693,বিদ্যুৎ বিল এর জন্য কোথা থেকে শুরু করব?,Bengali,Electricity Bill,Electricity Bill,Use the relevant electricity distribution company or official payment service.
2532,ଆୟ ପ୍ରମାଣପତ୍ର ବିଷୟରେ ସାହାଯ୍ୟ ଦରକାର।,Odia,Income Certificate,Income Certificate,Apply through the appropriate revenue/local government service.
1219,ਪਾਸਪੋਰਟ ਦੀ ਸੇਵਾ ਕਿੱਥੇ ਮਿਲੇਗੀ?,Punjabi,Passport,Passport,Use the official passport service.
1675,सर्वकारीयशिकायत् कथं प्राप्तुं शक्यते?,Sanskrit,Complaint Registration,Complaint Registration,Submit the complaint through the appropriate official government grievance service.
803,بجلی کا بل حاصل کرنے کا طریقہ کیا ہے؟,Urdu,Electricity Bill,Electricity Bill,Use the relevant electricity distribution company or official payment service.
1910,സമുദായ സർട്ടിഫിക്കറ്റ് ന് അപേക്ഷിക്കാൻ എന്ത് ചെയ്യണം?,Malayalam,Community Certificate,Community Certificate,Apply through the appropriate revenue/local government service.
717,बिजली का बिल के लिए कौन से दस्तावेज चाहिए?,Hindi,Electricity Bill,Electricity Bill,Use the relevant electricity distribution company or official payment service.
290,"I want to apply for a ration card, what should I do?",English,Ration Card,Ration Card,Use the relevant food and civil supplies department or official service.
1194,"ನನಗೆ ಪಾಸ್‌ಪೋರ್ಟ್ ಬೇಕು, ಹೇಗೆ ಅರ್ಜಿ ಸಲ್ಲಿಸಬೇಕು?",Kannada,Passport,Passport,Use the official passport service.
167,இறப்பு சான்றிதழ்க்கு என்ன ஆவணங்கள் தேவை?,Tamil,Death Certificate,Death Certificate,Use the appropriate official death registration/local government service.
1346,അപേക്ഷയുടെ നില അപേക്ഷ എവിടെ സമർപ്പിക്കണം?,Malayalam,Application Status,Application Status,Use the relevant official service with your application/reference number.
2154,ଆୟ ପ୍ରମାଣପତ୍ର ପାଇଁ ଅନଲାଇନରେ ଆବେଦନ କରିପାରିବି କି?,Odia,Income Certificate,Income Certificate,Apply through the appropriate revenue/local government service.
1235,ପାସପୋର୍ଟ କିପରି ପାଇବି?,Odia,Passport,Passport,Use the official passport service.
517,ਪ੍ਰਾਪਰਟੀ ਟੈਕਸ ਲਈ ਕਿਹੜੇ ਦਸਤਾਵੇਜ਼ ਚਾਹੀਦੇ ਹਨ?,Punjabi,Property Tax,Property Tax,Use the relevant municipal or local government property-tax service.
582,தண்ணீர் கட்டணம் எங்கே கிடைக்கும்?,Tamil,Water Bill,Water Bill,Use the relevant water-supply authority or official payment service.
2538,నీటి బిల్లు కోసం దశలు చెప్పండి.,Telugu,Water Bill,Water Bill,Use the relevant water-supply authority or official payment service.
2270,राशन कार्ड के लिए शुरुआत कहाँ से करूँ?,Hindi,Ration Card,Ration Card,Use the relevant food and civil supplies department or official service.
194,"मला मृत्यू प्रमाणपत्र हवे आहे, अर्ज कसा करू?",Marathi,Death Certificate,Death Certificate,Use the appropriate official death registration/local government service.
1510,سرکاری اسکیمیں کے لیے درخواست دینے کے لیے کیا کرنا ہوگا؟,Urdu,Government Schemes,Government Schemes,Check official government portals for current schemes and eligibility.
1640,ਸਰਕਾਰੀ ਸ਼ਿਕਾਇਤ ਲਈ ਅਰਜ਼ੀ ਦੇਣ ਲਈ ਕੀ ਕਰਨਾ ਹੈ?,Punjabi,Complaint Registration,Complaint Registration,Submit the complaint through the appropriate official government grievance service.
686,পানীৰ বিলৰ আবেদন ক'ত জমা দিম?,Assamese,Water Bill,Water Bill,Use the relevant water-supply authority or official payment service.
1550,"I want to apply for a government complaint, what should I do?",English,Complaint Registration,Complaint Registration,Submit the complaint through the appropriate official government grievance service.
1225,پاسپورٹ کیسے حاصل کیا جا سکتا ہے؟,Urdu,Passport,Passport,Use the official passport service.
693,जलशुल्कप्राप्तेः प्रक्रिया का?,Sanskrit,Water Bill,Water Bill,Use the relevant water-supply authority or official payment service.
838,विद्युत्शुल्कार्थं कथं अनुरोधः करणीयः?,Sanskrit,Electricity Bill,Electricity Bill,Use the relevant electricity distribution company or official payment service.
794,"ਮੈਨੂੰ ਬਿਜਲੀ ਦਾ ਬਿੱਲ ਚਾਹੀਦਾ ਹੈ, ਅਰਜ਼ੀ ਕਿਵੇਂ ਦੇਵਾਂ?",Punjabi,Electricity Bill,Electricity Bill,Use the relevant electricity distribution company or official payment service.
2017,रहिवासी प्रमाणपत्र साठी कोणती कागदपत्रे आवश्यक आहेत?,Marathi,Residence Certificate,Residence Certificate,Apply through the appropriate revenue/local government service.
2923,کیا سرکاری شکایت کے لیے آن لائن درخواست دے سکتے ہیں؟,Urdu,Complaint Registration,Complaint Registration,Submit the complaint through the appropriate official government grievance service.
746,বিদ্যুৎ বিল-এর আবেদন কোথায় জমা দেব?,Bengali,Electricity Bill,Electricity Bill,Use the relevant electricity distribution company or official payment service.
326,রেশন কার্ড-এর আবেদন কোথায় জমা দেব?,Bengali,Ration Card,Ration Card,Use the relevant food and civil supplies department or official service.
1881,સમુદાય પ્રમાણપત્ર માટે કેવી રીતે અરજી કરવી?,Gujarati,Community Certificate,Community Certificate,Apply through the appropriate revenue/local government service.
1071,ਵੋਟਰ ਆਈਡੀ ਲਈ ਅਰਜ਼ੀ ਕਿਵੇਂ ਦੇਣੀ ਹੈ?,Punjabi,Voter ID,Voter ID,Use the official election/voter service.
2196,ଆୟ ପ୍ରମାଣପତ୍ର ପାଇଁ ପଦକ୍ଷେପ କହନ୍ତୁ।,Odia,Income Certificate,Income Certificate,Apply through the appropriate revenue/local government service.
2902,నీటి బిల్లు కోసం ఎక్కడి నుంచి ప్రారంభించాలి?,Telugu,Water Bill,Water Bill,Use the relevant water-supply authority or official payment service.
2437,What is required for death certificate?,English,Death Certificate,Death Certificate,Use the appropriate official death registration/local government service.
508,വസ്തു നികുതി ന് എങ്ങനെ അഭ്യർത്ഥിക്കാം?,Malayalam,Property Tax,Property Tax,Use the relevant municipal or local government property-tax service.
1790,آمدنی کا سرٹیفکیٹ کے لیے درخواست دینے کے لیے کیا کرنا ہوگا؟,Urdu,Income Certificate,Income Certificate,Apply through the appropriate revenue/local government service.
354,"ನನಗೆ ಪಡಿತರ ಚೀಟಿ ಬೇಕು, ಹೇಗೆ ಅರ್ಜಿ ಸಲ್ಲಿಸಬೇಕು?",Kannada,Ration Card,Ration Card,Use the relevant food and civil supplies department or official service.
2083,বাসস্থানৰ প্ৰমাণপত্ৰ পোৱাৰ প্ৰক্ৰিয়া কি?,Assamese,Residence Certificate,Residence Certificate,Apply through the appropriate revenue/local government service.
173,మరణ ధృవీకరణ పత్రం పొందే ప్రక్రియ ఏమిటి?,Telugu,Death Certificate,Death Certificate,Use the appropriate official death registration/local government service.
704,"I need a electricity bill, how can I apply?",English,Electricity Bill,Electricity Bill,Use the relevant electricity distribution company or official payment service.
2603,সম্প্ৰদায়ৰ প্ৰমাণপত্ৰৰ বিষয়ে সহায় লাগে।,Assamese,Community Certificate,Community Certificate,Apply through the appropriate revenue/local government service.
923,ഡ്രൈവിംഗ് ലൈസൻസ് നേടുന്നതിനുള്ള നടപടിക്രമം എന്താണ്?,Malayalam,Driving Licence,Driving Licence,Use the official transport department/licensing service.
127,জন্ম প্ৰমাণপত্ৰৰ বাবে কি কি নথি লাগে?,Assamese,Birth Certificate,Birth Certificate,Use the appropriate official birth registration/local government service.
2584,ಪಾಸ್‌ಪೋರ್ಟ್ಗೆ ಏನು ಬೇಕು?,Kannada,Passport,Passport,Use the official passport service.
1027,ভোটার আইডি-এর জন্য কী কী নথি লাগবে?,Bengali,Voter ID,Voter ID,Use the official election/voter service.
2761,சொத்து வரிக்கு எங்கிருந்து தொடங்குவது?,Tamil,Property Tax,Property Tax,Use the relevant municipal or local government property-tax service.
2266,ଆୟ ପ୍ରମାଣପତ୍ର ପାଇଁ ପଦକ୍ଷେପ କହନ୍ତୁ।,Odia,Income Certificate,Income Certificate,Apply through the appropriate revenue/local government service.
2093,निवासप्रमाणपत्रप्राप्तेः प्रक्रिया का?,Sanskrit,Residence Certificate,Residence Certificate,Apply through the appropriate revenue/local government service.
386,راشن کارڈ کی درخواست کہاں جمع کریں؟,Urdu,Ration Card,Ration Card,Use the relevant food and civil supplies department or official service.
2406,ଆୟ ପ୍ରମାଣପତ୍ର ପାଇଁ ପଦକ୍ଷେପ କହନ୍ତୁ।,Odia,Income Certificate,Income Certificate,Apply through the appropriate revenue/local government service.
922,ഡ്രൈവിംഗ് ലൈസൻസ് എവിടെ ലഭിക്കും?,Malayalam,Driving Licence,Driving Licence,Use the official transport department/licensing service.
2110,ਸਰਕਾਰੀ ਯੋਜਨਾਵਾਂ ਬਾਰੇ ਮਦਦ ਚਾਹੀਦੀ ਹੈ।,Punjabi,Government Schemes,Government Schemes,Check official government portals for current schemes and eligibility.
1639,ਸਰਕਾਰੀ ਸ਼ਿਕਾਇਤ ਦੀ ਸੇਵਾ ਕਿੱਥੇ ਮਿਲੇਗੀ?,Punjabi,Complaint Registration,Complaint Registration,Submit the complaint through the appropriate official government grievance service.
1189,પાસપોર્ટની સેવા ક્યાં મળશે?,Gujarati,Passport,Passport,Use the official passport service.
2397,சொத்து வரி செய்வதற்கான படிகள் என்ன?,Tamil,Property Tax,Property Tax,Use the relevant municipal or local government property-tax service.
1842,சமூக சான்றிதழ் எங்கே கிடைக்கும்?,Tamil,Community Certificate,Community Certificate,Apply through the appropriate revenue/local government service.
1039,मतदार ओळखपत्र ची सेवा कुठे मिळेल?,Marathi,Voter ID,Voter ID,Use the official election/voter service.
1217,ਪਾਸਪੋਰਟ ਲਈ ਕਿਹੜੇ ਦਸਤਾਵੇਜ਼ ਚਾਹੀਦੇ ਹਨ?,Punjabi,Passport,Passport,Use the official passport service.
1591,सरकारी तक्रार साठी अर्ज कसा करावा?,Marathi,Complaint Registration,Complaint Registration,Submit the complaint through the appropriate official government grievance service.
2231,বিদ্যুৎ বিল এর জন্য কী দরকার?,Bengali,Electricity Bill,Electricity Bill,Use the relevant electricity distribution company or official payment service.
158,मृत्यु प्रमाण पत्र के लिए अनुरोध कैसे करें?,Hindi,Death Certificate,Death Certificate,Use the appropriate official death registration/local government service.
588,தண்ணீர் கட்டணம்க்கு எப்படி கோரிக்கை விடுப்பது?,Tamil,Water Bill,Water Bill,Use the relevant water-supply authority or official payment service.
2637,বিদ্যুৎ বিল এর জন্য অনলাইনে আবেদন করা যায় কি?,Bengali,Electricity Bill,Electricity Bill,Use the relevant electricity distribution company or official payment service.
117,ଜନ୍ମ ପ୍ରମାଣପତ୍ର ପାଇଁ କେଉଁ ଦଲିଲ ଦରକାର?,Odia,Birth Certificate,Birth Certificate,Use the appropriate official birth registration/local government service.
78,ಜನನವನ್ನು ನೋಂದಾಯಿಸಿ ಪ್ರಮಾಣಪತ್ರವನ್ನು ಹೇಗೆ ಪಡೆಯುವುದು?,Kannada,Birth Certificate,Birth Certificate,Use the appropriate official birth registration/local government service.
1599,सरकारी तक्रार ची सेवा कुठे मिळेल?,Marathi,Complaint Registration,Complaint Registration,Submit the complaint through the appropriate official government grievance service.
946,ڈرائیونگ لائسنس کی درخواست کہاں جمع کریں؟,Urdu,Driving Licence,Driving Licence,Use the official transport department/licensing service.
1828,How can I request a community certificate?,English,Community Certificate,Community Certificate,Apply through the appropriate revenue/local government service.
1855,సమాజ ధృవీకరణ పత్రం ఎలా పొందాలి?,Telugu,Community Certificate,Community Certificate,Apply through the appropriate revenue/local government service.
1535,सर्वकारीययोजनाः कथं प्राप्तुं शक्यते?,Sanskrit,Government Schemes,Government Schemes,Check official government portals for current schemes and eligibility.
1498,ਸਰਕਾਰੀ ਯੋਜਨਾਵਾਂ ਲਈ ਬੇਨਤੀ ਕਿਵੇਂ ਕਰਨੀ ਹੈ?,Punjabi,Government Schemes,Government Schemes,Check official government portals for current schemes and eligibility.
116,ଜନ୍ମ ପ୍ରମାଣପତ୍ର ଆବେଦନ କେଉଁଠାରେ ଦେବି?,Odia,Birth Certificate,Birth Certificate,Use the appropriate official birth registration/local government service.
2489,سرکاری شکایت کے لیے کہاں سے شروع کروں؟,Urdu,Complaint Registration,Complaint Registration,Submit the complaint through the appropriate official government grievance service.
1826,Where should I submit a community certificate application?,English,Community Certificate,Community Certificate,Apply through the appropriate revenue/local government service.
621,પાણીનું બિલ માટે કેવી રીતે અરજી કરવી?,Gujarati,Water Bill,Water Bill,Use the relevant water-supply authority or official payment service.
1294,"నాకు దరఖాస్తు స్థితి కావాలి, ఎలా దరఖాస్తు చేయాలి?",Telugu,Application Status,Application Status,Use the relevant official service with your application/reference number.
1425,அரசு திட்டங்கள் எப்படி பெறலாம்?,Tamil,Government Schemes,Government Schemes,Check official government portals for current schemes and eligibility.
2405,سرکاری شکایت کے مراحل بتائیں۔,Urdu,Complaint Registration,Complaint Registration,Submit the complaint through the appropriate official government grievance service.
140,जन्मप्रमाणपत्रसेवा कुत्र लभ्यते?,Sanskrit,Birth Certificate,Birth Certificate,Use the appropriate official birth registration/local government service.
901,ડ્રાઇવિંગ લાઇસન્સ માટે કેવી રીતે અરજી કરવી?,Gujarati,Driving Licence,Driving Licence,Use the official transport department/licensing service.
310,ரேஷன் கார்டுக்கு விண்ணப்பிக்க என்ன செய்ய வேண்டும்?,Tamil,Ration Card,Ration Card,Use the relevant food and civil supplies department or official service.
2839,سرکاری شکایت کے لیے کہاں سے شروع کروں؟,Urdu,Complaint Registration,Complaint Registration,Submit the complaint through the appropriate official government grievance service.
2516,ਸਰਕਾਰੀ ਯੋਜਨਾਵਾਂ ਲਈ ਕੀ ਚਾਹੀਦਾ ਹੈ?,Punjabi,Government Schemes,Government Schemes,Check official government portals for current schemes and eligibility.
2591,Need help with death certificate.,English,Death Certificate,Death Certificate,Use the appropriate official death registration/local government service.
1280,"मुझे आवेदन की स्थिति के लिए आवेदन करना है, क्या करना होगा?",Hindi,Application Status,Application Status,Use the relevant official service with your application/reference number.
1713,ఆదాయ ధృవీకరణ పత్రం పొందే ప్రక్రియ ఏమిటి?,Telugu,Income Certificate,Income Certificate,Apply through the appropriate revenue/local government service.
1809,উপাৰ্জনৰ প্ৰমাণপত্ৰৰ সেৱা ক'ত পাম?,Assamese,Income Certificate,Income Certificate,Apply through the appropriate revenue/local government service.
920,ಚಾಲನಾ ಪರವಾನಗಿಗೆ ಅರ್ಜಿ ಸಲ್ಲಿಸಲು ಏನು ಮಾಡಬೇಕು?,Kannada,Driving Licence,Driving Licence,Use the official transport department/licensing service.
2275,મતદાર ઓળખ કાર્ડ માટે ક્યાંથી શરૂઆત કરું?,Gujarati,Voter ID,Voter ID,Use the official election/voter service.
2610,ड्रायव्हिंग लायसन्स साठीचे टप्पे सांगा.,Marathi,Driving Licence,Driving Licence,Use the official transport department/licensing service.
1711,ఆదాయ ధృవీకరణ పత్రం కోసం ఎలా దరఖాస్తు చేయాలి?,Telugu,Income Certificate,Income Certificate,Apply through the appropriate revenue/local government service.
1012,ఓటర్ ఐడీ ఎక్కడ లభిస్తుంది?,Telugu,Voter ID,Voter ID,Use the official election/voter service.
2119,বিদ্যুৎ বিল করার ধাপগুলি বলুন।,Bengali,Electricity Bill,Electricity Bill,Use the relevant electricity distribution company or official payment service.
363,റേഷൻ കാർഡ് നേടുന്നതിനുള്ള നടപടിക്രമം എന്താണ്?,Malayalam,Ration Card,Ration Card,Use the relevant food and civil supplies department or official service.
2295,সম্প্ৰদায়ৰ প্ৰমাণপত্ৰৰ বাবে অনলাইন আবেদন কৰিব পাৰিনে?,Assamese,Community Certificate,Community Certificate,Apply through the appropriate revenue/local government service.
314,"నాకు రేషన్ కార్డు కావాలి, ఎలా దరఖాస్తు చేయాలి?",Telugu,Ration Card,Ration Card,Use the relevant food and civil supplies department or official service.
1234,"ମୋତେ ପାସପୋର୍ଟ ଦରକାର, କିପରି ଆବେଦନ କରିବି?",Odia,Passport,Passport,Use the official passport service.
356,ಪಡಿತರ ಚೀಟಿ ಅರ್ಜಿಯನ್ನು ಎಲ್ಲಿ ಸಲ್ಲಿಸಬೇಕು?,Kannada,Ration Card,Ration Card,Use the relevant food and civil supplies department or official service.
405,ৰেচন কাৰ্ড কেনেকৈ পাব পাৰি?,Assamese,Ration Card,Ration Card,Use the relevant food and civil supplies department or official service.
525,پراپرٹی ٹیکس کیسے حاصل کیا جا سکتا ہے؟,Urdu,Property Tax,Property Tax,Use the relevant municipal or local government property-tax service.
300,"मुझे राशन कार्ड के लिए आवेदन करना है, क्या करना होगा?",Hindi,Ration Card,Ration Card,Use the relevant food and civil supplies department or official service.
2187,சொத்து வரி செய்வதற்கான படிகள் என்ன?,Tamil,Property Tax,Property Tax,Use the relevant municipal or local government property-tax service.
2659,সম্প্ৰদায়ৰ প্ৰমাণপত্ৰৰ বাবে কি লাগে?,Assamese,Community Certificate,Community Certificate,Apply through the appropriate revenue/local government service.
1632,ਸਰਕਾਰੀ ਸ਼ਿਕਾਇਤ ਕਿੱਥੇ ਮਿਲੇਗਾ?,Punjabi,Complaint Registration,Complaint Registration,Submit the complaint through the appropriate official government grievance service.
1322,અરજીની સ્થિતિ ક્યાં મળશે?,Gujarati,Application Status,Application Status,Use the relevant official service with your application/reference number.
720,"मुझे बिजली का बिल के लिए आवेदन करना है, क्या करना होगा?",Hindi,Electricity Bill,Electricity Bill,Use the relevant electricity distribution company or official payment service.
716,बिजली का बिल का आवेदन कहाँ जमा करें?,Hindi,Electricity Bill,Electricity Bill,Use the relevant electricity distribution company or official payment service.
2920,ಪಾಸ್‌ಪೋರ್ಟ್ಗಾಗಿ ಆನ್‌ಲೈನ್‌ನಲ್ಲಿ ಅರ್ಜಿ ಸಲ್ಲಿಸಬಹುದೇ?,Kannada,Passport,Passport,Use the official passport service.
1045,મતદાર ઓળખ કાર્ડ કેવી રીતે મેળવી શકાય?,Gujarati,Voter ID,Voter ID,Use the official election/voter service.
1451,सरकारी योजना साठी अर्ज कसा करावा?,Marathi,Government Schemes,Government Schemes,Check official government portals for current schemes and eligibility.
1420,"मुझे सरकारी योजनाएं के लिए आवेदन करना है, क्या करना होगा?",Hindi,Government Schemes,Government Schemes,Check official government portals for current schemes and eligibility.
2258,నీటి బిల్లు కోసం దశలు చెప్పండి.,Telugu,Water Bill,Water Bill,Use the relevant water-supply authority or official payment service.
1046,મતદાર ઓળખ કાર્ડની અરજી ક્યાં જમા કરવી?,Gujarati,Voter ID,Voter ID,Use the official election/voter service.
2521,Need help with death certificate.,English,Death Certificate,Death Certificate,Use the appropriate official death registration/local government service.
345,રેશન કાર્ડ કેવી રીતે મેળવી શકાય?,Gujarati,Ration Card,Ration Card,Use the relevant food and civil supplies department or official service.
683,পানীৰ বিল পোৱাৰ প্ৰক্ৰিয়া কি?,Assamese,Water Bill,Water Bill,Use the relevant water-supply authority or official payment service.
1592,सरकारी तक्रार कुठे मिळेल?,Marathi,Complaint Registration,Complaint Registration,Submit the complaint through the appropriate official government grievance service.
1464,"મારે સરકારી યોજનાઓ જોઈએ છે, કેવી રીતે અરજી કરું?",Gujarati,Government Schemes,Government Schemes,Check official government portals for current schemes and eligibility.
636,ನೀರಿನ ಬಿಲ್ ಅರ್ಜಿಯನ್ನು ಎಲ್ಲಿ ಸಲ್ಲಿಸಬೇಕು?,Kannada,Water Bill,Water Bill,Use the relevant water-supply authority or official payment service.
2989,મતદાર ઓળખ કાર્ડ માટે ઓનલાઈન અરજી કરી શકાય છે?,Gujarati,Voter ID,Voter ID,Use the official election/voter service.
2950,ਸਰਕਾਰੀ ਯੋਜਨਾਵਾਂ ਬਾਰੇ ਮਦਦ ਚਾਹੀਦੀ ਹੈ।,Punjabi,Government Schemes,Government Schemes,Check official government portals for current schemes and eligibility.
1074,"ਮੈਨੂੰ ਵੋਟਰ ਆਈਡੀ ਚਾਹੀਦਾ ਹੈ, ਅਰਜ਼ੀ ਕਿਵੇਂ ਦੇਵਾਂ?",Punjabi,Voter ID,Voter ID,Use the official election/voter service.
1457,सरकारी योजना साठी कोणती कागदपत्रे आवश्यक आहेत?,Marathi,Government Schemes,Government Schemes,Check official government portals for current schemes and eligibility.
1207,പാസ്‌പോർട്ട് ന് എന്തെല്ലാം രേഖകൾ വേണം?,Malayalam,Passport,Passport,Use the official passport service.
2317,મતદાર ઓળખ કાર્ડ વિશે મદદ જોઈએ.,Gujarati,Voter ID,Voter ID,Use the official election/voter service.
1646,سرکاری شکایت کی درخواست کہاں جمع کریں؟,Urdu,Complaint Registration,Complaint Registration,Submit the complaint through the appropriate official government grievance service.
217,ಮರಣ ಪ್ರಮಾಣಪತ್ರಗೆ ಯಾವ ದಾಖಲೆಗಳು ಬೇಕು?,Kannada,Death Certificate,Death Certificate,Use the appropriate official death registration/local government service.
895,ड्रायव्हिंग लायसन्स कसे मिळवता येईल?,Marathi,Driving Licence,Driving Licence,Use the official transport department/licensing service.
2596,ड्रायव्हिंग लायसन्स बद्दल मदत हवी आहे.,Marathi,Driving Licence,Driving Licence,Use the official transport department/licensing service.
2375,അപേക്ഷയുടെ നില ന് എന്താണ് വേണ്ടത്?,Malayalam,Application Status,Application Status,Use the relevant official service with your application/reference number.
2774,क्या राशन कार्ड के लिए ऑनलाइन आवेदन कर सकते हैं?,Hindi,Ration Card,Ration Card,Use the relevant food and civil supplies department or official service.
1435,ప్రభుత్వ పథకాలు ఎలా పొందాలి?,Telugu,Government Schemes,Government Schemes,Check official government portals for current schemes and eligibility.
352,ಪಡಿತರ ಚೀಟಿ ಎಲ್ಲಿ ಸಿಗುತ್ತದೆ?,Kannada,Ration Card,Ration Card,Use the relevant food and civil supplies department or official service.
1560,"मुझे सरकारी शिकायत के लिए आवेदन करना है, क्या करना होगा?",Hindi,Complaint Registration,Complaint Registration,Submit the complaint through the appropriate official government grievance service.
43,জন্ম শংসাপত্র পাওয়ার প্রক্রিয়া কী?,Bengali,Birth Certificate,Birth Certificate,Use the appropriate official birth registration/local government service.
830,বিদ্যুৎ বিলৰ বাবে আবেদন কৰিবলৈ কি কৰিব লাগিব?,Assamese,Electricity Bill,Electricity Bill,Use the relevant electricity distribution company or official payment service.
1485,സർക്കാർ പദ്ധതികൾ എങ്ങനെ ലഭിക്കും?,Malayalam,Government Schemes,Government Schemes,Check official government portals for current schemes and eligibility.
2854,ଆୟ ପ୍ରମାଣପତ୍ର ପାଇଁ ଅନଲାଇନରେ ଆବେଦନ କରିପାରିବି କି?,Odia,Income Certificate,Income Certificate,Apply through the appropriate revenue/local government service.
856,ड्राइविंग लाइसेंस का आवेदन कहाँ जमा करें?,Hindi,Driving Licence,Driving Licence,Use the official transport department/licensing service.
1312,अर्जाची स्थिती कुठे मिळेल?,Marathi,Application Status,Application Status,Use the relevant official service with your application/reference number.
829,বিদ্যুৎ বিলৰ সেৱা ক'ত পাম?,Assamese,Electricity Bill,Electricity Bill,Use the relevant electricity distribution company or official payment service.
1175,पासपोर्ट कसे मिळवता येईल?,Marathi,Passport,Passport,Use the official passport service.
880,డ్రైవింగ్ లైసెన్స్ కోసం దరఖాస్తు చేయాలంటే ఏమి చేయాలి?,Telugu,Driving Licence,Driving Licence,Use the official transport department/licensing service.
2067,رہائشی سرٹیفکیٹ کے لیے کون سی دستاویزات چاہئیں؟,Urdu,Residence Certificate,Residence Certificate,Apply through the appropriate revenue/local government service.
2153,کیا سرکاری شکایت کے لیے آن لائن درخواست دے سکتے ہیں؟,Urdu,Complaint Registration,Complaint Registration,Submit the complaint through the appropriate official government grievance service.
160,"मुझे मृत्यु प्रमाण पत्र के लिए आवेदन करना है, क्या करना होगा?",Hindi,Death Certificate,Death Certificate,Use the appropriate official death registration/local government service.
1867,সম্প্রদায় শংসাপত্র-এর জন্য কী কী নথি লাগবে?,Bengali,Community Certificate,Community Certificate,Apply through the appropriate revenue/local government service.
2643,کیا سرکاری شکایت کے لیے آن لائن درخواست دے سکتے ہیں؟,Urdu,Complaint Registration,Complaint Registration,Submit the complaint through the appropriate official government grievance service.
894,"मला ड्रायव्हिंग लायसन्स हवे आहे, अर्ज कसा करू?",Marathi,Driving Licence,Driving Licence,Use the official transport department/licensing service.
2777,বিদ্যুৎ বিল এর জন্য অনলাইনে আবেদন করা যায় কি?,Bengali,Electricity Bill,Electricity Bill,Use the relevant electricity distribution company or official payment service.
2086,বাসস্থানৰ প্ৰমাণপত্ৰৰ আবেদন ক'ত জমা দিম?,Assamese,Residence Certificate,Residence Certificate,Apply through the appropriate revenue/local government service.
2581,বিদ্যুৎ বিল এর জন্য কী দরকার?,Bengali,Electricity Bill,Electricity Bill,Use the relevant electricity distribution company or official payment service.
2559,سرکاری شکایت کے لیے کہاں سے شروع کروں؟,Urdu,Complaint Registration,Complaint Registration,Submit the complaint through the appropriate official government grievance service.
1369,درخواست کی حیثیت کی خدمت کہاں ملے گی؟,Urdu,Application Status,Application Status,Use the relevant official service with your application/reference number.
1145,பாஸ்போர்ட் எப்படி பெறலாம்?,Tamil,Passport,Passport,Use the official passport service.
1025,ভোটার আইডি কীভাবে পাওয়া যায়?,Bengali,Voter ID,Voter ID,Use the official election/voter service.
2072,ବାସସ୍ଥାନ ପ୍ରମାଣପତ୍ର କେଉଁଠାରେ ମିଳିବ?,Odia,Residence Certificate,Residence Certificate,Apply through the appropriate revenue/local government service.
1091,ଭୋଟର ଆଇଡି ପାଇଁ କିପରି ଆବେଦନ କରିବେ?,Odia,Voter ID,Voter ID,Use the official election/voter service.
1933,ସମ୍ପ୍ରଦାୟ ପ୍ରମାଣପତ୍ର ପାଇବାର ପ୍ରକ୍ରିୟା କଣ?,Odia,Community Certificate,Community Certificate,Apply through the appropriate revenue/local government service.
265,মৃত্যু প্ৰমাণপত্ৰ কেনেকৈ পাব পাৰি?,Assamese,Death Certificate,Death Certificate,Use the appropriate official death registration/local government service.
2286,నీటి బిల్లు కోసం ఆన్‌లైన్‌లో దరఖాస్తు చేయవచ్చా?,Telugu,Water Bill,Water Bill,Use the relevant water-supply authority or official payment service.
1552,सरकारी शिकायत कहाँ मिलेगा?,Hindi,Complaint Registration,Complaint Registration,Submit the complaint through the appropriate official government grievance service.
2731,Need help with death certificate.,English,Death Certificate,Death Certificate,Use the appropriate official death registration/local government service.
1403,What is the process for getting a government schemes?,English,Government Schemes,Government Schemes,Check official government portals for current schemes and eligibility.
246,وفات کا سرٹیفکیٹ کی درخواست کہاں جمع کریں؟,Urdu,Death Certificate,Death Certificate,Use the appropriate official death registration/local government service.
2660,निवासप्रमाणपत्र कृते किं आवश्यकम्?,Sanskrit,Residence Certificate,Residence Certificate,Apply through the appropriate revenue/local government service.
593,నీటి బిల్లు పొందే ప్రక్రియ ఏమిటి?,Telugu,Water Bill,Water Bill,Use the relevant water-supply authority or official payment service.
524,مجھے پراپرٹی ٹیکس چاہیے، درخواست کیسے دوں؟,Urdu,Property Tax,Property Tax,Use the relevant municipal or local government property-tax service.
2329,বিদ্যুৎ বিল করার ধাপগুলি বলুন।,Bengali,Electricity Bill,Electricity Bill,Use the relevant electricity distribution company or official payment service.
2287,বিদ্যুৎ বিল এর জন্য অনলাইনে আবেদন করা যায় কি?,Bengali,Electricity Bill,Electricity Bill,Use the relevant electricity distribution company or official payment service.
2849,મતદાર ઓળખ કાર્ડ માટે ઓનલાઈન અરજી કરી શકાય છે?,Gujarati,Voter ID,Voter ID,Use the official election/voter service.
2959,বিদ্যুৎ বিল করার ধাপগুলি বলুন।,Bengali,Electricity Bill,Electricity Bill,Use the relevant electricity distribution company or official payment service.
16,जन्म प्रमाण पत्र का आवेदन कहाँ जमा करें?,Hindi,Birth Certificate,Birth Certificate,Use the appropriate official birth registration/local government service.
113,ଜନ୍ମ ପ୍ରମାଣପତ୍ର ପାଇବାର ପ୍ରକ୍ରିୟା କଣ?,Odia,Birth Certificate,Birth Certificate,Use the appropriate official birth registration/local government service.
2036,ನಿವಾಸ ಪ್ರಮಾಣಪತ್ರ ಅರ್ಜಿಯನ್ನು ಎಲ್ಲಿ ಸಲ್ಲಿಸಬೇಕು?,Kannada,Residence Certificate,Residence Certificate,Apply through the appropriate revenue/local government service.
810,بجلی کا بل کے لیے درخواست دینے کے لیے کیا کرنا ہوگا؟,Urdu,Electricity Bill,Electricity Bill,Use the relevant electricity distribution company or official payment service.
452,ఆస్తి పన్ను ఎక్కడ లభిస్తుంది?,Telugu,Property Tax,Property Tax,Use the relevant municipal or local government property-tax service.
94,"ਮੈਨੂੰ ਜਨਮ ਸਰਟੀਫਿਕੇਟ ਚਾਹੀਦਾ ਹੈ, ਅਰਜ਼ੀ ਕਿਵੇਂ ਦੇਵਾਂ?",Punjabi,Birth Certificate,Birth Certificate,Use the appropriate official birth registration/local government service.
632,ನೀರಿನ ಬಿಲ್ ಎಲ್ಲಿ ಸಿಗುತ್ತದೆ?,Kannada,Water Bill,Water Bill,Use the relevant water-supply authority or official payment service.
2594,నీటి బిల్లు గురించి సహాయం కావాలి.,Telugu,Water Bill,Water Bill,Use the relevant water-supply authority or official payment service.
1080,ਵੋਟਰ ਆਈਡੀ ਲਈ ਅਰਜ਼ੀ ਦੇਣ ਲਈ ਕੀ ਕਰਨਾ ਹੈ?,Punjabi,Voter ID,Voter ID,Use the official election/voter service.
2665,বিদ্যুৎ বিল সম্পর্কে সাহায্য চাই।,Bengali,Electricity Bill,Electricity Bill,Use the relevant electricity distribution company or official payment service.
1215,ਪਾਸਪੋਰਟ ਕਿਵੇਂ ਮਿਲ ਸਕਦਾ ਹੈ?,Punjabi,Passport,Passport,Use the official passport service.
2733,சொத்து வரி பற்றி உதவி வேண்டும்.,Tamil,Property Tax,Property Tax,Use the relevant municipal or local government property-tax service.
2408,निवासप्रमाणपत्र कृते क्रमाः कथ्यन्ताम्।,Sanskrit,Residence Certificate,Residence Certificate,Apply through the appropriate revenue/local government service.
581,தண்ணீர் கட்டணம்க்கு எப்படி விண்ணப்பிப்பது?,Tamil,Water Bill,Water Bill,Use the relevant water-supply authority or official payment service.
228,മരണ സർട്ടിഫിക്കറ്റ് ന് എങ്ങനെ അഭ്യർത്ഥിക്കാം?,Malayalam,Death Certificate,Death Certificate,Use the appropriate official death registration/local government service.
1543,What is the process for getting a government complaint?,English,Complaint Registration,Complaint Registration,Submit the complaint through the appropriate official government grievance service.
2004,"আমার বাসস্থান শংসাপত্র দরকার, কীভাবে আবেদন করব?",Bengali,Residence Certificate,Residence Certificate,Apply through the appropriate revenue/local government service.
234,"ਮੈਨੂੰ ਮੌਤ ਸਰਟੀਫਿਕੇਟ ਚਾਹੀਦਾ ਹੈ, ਅਰਜ਼ੀ ਕਿਵੇਂ ਦੇਵਾਂ?",Punjabi,Death Certificate,Death Certificate,Use the appropriate official death registration/local government service.
2315,বিদ্যুৎ বিল সম্পর্কে সাহায্য চাই।,Bengali,Electricity Bill,Electricity Bill,Use the relevant electricity distribution company or official payment service.
442,சொத்து வரி எங்கே கிடைக்கும்?,Tamil,Property Tax,Property Tax,Use the relevant municipal or local government property-tax service.
1467,સરકારી યોજનાઓ માટે કયા દસ્તાવેજો જોઈએ?,Gujarati,Government Schemes,Government Schemes,Check official government portals for current schemes and eligibility.
849,Where can I check the driving licence service?,English,Driving Licence,Driving Licence,Use the official transport department/licensing service.
906,ડ્રાઇવિંગ લાઇસન્સની અરજી ક્યાં જમા કરવી?,Gujarati,Driving Licence,Driving Licence,Use the official transport department/licensing service.
2470,ड्रायव्हिंग लायसन्स साठीचे टप्पे सांगा.,Marathi,Driving Licence,Driving Licence,Use the official transport department/licensing service.
2302,ड्रायव्हिंग लायसन्स साठी काय आवश्यक आहे?,Marathi,Driving Licence,Driving Licence,Use the official transport department/licensing service.
1849,சமூக சான்றிதழ் சேவை எங்கே கிடைக்கும்?,Tamil,Community Certificate,Community Certificate,Apply through the appropriate revenue/local government service.
2390,ਸਰਕਾਰੀ ਯੋਜਨਾਵਾਂ ਬਾਰੇ ਮਦਦ ਚਾਹੀਦੀ ਹੈ।,Punjabi,Government Schemes,Government Schemes,Check official government portals for current schemes and eligibility.
2239,সম্প্ৰদায়ৰ প্ৰমাণপত্ৰৰ বাবে কি লাগে?,Assamese,Community Certificate,Community Certificate,Apply through the appropriate revenue/local government service.
558,सम्पत्तिकरार्थं कथं अनुरोधः करणीयः?,Sanskrit,Property Tax,Property Tax,Use the relevant municipal or local government property-tax service.
168,இறப்பு சான்றிதழ்க்கு எப்படி கோரிக்கை விடுப்பது?,Tamil,Death Certificate,Death Certificate,Use the appropriate official death registration/local government service.
1381,আবেদনৰ স্থিতিৰ বাবে কেনেকৈ আবেদন কৰিব?,Assamese,Application Status,Application Status,Use the relevant official service with your application/reference number.
2557,അപേക്ഷയുടെ നില ന് എവിടെ നിന്ന് തുടങ്ങണം?,Malayalam,Application Status,Application Status,Use the relevant official service with your application/reference number.
1266,Where should I submit a application status application?,English,Application Status,Application Status,Use the relevant official service with your application/reference number.
2695,મતદાર ઓળખ કાર્ડ માટે ક્યાંથી શરૂઆત કરું?,Gujarati,Voter ID,Voter ID,Use the official election/voter service.
319,రేషన్ కార్డు సేవ ఎక్కడ లభిస్తుంది?,Telugu,Ration Card,Ration Card,Use the relevant food and civil supplies department or official service.
1609,સરકારી ફરિયાદની સેવા ક્યાં મળશે?,Gujarati,Complaint Registration,Complaint Registration,Submit the complaint through the appropriate official government grievance service.
174,"నాకు మరణ ధృవీకరణ పత్రం కావాలి, ఎలా దరఖాస్తు చేయాలి?",Telugu,Death Certificate,Death Certificate,Use the appropriate official death registration/local government service.
1222,پاسپورٹ کہاں ملے گا؟,Urdu,Passport,Passport,Use the official passport service.
2463,সম্প্ৰদায়ৰ প্ৰমাণপত্ৰৰ বিষয়ে সহায় লাগে।,Assamese,Community Certificate,Community Certificate,Apply through the appropriate revenue/local government service.
1899,ಸಮುದಾಯ ಪ್ರಮಾಣಪತ್ರ ಸೇವೆ ಎಲ್ಲಿ ಸಿಗುತ್ತದೆ?,Kannada,Community Certificate,Community Certificate,Apply through the appropriate revenue/local government service.
639,ನೀರಿನ ಬಿಲ್ ಸೇವೆ ಎಲ್ಲಿ ಸಿಗುತ್ತದೆ?,Kannada,Water Bill,Water Bill,Use the relevant water-supply authority or official payment service.
758,वीज बिल साठी विनंती कशी करावी?,Marathi,Electricity Bill,Electricity Bill,Use the relevant electricity distribution company or official payment service.
2808,ಪಾಸ್‌ಪೋರ್ಟ್ ಬಗ್ಗೆ ಸಹಾಯ ಬೇಕು.,Kannada,Passport,Passport,Use the official passport service.
699,जलशुल्कसेवा कुत्र लभ्यते?,Sanskrit,Water Bill,Water Bill,Use the relevant water-supply authority or official payment service.
2907,അപേക്ഷയുടെ നില ന് എവിടെ നിന്ന് തുടങ്ങണം?,Malayalam,Application Status,Application Status,Use the relevant official service with your application/reference number.
860,"मुझे ड्राइविंग लाइसेंस के लिए आवेदन करना है, क्या करना होगा?",Hindi,Driving Licence,Driving Licence,Use the official transport department/licensing service.
771,ವಿದ್ಯುತ್ ಬಿಲ್ಗೆ ಹೇಗೆ ಅರ್ಜಿ ಸಲ್ಲಿಸುವುದು?,Kannada,Electricity Bill,Electricity Bill,Use the relevant electricity distribution company or official payment service.
1544,"I need a government complaint, how can I apply?",English,Complaint Registration,Complaint Registration,Submit the complaint through the appropriate official government grievance service.
2929,சொத்து வரிக்கு என்ன தேவை?,Tamil,Property Tax,Property Tax,Use the relevant municipal or local government property-tax service.
2828,निवासप्रमाणपत्र कृते क्रमाः कथ्यन्ताम्।,Sanskrit,Residence Certificate,Residence Certificate,Apply through the appropriate revenue/local government service.
63,જન્મ પ્રમાણપત્ર મેળવવાની પ્રક્રિયા શું છે?,Gujarati,Birth Certificate,Birth Certificate,Use the appropriate official birth registration/local government service.
2856,निवासप्रमाणपत्र कृते जालमाध्यमेन आवेदनं कर्तुं शक्यते वा?,Sanskrit,Residence Certificate,Residence Certificate,Apply through the appropriate revenue/local government service.
2763,বিদ্যুৎ বিল এর জন্য কোথা থেকে শুরু করব?,Bengali,Electricity Bill,Electricity Bill,Use the relevant electricity distribution company or official payment service.
2090,বাসস্থানৰ প্ৰমাণপত্ৰৰ বাবে আবেদন কৰিবলৈ কি কৰিব লাগিব?,Assamese,Residence Certificate,Residence Certificate,Apply through the appropriate revenue/local government service.
821,বিদ্যুৎ বিলৰ বাবে কেনেকৈ আবেদন কৰিব?,Assamese,Electricity Bill,Electricity Bill,Use the relevant electricity distribution company or official payment service.
1347,അപേക്ഷയുടെ നില ന് എന്തെല്ലാം രേഖകൾ വേണം?,Malayalam,Application Status,Application Status,Use the relevant official service with your application/reference number.
1824,"I need a community certificate, how can I apply?",English,Community Certificate,Community Certificate,Apply through the appropriate revenue/local government service.
1872,समुदाय प्रमाणपत्र कुठे मिळेल?,Marathi,Community Certificate,Community Certificate,Apply through the appropriate revenue/local government service.
372,ਰਾਸ਼ਨ ਕਾਰਡ ਕਿੱਥੇ ਮਿਲੇਗਾ?,Punjabi,Ration Card,Ration Card,Use the relevant food and civil supplies department or official service.
13,जन्म प्रमाण पत्र प्राप्त करने की प्रक्रिया क्या है?,Hindi,Birth Certificate,Birth Certificate,Use the appropriate official birth registration/local government service.
719,बिजली का बिल की सेवा कहाँ मिलेगी?,Hindi,Electricity Bill,Electricity Bill,Use the relevant electricity distribution company or official payment service.
2465,Tell me the steps for death certificate.,English,Death Certificate,Death Certificate,Use the appropriate official death registration/local government service.
1789,آمدنی کا سرٹیفکیٹ کی خدمت کہاں ملے گی؟,Urdu,Income Certificate,Income Certificate,Apply through the appropriate revenue/local government service.
1440,ప్రభుత్వ పథకాలు కోసం దరఖాస్తు చేయాలంటే ఏమి చేయాలి?,Telugu,Government Schemes,Government Schemes,Check official government portals for current schemes and eligibility.
560,सम्पत्तिकराय आवेदनं कर्तुं किं करणीयम्?,Sanskrit,Property Tax,Property Tax,Use the relevant municipal or local government property-tax service.
370,റേഷൻ കാർഡ് ന് അപേക്ഷിക്കാൻ എന്ത് ചെയ്യണം?,Malayalam,Ration Card,Ration Card,Use the relevant food and civil supplies department or official service.
1901,സമുദായ സർട്ടിഫിക്കറ്റ് ന് എങ്ങനെ അപേക്ഷിക്കാം?,Malayalam,Community Certificate,Community Certificate,Apply through the appropriate revenue/local government service.
2020,रहिवासी प्रमाणपत्र साठी अर्ज करण्यासाठी काय करावे?,Marathi,Residence Certificate,Residence Certificate,Apply through the appropriate revenue/local government service.
1421,அரசு திட்டங்கள்க்கு எப்படி விண்ணப்பிப்பது?,Tamil,Government Schemes,Government Schemes,Check official government portals for current schemes and eligibility.
1348,അപേക്ഷയുടെ നില ന് എങ്ങനെ അഭ്യർത്ഥിക്കാം?,Malayalam,Application Status,Application Status,Use the relevant official service with your application/reference number.
1248,পাছপ'ৰ্টৰ বাবে কেনেকৈ অনুৰোধ কৰিম?,Assamese,Passport,Passport,Use the official passport service.
54,"मला जन्म प्रमाणपत्र हवे आहे, अर्ज कसा करू?",Marathi,Birth Certificate,Birth Certificate,Use the appropriate official birth registration/local government service.
2723,મતદાર ઓળખ કાર્ડ માટે શું જરૂરી છે?,Gujarati,Voter ID,Voter ID,Use the official election/voter service.
1317,अर्जाची स्थिती साठी कोणती कागदपत्रे आवश्यक आहेत?,Marathi,Application Status,Application Status,Use the relevant official service with your application/reference number.
1724,"আমার আয় শংসাপত্র দরকার, কীভাবে আবেদন করব?",Bengali,Income Certificate,Income Certificate,Apply through the appropriate revenue/local government service.
1257,पारपत्राय कानि दस्तावेजानि आवश्यकानि?,Sanskrit,Passport,Passport,Use the official passport service.
1274,"मुझे आवेदन की स्थिति चाहिए, कैसे आवेदन करूँ?",Hindi,Application Status,Application Status,Use the relevant official service with your application/reference number.
1149,பாஸ்போர்ட் சேவை எங்கே கிடைக்கும்?,Tamil,Passport,Passport,Use the official passport service.
879,డ్రైవింగ్ లైసెన్స్ సేవ ఎక్కడ లభిస్తుంది?,Telugu,Driving Licence,Driving Licence,Use the official transport department/licensing service.
464,"আমার সম্পত্তি কর দরকার, কীভাবে আবেদন করব?",Bengali,Property Tax,Property Tax,Use the relevant municipal or local government property-tax service.
2476,ଆୟ ପ୍ରମାଣପତ୍ର ପାଇଁ ପଦକ୍ଷେପ କହନ୍ତୁ।,Odia,Income Certificate,Income Certificate,Apply through the appropriate revenue/local government service.
571,पानी का बिल के लिए कैसे आवेदन करें?,Hindi,Water Bill,Water Bill,Use the relevant water-supply authority or official payment service.
2165,അപേക്ഷയുടെ നില ന് എന്താണ് വേണ്ടത്?,Malayalam,Application Status,Application Status,Use the relevant official service with your application/reference number.
1666,চৰকাৰী অভিযোগৰ আবেদন ক'ত জমা দিম?,Assamese,Complaint Registration,Complaint Registration,Submit the complaint through the appropriate official government grievance service.
1515,ସରକାରୀ ଯୋଜନା କିପରି ପାଇବି?,Odia,Government Schemes,Government Schemes,Check official government portals for current schemes and eligibility.
2107,મતદાર ઓળખ કાર્ડ વિશે મદદ જોઈએ.,Gujarati,Voter ID,Voter ID,Use the official election/voter service.
2857,What is required for death certificate?,English,Death Certificate,Death Certificate,Use the appropriate official death registration/local government service.
460,ఆస్తి పన్ను కోసం దరఖాస్తు చేయాలంటే ఏమి చేయాలి?,Telugu,Property Tax,Property Tax,Use the relevant municipal or local government property-tax service.
988,How can I request a voter ID?,English,Voter ID,Voter ID,Use the official election/voter service.
2536,राशन कार्ड के चरण बताइए।,Hindi,Ration Card,Ration Card,Use the relevant food and civil supplies department or official service.
2759,Where do I start for death certificate?,English,Death Certificate,Death Certificate,Use the appropriate official death registration/local government service.
2832,నీటి బిల్లు కోసం ఎక్కడి నుంచి ప్రారంభించాలి?,Telugu,Water Bill,Water Bill,Use the relevant water-supply authority or official payment service.
2021,રહેઠાણ પ્રમાણપત્ર માટે કેવી રીતે અરજી કરવી?,Gujarati,Residence Certificate,Residence Certificate,Apply through the appropriate revenue/local government service.
1184,"મારે પાસપોર્ટ જોઈએ છે, કેવી રીતે અરજી કરું?",Gujarati,Passport,Passport,Use the official passport service.
213,ಮರಣ ಪ್ರಮಾಣಪತ್ರ ಪಡೆಯುವ ಪ್ರಕ್ರಿಯೆ ಏನು?,Kannada,Death Certificate,Death Certificate,Use the appropriate official death registration/local government service.
2664,నీటి బిల్లు గురించి సహాయం కావాలి.,Telugu,Water Bill,Water Bill,Use the relevant water-supply authority or official payment service.
640,ನೀರಿನ ಬಿಲ್ಗೆ ಅರ್ಜಿ ಸಲ್ಲಿಸಲು ಏನು ಮಾಡಬೇಕು?,Kannada,Water Bill,Water Bill,Use the relevant water-supply authority or official payment service.
1230,پاسپورٹ کے لیے درخواست دینے کے لیے کیا کرنا ہوگا؟,Urdu,Passport,Passport,Use the official passport service.
2228,राशन कार्ड के लिए क्या चाहिए?,Hindi,Ration Card,Ration Card,Use the relevant food and civil supplies department or official service.
2113,সম্প্ৰদায়ৰ প্ৰমাণপত্ৰৰ বিষয়ে সহায় লাগে।,Assamese,Community Certificate,Community Certificate,Apply through the appropriate revenue/local government service.
1753,ಆದಾಯ ಪ್ರಮಾಣಪತ್ರ ಪಡೆಯುವ ಪ್ರಕ್ರಿಯೆ ಏನು?,Kannada,Income Certificate,Income Certificate,Apply through the appropriate revenue/local government service.
2344,ड्रायव्हिंग लायसन्स साठी सुरुवात कुठून करू?,Marathi,Driving Licence,Driving Licence,Use the official transport department/licensing service.
2360,ಪಾಸ್‌ಪೋರ್ಟ್ಗಾಗಿ ಆನ್‌ಲೈನ್‌ನಲ್ಲಿ ಅರ್ಜಿ ಸಲ್ಲಿಸಬಹುದೇ?,Kannada,Passport,Passport,Use the official passport service.
725,மின்சார கட்டணம் எப்படி பெறலாம்?,Tamil,Electricity Bill,Electricity Bill,Use the relevant electricity distribution company or official payment service.
2065,رہائشی سرٹیفکیٹ کیسے حاصل کیا جا سکتا ہے؟,Urdu,Residence Certificate,Residence Certificate,Apply through the appropriate revenue/local government service.
1658,ସରକାରୀ ଅଭିଯୋଗ ପାଇଁ କିପରି ଅନୁରୋଧ କରିବି?,Odia,Complaint Registration,Complaint Registration,Submit the complaint through the appropriate official government grievance service.
2461,سرکاری شکایت کے بارے میں مدد چاہیے۔,Urdu,Complaint Registration,Complaint Registration,Submit the complaint through the appropriate official government grievance service.
676,ପାଣି ବିଲ୍ ଆବେଦନ କେଉଁଠାରେ ଦେବି?,Odia,Water Bill,Water Bill,Use the relevant water-supply authority or official payment service.
2582,ड्रायव्हिंग लायसन्स साठी काय आवश्यक आहे?,Marathi,Driving Licence,Driving Licence,Use the official transport department/licensing service.
1151,పాస్‌పోర్ట్ కోసం ఎలా దరఖాస్తు చేయాలి?,Telugu,Passport,Passport,Use the official passport service.
1202,പാസ്‌പോർട്ട് എവിടെ ലഭിക്കും?,Malayalam,Passport,Passport,Use the official passport service.
2986,నీటి బిల్లు కోసం ఆన్‌లైన్‌లో దరఖాస్తు చేయవచ్చా?,Telugu,Water Bill,Water Bill,Use the relevant water-supply authority or official payment service.
2104,నీటి బిల్లు గురించి సహాయం కావాలి.,Telugu,Water Bill,Water Bill,Use the relevant water-supply authority or official payment service.
1626,സർക്കാർ പരാതി അപേക്ഷ എവിടെ സമർപ്പിക്കണം?,Malayalam,Complaint Registration,Complaint Registration,Submit the complaint through the appropriate official government grievance service.
764,"મારે વીજળીનું બિલ જોઈએ છે, કેવી રીતે અરજી કરું?",Gujarati,Electricity Bill,Electricity Bill,Use the relevant electricity distribution company or official payment service.
2629,سرکاری شکایت کے لیے کہاں سے شروع کروں؟,Urdu,Complaint Registration,Complaint Registration,Submit the complaint through the appropriate official government grievance service.
198,मृत्यू प्रमाणपत्र साठी विनंती कशी करावी?,Marathi,Death Certificate,Death Certificate,Use the appropriate official death registration/local government service.
885,ড্রাইভিং লাইসেন্স কীভাবে পাওয়া যায়?,Bengali,Driving Licence,Driving Licence,Use the official transport department/licensing service.
191,मृत्यू प्रमाणपत्र साठी अर्ज कसा करावा?,Marathi,Death Certificate,Death Certificate,Use the appropriate official death registration/local government service.
175,మరణ ధృవీకరణ పత్రం ఎలా పొందాలి?,Telugu,Death Certificate,Death Certificate,Use the appropriate official death registration/local government service.
2846,నీటి బిల్లు కోసం ఆన్‌లైన్‌లో దరఖాస్తు చేయవచ్చా?,Telugu,Water Bill,Water Bill,Use the relevant water-supply authority or official payment service.
138,जन्म पञ्जीकरणं कृत्वा प्रमाणपत्रं कथं प्राप्नुयाम्?,Sanskrit,Birth Certificate,Birth Certificate,Use the appropriate official birth registration/local government service.
972,चालनानुज्ञापत्र कुत्र लभ्यते?,Sanskrit,Driving Licence,Driving Licence,Use the official transport department/licensing service.
1407,What documents are needed for a government schemes?,English,Government Schemes,Government Schemes,Check official government portals for current schemes and eligibility.
313,రేషన్ కార్డు పొందే ప్రక్రియ ఏమిటి?,Telugu,Ration Card,Ration Card,Use the relevant food and civil supplies department or official service.
767,વીજળીનું બિલ માટે કયા દસ્તાવેજો જોઈએ?,Gujarati,Electricity Bill,Electricity Bill,Use the relevant electricity distribution company or official payment service.
2449,সম্প্ৰদায়ৰ প্ৰমাণপত্ৰৰ বাবে কি লাগে?,Assamese,Community Certificate,Community Certificate,Apply through the appropriate revenue/local government service.
1363,درخواست کی حیثیت حاصل کرنے کا طریقہ کیا ہے؟,Urdu,Application Status,Application Status,Use the relevant official service with your application/reference number.
1533,सर्वकारीययोजनाःप्राप्तेः प्रक्रिया का?,Sanskrit,Government Schemes,Government Schemes,Check official government portals for current schemes and eligibility.
875,డ్రైవింగ్ లైసెన్స్ ఎలా పొందాలి?,Telugu,Driving Licence,Driving Licence,Use the official transport department/licensing service.
641,വെള്ളത്തിന്റെ ബിൽ ന് എങ്ങനെ അപേക്ഷിക്കാം?,Malayalam,Water Bill,Water Bill,Use the relevant water-supply authority or official payment service.
195,मृत्यू प्रमाणपत्र कसे मिळवता येईल?,Marathi,Death Certificate,Death Certificate,Use the appropriate official death registration/local government service.
2925,সম্প্ৰদায়ৰ প্ৰমাণপত্ৰৰ বাবে অনলাইন আবেদন কৰিব পাৰিনে?,Assamese,Community Certificate,Community Certificate,Apply through the appropriate revenue/local government service.
2161,বিদ্যুৎ বিল এর জন্য কী দরকার?,Bengali,Electricity Bill,Electricity Bill,Use the relevant electricity distribution company or official payment service.
2325,Tell me the steps for death certificate.,English,Death Certificate,Death Certificate,Use the appropriate official death registration/local government service.
929,ഡ്രൈവിംഗ് ലൈസൻസ് സേവനം എവിടെ ലഭിക്കും?,Malayalam,Driving Licence,Driving Licence,Use the official transport department/licensing service.
695,जलशुल्क कथं प्राप्तुं शक्यते?,Sanskrit,Water Bill,Water Bill,Use the relevant water-supply authority or official payment service.
2385,বিদ্যুৎ বিল সম্পর্কে সাহায্য চাই।,Bengali,Electricity Bill,Electricity Bill,Use the relevant electricity distribution company or official payment service.
2184,निवासप्रमाणपत्र विषये साहाय्यम् आवश्यकम्।,Sanskrit,Residence Certificate,Residence Certificate,Apply through the appropriate revenue/local government service.
2171,Need help with death certificate.,English,Death Certificate,Death Certificate,Use the appropriate official death registration/local government service.
881,ড্রাইভিং লাইসেন্স-এর জন্য কীভাবে আবেদন করব?,Bengali,Driving Licence,Driving Licence,Use the official transport department/licensing service.
441,சொத்து வரிக்கு எப்படி விண்ணப்பிப்பது?,Tamil,Property Tax,Property Tax,Use the relevant municipal or local government property-tax service.
1800,ଆୟ ପ୍ରମାଣପତ୍ର ପାଇଁ ଆବେଦନ କରିବାକୁ କଣ କରିବି?,Odia,Income Certificate,Income Certificate,Apply through the appropriate revenue/local government service.
1130,"I want to apply for a passport, what should I do?",English,Passport,Passport,Use the official passport service.
1334,"ನನಗೆ ಅರ್ಜಿಯ ಸ್ಥಿತಿ ಬೇಕು, ಹೇಗೆ ಅರ್ಜಿ ಸಲ್ಲಿಸಬೇಕು?",Kannada,Application Status,Application Status,Use the relevant official service with your application/reference number.
2420,ଆୟ ପ୍ରମାଣପତ୍ର ପାଇଁ କେଉଁଠାରୁ ଆରମ୍ଭ କରିବି?,Odia,Income Certificate,Income Certificate,Apply through the appropriate revenue/local government service.
2684,ਸਰਕਾਰੀ ਯੋਜਨਾਵਾਂ ਲਈ ਕਦਮ ਦੱਸੋ।,Punjabi,Government Schemes,Government Schemes,Check official government portals for current schemes and eligibility.
1438,ప్రభుత్వ పథకాలు కోసం ఎలా అభ్యర్థించాలి?,Telugu,Government Schemes,Government Schemes,Check official government portals for current schemes and eligibility.
2749,বিদ্যুৎ বিল করার ধাপগুলি বলুন।,Bengali,Electricity Bill,Electricity Bill,Use the relevant electricity distribution company or official payment service.
2961,મતદાર ઓળખ કાર્ડ માટેના પગલાં જણાવો.,Gujarati,Voter ID,Voter ID,Use the official election/voter service.
2624,ड्रायव्हिंग लायसन्स साठी सुरुवात कुठून करू?,Marathi,Driving Licence,Driving Licence,Use the official transport department/licensing service.
1036,मतदार ओळखपत्र चा अर्ज कुठे जमा करायचा?,Marathi,Voter ID,Voter ID,Use the official election/voter service.
1694,"मुझे आय प्रमाण पत्र चाहिए, कैसे आवेदन करूँ?",Hindi,Income Certificate,Income Certificate,Apply through the appropriate revenue/local government service.
2455,বিদ্যুৎ বিল সম্পর্কে সাহায্য চাই।,Bengali,Electricity Bill,Electricity Bill,Use the relevant electricity distribution company or official payment service.
2885,Tell me the steps for death certificate.,English,Death Certificate,Death Certificate,Use the appropriate official death registration/local government service.
2953,সম্প্ৰদায়ৰ প্ৰমাণপত্ৰৰ বিষয়ে সহায় লাগে।,Assamese,Community Certificate,Community Certificate,Apply through the appropriate revenue/local government service.
2725,അപേക്ഷയുടെ നില ന് എന്താണ് വേണ്ടത്?,Malayalam,Application Status,Application Status,Use the relevant official service with your application/reference number.
2560,ଆୟ ପ୍ରମାଣପତ୍ର ପାଇଁ କେଉଁଠାରୁ ଆରମ୍ଭ କରିବି?,Odia,Income Certificate,Income Certificate,Apply through the appropriate revenue/local government service.
1575,ప్రభుత్వ ఫిర్యాదు ఎలా పొందాలి?,Telugu,Complaint Registration,Complaint Registration,Submit the complaint through the appropriate official government grievance service.
2201,சொத்து வரிக்கு எங்கிருந்து தொடங்குவது?,Tamil,Property Tax,Property Tax,Use the relevant municipal or local government property-tax service.
1199,ಪಾಸ್‌ಪೋರ್ಟ್ ಸೇವೆ ಎಲ್ಲಿ ಸಿಗುತ್ತದೆ?,Kannada,Passport,Passport,Use the official passport service.
1297,దరఖాస్తు స్థితి కోసం ఏ పత్రాలు అవసరం?,Telugu,Application Status,Application Status,Use the relevant official service with your application/reference number.
1279,आवेदन की स्थिति की सेवा कहाँ मिलेगी?,Hindi,Application Status,Application Status,Use the relevant official service with your application/reference number.
564,"I need a water bill, how can I apply?",English,Water Bill,Water Bill,Use the relevant water-supply authority or official payment service.
1969,Where can I check the residence certificate service?,English,Residence Certificate,Residence Certificate,Apply through the appropriate revenue/local government service.
135,जन्मप्रमाणपत्रं कथं प्राप्तुं शक्यते?,Sanskrit,Birth Certificate,Birth Certificate,Use the appropriate official birth registration/local government service.
2180,ਸਰਕਾਰੀ ਯੋਜਨਾਵਾਂ ਬਾਰੇ ਮਦਦ ਚਾਹੀਦੀ ਹੈ।,Punjabi,Government Schemes,Government Schemes,Check official government portals for current schemes and eligibility.
2124,ਸਰਕਾਰੀ ਯੋਜਨਾਵਾਂ ਲਈ ਕਦਮ ਦੱਸੋ।,Punjabi,Government Schemes,Government Schemes,Check official government portals for current schemes and eligibility.
1996,నివాస ధృవీకరణ పత్రం దరఖాస్తును ఎక్కడ సమర్పించాలి?,Telugu,Residence Certificate,Residence Certificate,Apply through the appropriate revenue/local government service.
166,இறப்பு சான்றிதழ் விண்ணப்பத்தை எங்கே சமர்ப்பிக்க வேண்டும்?,Tamil,Death Certificate,Death Certificate,Use the appropriate official death registration/local government service.
2531,سرکاری شکایت کے بارے میں مدد چاہیے۔,Urdu,Complaint Registration,Complaint Registration,Submit the complaint through the appropriate official government grievance service.
2058,ਰਿਹਾਇਸ਼ ਸਰਟੀਫਿਕੇਟ ਲਈ ਬੇਨਤੀ ਕਿਵੇਂ ਕਰਨੀ ਹੈ?,Punjabi,Residence Certificate,Residence Certificate,Apply through the appropriate revenue/local government service.
1459,सरकारी योजना ची सेवा कुठे मिळेल?,Marathi,Government Schemes,Government Schemes,Check official government portals for current schemes and eligibility.
1005,வாக்காளர் அடையாள அட்டை எப்படி பெறலாம்?,Tamil,Voter ID,Voter ID,Use the official election/voter service.
1725,আয় শংসাপত্র কীভাবে পাওয়া যায়?,Bengali,Income Certificate,Income Certificate,Apply through the appropriate revenue/local government service.
1406,Where should I submit a government schemes application?,English,Government Schemes,Government Schemes,Check official government portals for current schemes and eligibility.
2636,నీటి బిల్లు కోసం ఆన్‌లైన్‌లో దరఖాస్తు చేయవచ్చా?,Telugu,Water Bill,Water Bill,Use the relevant water-supply authority or official payment service.
823,বিদ্যুৎ বিল পোৱাৰ প্ৰক্ৰিয়া কি?,Assamese,Electricity Bill,Electricity Bill,Use the relevant electricity distribution company or official payment service.
2062,رہائشی سرٹیفکیٹ کہاں ملے گا؟,Urdu,Residence Certificate,Residence Certificate,Apply through the appropriate revenue/local government service.
1979,निवास प्रमाण पत्र की सेवा कहाँ मिलेगी?,Hindi,Residence Certificate,Residence Certificate,Apply through the appropriate revenue/local government service.
64,"મારે જન્મ પ્રમાણપત્ર જોઈએ છે, કેવી રીતે અરજી કરું?",Gujarati,Birth Certificate,Birth Certificate,Use the appropriate official birth registration/local government service.
1318,अर्जाची स्थिती साठी विनंती कशी करावी?,Marathi,Application Status,Application Status,Use the relevant official service with your application/reference number.
2898,निवासप्रमाणपत्र कृते क्रमाः कथ्यन्ताम्।,Sanskrit,Residence Certificate,Residence Certificate,Apply through the appropriate revenue/local government service.
2398,నీటి బిల్లు కోసం దశలు చెప్పండి.,Telugu,Water Bill,Water Bill,Use the relevant water-supply authority or official payment service.
1068,വോട്ടർ ഐഡി ന് എങ്ങനെ അഭ്യർത്ഥിക്കാം?,Malayalam,Voter ID,Voter ID,Use the official election/voter service.
1350,അപേക്ഷയുടെ നില ന് അപേക്ഷിക്കാൻ എന്ത് ചെയ്യണം?,Malayalam,Application Status,Application Status,Use the relevant official service with your application/reference number.
1490,സർക്കാർ പദ്ധതികൾ ന് അപേക്ഷിക്കാൻ എന്ത് ചെയ്യണം?,Malayalam,Government Schemes,Government Schemes,Check official government portals for current schemes and eligibility.
89,ജനന സർട്ടിഫിക്കറ്റിന്റെ പകർപ്പ് എങ്ങനെ ലഭിക്കും?,Malayalam,Birth Certificate,Birth Certificate,Use the appropriate official birth registration/local government service.
2129,Where do I start for death certificate?,English,Death Certificate,Death Certificate,Use the appropriate official death registration/local government service.
2014,"मला रहिवासी प्रमाणपत्र हवे आहे, अर्ज कसा करू?",Marathi,Residence Certificate,Residence Certificate,Apply through the appropriate revenue/local government service.
1032,मतदार ओळखपत्र कुठे मिळेल?,Marathi,Voter ID,Voter ID,Use the official election/voter service.
926,ഡ്രൈവിംഗ് ലൈസൻസ് അപേക്ഷ എവിടെ സമർപ്പിക്കണം?,Malayalam,Driving Licence,Driving Licence,Use the official transport department/licensing service.
2199,Where do I start for death certificate?,English,Death Certificate,Death Certificate,Use the appropriate official death registration/local government service.
2691,சொத்து வரிக்கு எங்கிருந்து தொடங்குவது?,Tamil,Property Tax,Property Tax,Use the relevant municipal or local government property-tax service.
1052,ಮತದಾರರ ಗುರುತಿನ ಚೀಟಿ ಎಲ್ಲಿ ಸಿಗುತ್ತದೆ?,Kannada,Voter ID,Voter ID,Use the official election/voter service.
742,বিদ্যুৎ বিল কোথায় পাওয়া যাবে?,Bengali,Electricity Bill,Electricity Bill,Use the relevant electricity distribution company or official payment service.
1821,How do I apply for a community certificate?,English,Community Certificate,Community Certificate,Apply through the appropriate revenue/local government service.
2330,ड्रायव्हिंग लायसन्स साठीचे टप्पे सांगा.,Marathi,Driving Licence,Driving Licence,Use the official transport department/licensing service.
976,चालनानुज्ञापत्रस्य आवेदनं कुत्र समर्पणीयम्?,Sanskrit,Driving Licence,Driving Licence,Use the official transport department/licensing service.
2987,বিদ্যুৎ বিল এর জন্য অনলাইনে আবেদন করা যায় কি?,Bengali,Electricity Bill,Electricity Bill,Use the relevant electricity distribution company or official payment service.
1528,চৰকাৰী আঁচনিৰ বাবে কেনেকৈ অনুৰোধ কৰিম?,Assamese,Government Schemes,Government Schemes,Check official government portals for current schemes and eligibility.
2738,ಪಾಸ್‌ಪೋರ್ಟ್ ಬಗ್ಗೆ ಸಹಾಯ ಬೇಕು.,Kannada,Passport,Passport,Use the official passport service.
1959,समुदायप्रमाणपत्रसेवा कुत्र लभ्यते?,Sanskrit,Community Certificate,Community Certificate,Apply through the appropriate revenue/local government service.
2608,నీటి బిల్లు కోసం దశలు చెప్పండి.,Telugu,Water Bill,Water Bill,Use the relevant water-supply authority or official payment service.
1520,ସରକାରୀ ଯୋଜନା ପାଇଁ ଆବେଦନ କରିବାକୁ କଣ କରିବି?,Odia,Government Schemes,Government Schemes,Check official government portals for current schemes and eligibility.
260,ମୃତ୍ୟୁ ପ୍ରମାଣପତ୍ର ପାଇଁ ଆବେଦନ କରିବାକୁ କଣ କରିବି?,Odia,Death Certificate,Death Certificate,Use the appropriate official death registration/local government service.
108,پیدائش کا اندراج کرکے سرٹیفکیٹ کیسے حاصل کریں؟,Urdu,Birth Certificate,Birth Certificate,Use the appropriate official birth registration/local government service.
544,"মোক সম্পত্তি কৰ লাগে, কেনেকৈ আবেদন কৰিম?",Assamese,Property Tax,Property Tax,Use the relevant municipal or local government property-tax service.
2990,ಪಾಸ್‌ಪೋರ್ಟ್ಗಾಗಿ ಆನ್‌ಲೈನ್‌ನಲ್ಲಿ ಅರ್ಜಿ ಸಲ್ಲಿಸಬಹುದೇ?,Kannada,Passport,Passport,Use the official passport service.
2621,சொத்து வரிக்கு எங்கிருந்து தொடங்குவது?,Tamil,Property Tax,Property Tax,Use the relevant municipal or local government property-tax service.
664,مجھے پانی کا بل چاہیے، درخواست کیسے دوں؟,Urdu,Water Bill,Water Bill,Use the relevant water-supply authority or official payment service.
2240,निवासप्रमाणपत्र कृते किं आवश्यकम्?,Sanskrit,Residence Certificate,Residence Certificate,Apply through the appropriate revenue/local government service.
488,મિલકત વેરો માટે વિનંતી કેવી રીતે કરવી?,Gujarati,Property Tax,Property Tax,Use the relevant municipal or local government property-tax service.
1615,ಸರ್ಕಾರಿ ದೂರು ಅನ್ನು ಹೇಗೆ ಪಡೆಯಬಹುದು?,Kannada,Complaint Registration,Complaint Registration,Submit the complaint through the appropriate official government grievance service.
734,"నాకు విద్యుత్ బిల్లు కావాలి, ఎలా దరఖాస్తు చేయాలి?",Telugu,Electricity Bill,Electricity Bill,Use the relevant electricity distribution company or official payment service.
31,జనన ధృవీకరణ పత్రం కోసం ఎలా దరఖాస్తు చేయాలి?,Telugu,Birth Certificate,Birth Certificate,Use the appropriate official birth registration/local government service.
1965,Can you tell me how to obtain a residence certificate?,English,Residence Certificate,Residence Certificate,Apply through the appropriate revenue/local government service.
53,जन्म प्रमाणपत्र मिळवण्याची प्रक्रिया काय आहे?,Marathi,Birth Certificate,Birth Certificate,Use the appropriate official birth registration/local government service.
2764,ड्रायव्हिंग लायसन्स साठी सुरुवात कुठून करू?,Marathi,Driving Licence,Driving Licence,Use the official transport department/licensing service.
226,മരണ സർട്ടിഫിക്കറ്റ് അപേക്ഷ എവിടെ സമർപ്പിക്കണം?,Malayalam,Death Certificate,Death Certificate,Use the appropriate official death registration/local government service.
358,ಪಡಿತರ ಚೀಟಿಗಾಗಿ ಹೇಗೆ ವಿನಂತಿಸಬೇಕು?,Kannada,Ration Card,Ration Card,Use the relevant food and civil supplies department or official service.
1803,উপাৰ্জনৰ প্ৰমাণপত্ৰ পোৱাৰ প্ৰক্ৰিয়া কি?,Assamese,Income Certificate,Income Certificate,Apply through the appropriate revenue/local government service.
1764,"എനിക്ക് വരുമാന സർട്ടിഫിക്കറ്റ് വേണം, എങ്ങനെ അപേക്ഷിക്കാം?",Malayalam,Income Certificate,Income Certificate,Apply through the appropriate revenue/local government service.
267,মৃত্যু প্ৰমাণপত্ৰৰ বাবে কি কি নথি লাগে?,Assamese,Death Certificate,Death Certificate,Use the appropriate official death registration/local government service.
2040,ನಿವಾಸ ಪ್ರಮಾಣಪತ್ರಗೆ ಅರ್ಜಿ ಸಲ್ಲಿಸಲು ಏನು ಮಾಡಬೇಕು?,Kannada,Residence Certificate,Residence Certificate,Apply through the appropriate revenue/local government service.
568,How can I request a water bill?,English,Water Bill,Water Bill,Use the relevant water-supply authority or official payment service.
2018,रहिवासी प्रमाणपत्र साठी विनंती कशी करावी?,Marathi,Residence Certificate,Residence Certificate,Apply through the appropriate revenue/local government service.
1221,پاسپورٹ کے لیے درخواست کیسے دیں؟,Urdu,Passport,Passport,Use the official passport service.
1908,സമുദായ സർട്ടിഫിക്കറ്റ് ന് എങ്ങനെ അഭ്യർത്ഥിക്കാം?,Malayalam,Community Certificate,Community Certificate,Apply through the appropriate revenue/local government service.
303,ரேஷன் கார்டு பெறும் நடைமுறை என்ன?,Tamil,Ration Card,Ration Card,Use the relevant food and civil supplies department or official service.
1586,সরকারি অভিযোগ-এর আবেদন কোথায় জমা দেব?,Bengali,Complaint Registration,Complaint Registration,Submit the complaint through the appropriate official government grievance service.
2750,ड्रायव्हिंग लायसन्स साठीचे टप्पे सांगा.,Marathi,Driving Licence,Driving Licence,Use the official transport department/licensing service.
478,मालमत्ता कर साठी विनंती कशी करावी?,Marathi,Property Tax,Property Tax,Use the relevant municipal or local government property-tax service.
2309,সম্প্ৰদায়ৰ প্ৰমাণপত্ৰৰ বাবে কি লাগে?,Assamese,Community Certificate,Community Certificate,Apply through the appropriate revenue/local government service.
2944,నీటి బిల్లు గురించి సహాయం కావాలి.,Telugu,Water Bill,Water Bill,Use the relevant water-supply authority or official payment service.
2829,Where do I start for death certificate?,English,Death Certificate,Death Certificate,Use the appropriate official death registration/local government service.
2413,বিদ্যুৎ বিল এর জন্য কোথা থেকে শুরু করব?,Bengali,Electricity Bill,Electricity Bill,Use the relevant electricity distribution company or official payment service.
1568,அரசு புகார்க்கு எப்படி கோரிக்கை விடுப்பது?,Tamil,Complaint Registration,Complaint Registration,Submit the complaint through the appropriate official government grievance service.
1922,برادری کا سرٹیفکیٹ کہاں ملے گا؟,Urdu,Community Certificate,Community Certificate,Apply through the appropriate revenue/local government service.
2219,મતદાર ઓળખ કાર્ડ માટે ઓનલાઈન અરજી કરી શકાય છે?,Gujarati,Voter ID,Voter ID,Use the official election/voter service.
1157,పాస్‌పోర్ట్ కోసం ఏ పత్రాలు అవసరం?,Telugu,Passport,Passport,Use the official passport service.
2861,বিদ্যুৎ বিল এর জন্য কী দরকার?,Bengali,Electricity Bill,Electricity Bill,Use the relevant electricity distribution company or official payment service.
258,ମୃତ୍ୟୁ ପ୍ରମାଣପତ୍ର ପାଇଁ କିପରି ଅନୁରୋଧ କରିବି?,Odia,Death Certificate,Death Certificate,Use the appropriate official death registration/local government service.
499,ಆಸ್ತಿ ತೆರಿಗೆ ಸೇವೆ ಎಲ್ಲಿ ಸಿಗುತ್ತದೆ?,Kannada,Property Tax,Property Tax,Use the relevant municipal or local government property-tax service.
684,"মোক পানীৰ বিল লাগে, কেনেকৈ আবেদন কৰিম?",Assamese,Water Bill,Water Bill,Use the relevant water-supply authority or official payment service.
1612,ಸರ್ಕಾರಿ ದೂರು ಎಲ್ಲಿ ಸಿಗುತ್ತದೆ?,Kannada,Complaint Registration,Complaint Registration,Submit the complaint through the appropriate official government grievance service.
104,مجھے پیدائش کا سرٹیفکیٹ چاہیے، درخواست کیسے دوں؟,Urdu,Birth Certificate,Birth Certificate,Use the appropriate official birth registration/local government service.
44,"আমার জন্ম শংসাপত্র দরকার, কীভাবে আবেদন করব?",Bengali,Birth Certificate,Birth Certificate,Use the appropriate official birth registration/local government service.
2830,राशन कार्ड के लिए शुरुआत कहाँ से करूँ?,Hindi,Ration Card,Ration Card,Use the relevant food and civil supplies department or official service.
2402,ಪಾಸ್‌ಪೋರ್ಟ್ಗಾಗಿ ಹಂತಗಳನ್ನು ತಿಳಿಸಿ.,Kannada,Passport,Passport,Use the official passport service.
1315,अर्जाची स्थिती कसे मिळवता येईल?,Marathi,Application Status,Application Status,Use the relevant official service with your application/reference number.
435,संपत्ति कर कैसे प्राप्त कर सकते हैं?,Hindi,Property Tax,Property Tax,Use the relevant municipal or local government property-tax service.
1358,ਅਰਜ਼ੀ ਦੀ ਸਥਿਤੀ ਲਈ ਬੇਨਤੀ ਕਿਵੇਂ ਕਰਨੀ ਹੈ?,Punjabi,Application Status,Application Status,Use the relevant official service with your application/reference number.
2936,ਸਰਕਾਰੀ ਯੋਜਨਾਵਾਂ ਲਈ ਕੀ ਚਾਹੀਦਾ ਹੈ?,Punjabi,Government Schemes,Government Schemes,Check official government portals for current schemes and eligibility.
1736,उत्पन्न प्रमाणपत्र चा अर्ज कुठे जमा करायचा?,Marathi,Income Certificate,Income Certificate,Apply through the appropriate revenue/local government service.
251,ମୃତ୍ୟୁ ପ୍ରମାଣପତ୍ର ପାଇଁ କିପରି ଆବେଦନ କରିବେ?,Odia,Death Certificate,Death Certificate,Use the appropriate official death registration/local government service.
389,راشن کارڈ کی خدمت کہاں ملے گی؟,Urdu,Ration Card,Ration Card,Use the relevant food and civil supplies department or official service.
2029,રહેઠાણ પ્રમાણપત્રની સેવા ક્યાં મળશે?,Gujarati,Residence Certificate,Residence Certificate,Apply through the appropriate revenue/local government service.
2456,ड्रायव्हिंग लायसन्स बद्दल मदत हवी आहे.,Marathi,Driving Licence,Driving Licence,Use the official transport department/licensing service.
125,জন্ম প্ৰমাণপত্ৰ কেনেকৈ পাব পাৰি?,Assamese,Birth Certificate,Birth Certificate,Use the appropriate official birth registration/local government service.
2722,ड्रायव्हिंग लायसन्स साठी काय आवश्यक आहे?,Marathi,Driving Licence,Driving Licence,Use the official transport department/licensing service.
2115,Tell me the steps for death certificate.,English,Death Certificate,Death Certificate,Use the appropriate official death registration/local government service.
2435,সম্প্ৰদায়ৰ প্ৰমাণপত্ৰৰ বাবে অনলাইন আবেদন কৰিব পাৰিনে?,Assamese,Community Certificate,Community Certificate,Apply through the appropriate revenue/local government service.
753,वीज बिल मिळवण्याची प्रक्रिया काय आहे?,Marathi,Electricity Bill,Electricity Bill,Use the relevant electricity distribution company or official payment service.
1822,Where can I get a community certificate?,English,Community Certificate,Community Certificate,Apply through the appropriate revenue/local government service.
204,"મારે મૃત્યુ પ્રમાણપત્ર જોઈએ છે, કેવી રીતે અરજી કરું?",Gujarati,Death Certificate,Death Certificate,Use the appropriate official death registration/local government service.
743,বিদ্যুৎ বিল পাওয়ার প্রক্রিয়া কী?,Bengali,Electricity Bill,Electricity Bill,Use the relevant electricity distribution company or official payment service.
484,"મારે મિલકત વેરો જોઈએ છે, કેવી રીતે અરજી કરું?",Gujarati,Property Tax,Property Tax,Use the relevant municipal or local government property-tax service.
911,ಚಾಲನಾ ಪರವಾನಗಿಗೆ ಹೇಗೆ ಅರ್ಜಿ ಸಲ್ಲಿಸುವುದು?,Kannada,Driving Licence,Driving Licence,Use the official transport department/licensing service.
1906,സമുദായ സർട്ടിഫിക്കറ്റ് അപേക്ഷ എവിടെ സമർപ്പിക്കണം?,Malayalam,Community Certificate,Community Certificate,Apply through the appropriate revenue/local government service.
2520,निवासप्रमाणपत्र कृते किं आवश्यकम्?,Sanskrit,Residence Certificate,Residence Certificate,Apply through the appropriate revenue/local government service.
2218,ड्रायव्हिंग लायसन्स साठी ऑनलाइन अर्ज करता येतो का?,Marathi,Driving Licence,Driving Licence,Use the official transport department/licensing service.
1848,சமூக சான்றிதழ்க்கு எப்படி கோரிக்கை விடுப்பது?,Tamil,Community Certificate,Community Certificate,Apply through the appropriate revenue/local government service.
68,જન્મની નોંધણી કરીને પ્રમાણપત્ર કેવી રીતે મેળવવું?,Gujarati,Birth Certificate,Birth Certificate,Use the appropriate official birth registration/local government service.
573,पानी का बिल प्राप्त करने की प्रक्रिया क्या है?,Hindi,Water Bill,Water Bill,Use the relevant water-supply authority or official payment service.
836,विद्युत्शुल्कस्य आवेदनं कुत्र समर्पणीयम्?,Sanskrit,Electricity Bill,Electricity Bill,Use the relevant electricity distribution company or official payment service.
1261,How do I apply for a application status?,English,Application Status,Application Status,Use the relevant official service with your application/reference number.
2010,বাসস্থান শংসাপত্র-এর জন্য আবেদন করতে কী করতে হবে?,Bengali,Residence Certificate,Residence Certificate,Apply through the appropriate revenue/local government service.
203,મૃત્યુ પ્રમાણપત્ર મેળવવાની પ્રક્રિયા શું છે?,Gujarati,Death Certificate,Death Certificate,Use the appropriate official death registration/local government service.
1342,അപേക്ഷയുടെ നില എവിടെ ലഭിക്കും?,Malayalam,Application Status,Application Status,Use the relevant official service with your application/reference number.
2263,അപേക്ഷയുടെ നില ചെയ്യുന്നതിനുള്ള ഘട്ടങ്ങൾ പറയൂ.,Malayalam,Application Status,Application Status,Use the relevant official service with your application/reference number.
1950,সম্প্ৰদায়ৰ প্ৰমাণপত্ৰৰ বাবে আবেদন কৰিবলৈ কি কৰিব লাগিব?,Assamese,Community Certificate,Community Certificate,Apply through the appropriate revenue/local government service.
1489,സർക്കാർ പദ്ധതികൾ സേവനം എവിടെ ലഭിക്കും?,Malayalam,Government Schemes,Government Schemes,Check official government portals for current schemes and eligibility.
1521,চৰকাৰী আঁচনিৰ বাবে কেনেকৈ আবেদন কৰিব?,Assamese,Government Schemes,Government Schemes,Check official government portals for current schemes and eligibility.
2013,रहिवासी प्रमाणपत्र मिळवण्याची प्रक्रिया काय आहे?,Marathi,Residence Certificate,Residence Certificate,Apply through the appropriate revenue/local government service.
2921,അപേക്ഷയുടെ നില ന് ഓൺലൈനായി അപേക്ഷിക്കാമോ?,Malayalam,Application Status,Application Status,Use the relevant official service with your application/reference number.
2279,سرکاری شکایت کے لیے کہاں سے شروع کروں؟,Urdu,Complaint Registration,Complaint Registration,Submit the complaint through the appropriate official government grievance service.
1427,அரசு திட்டங்கள்க்கு என்ன ஆவணங்கள் தேவை?,Tamil,Government Schemes,Government Schemes,Check official government portals for current schemes and eligibility.
1522,চৰকাৰী আঁচনি ক'ত পাম?,Assamese,Government Schemes,Government Schemes,Check official government portals for current schemes and eligibility.
1374,"ମୋତେ ଆବେଦନର ସ୍ଥିତି ଦରକାର, କିପରି ଆବେଦନ କରିବି?",Odia,Application Status,Application Status,Use the relevant official service with your application/reference number.
760,वीज बिल साठी अर्ज करण्यासाठी काय करावे?,Marathi,Electricity Bill,Electricity Bill,Use the relevant electricity distribution company or official payment service.
930,ഡ്രൈവിംഗ് ലൈസൻസ് ന് അപേക്ഷിക്കാൻ എന്ത് ചെയ്യണം?,Malayalam,Driving Licence,Driving Licence,Use the official transport department/licensing service.
2333,അപേക്ഷയുടെ നില ചെയ്യുന്നതിനുള്ള ഘട്ടങ്ങൾ പറയൂ.,Malayalam,Application Status,Application Status,Use the relevant official service with your application/reference number.
278,मृत्युप्रमाणपत्रार्थं कथं अनुरोधः करणीयः?,Sanskrit,Death Certificate,Death Certificate,Use the appropriate official death registration/local government service.
1101,ভোটাৰ আইডিৰ বাবে কেনেকৈ আবেদন কৰিব?,Assamese,Voter ID,Voter ID,Use the official election/voter service.
1921,برادری کا سرٹیفکیٹ کے لیے درخواست کیسے دیں؟,Urdu,Community Certificate,Community Certificate,Apply through the appropriate revenue/local government service.
200,मृत्यू प्रमाणपत्र साठी अर्ज करण्यासाठी काय करावे?,Marathi,Death Certificate,Death Certificate,Use the appropriate official death registration/local government service.
2811,سرکاری شکایت کے بارے میں مدد چاہیے۔,Urdu,Complaint Registration,Complaint Registration,Submit the complaint through the appropriate official government grievance service.
2666,ड्रायव्हिंग लायसन्स बद्दल मदत हवी आहे.,Marathi,Driving Licence,Driving Licence,Use the official transport department/licensing service.
624,"મારે પાણીનું બિલ જોઈએ છે, કેવી રીતે અરજી કરું?",Gujarati,Water Bill,Water Bill,Use the relevant water-supply authority or official payment service.
77,ಜನನ ಪ್ರಮಾಣಪತ್ರಕ್ಕೆ ಯಾವ ದಾಖಲೆಗಳು ಬೇಕು?,Kannada,Birth Certificate,Birth Certificate,Use the appropriate official birth registration/local government service.
93,ਜਨਮ ਸਰਟੀਫਿਕੇਟ ਲੈਣ ਦੀ ਪ੍ਰਕਿਰਿਆ ਕੀ ਹੈ?,Punjabi,Birth Certificate,Birth Certificate,Use the appropriate official birth registration/local government service.
2499,મતદાર ઓળખ કાર્ડ માટે ઓનલાઈન અરજી કરી શકાય છે?,Gujarati,Voter ID,Voter ID,Use the official election/voter service.
239,ਮੌਤ ਸਰਟੀਫਿਕੇਟ ਦੀ ਸੇਵਾ ਕਿੱਥੇ ਮਿਲੇਗੀ?,Punjabi,Death Certificate,Death Certificate,Use the appropriate official death registration/local government service.
2654,ಪಾಸ್‌ಪೋರ್ಟ್ಗೆ ಏನು ಬೇಕು?,Kannada,Passport,Passport,Use the official passport service.
1330,અરજીની સ્થિતિ માટે અરજી કરવા શું કરવું?,Gujarati,Application Status,Application Status,Use the relevant official service with your application/reference number.
2416,ಪಾಸ್‌ಪೋರ್ಟ್ಗಾಗಿ ಎಲ್ಲಿಂದ ಪ್ರಾರಂಭಿಸಬೇಕು?,Kannada,Passport,Passport,Use the official passport service.
1436,ప్రభుత్వ పథకాలు దరఖాస్తును ఎక్కడ సమర్పించాలి?,Telugu,Government Schemes,Government Schemes,Check official government portals for current schemes and eligibility.
951,ଡ୍ରାଇଭିଂ ଲାଇସେନ୍ସ ପାଇଁ କିପରି ଆବେଦନ କରିବେ?,Odia,Driving Licence,Driving Licence,Use the official transport department/licensing service.
1688,How can I request a income certificate?,English,Income Certificate,Income Certificate,Apply through the appropriate revenue/local government service.
1302,আবেদনের অবস্থা কোথায় পাওয়া যাবে?,Bengali,Application Status,Application Status,Use the relevant official service with your application/reference number.
130,জন্ম প্ৰমাণপত্ৰৰ সেৱা ক'ত পাম?,Assamese,Birth Certificate,Birth Certificate,Use the appropriate official birth registration/local government service.
1327,અરજીની સ્થિતિ માટે કયા દસ્તાવેજો જોઈએ?,Gujarati,Application Status,Application Status,Use the relevant official service with your application/reference number.
454,"నాకు ఆస్తి పన్ను కావాలి, ఎలా దరఖాస్తు చేయాలి?",Telugu,Property Tax,Property Tax,Use the relevant municipal or local government property-tax service.
1250,পাছপ'ৰ্টৰ বাবে আবেদন কৰিবলৈ কি কৰিব লাগিব?,Assamese,Passport,Passport,Use the official passport service.
672,ପାଣି ବିଲ୍ କେଉଁଠାରେ ମିଳିବ?,Odia,Water Bill,Water Bill,Use the relevant water-supply authority or official payment service.
1150,பாஸ்போர்ட்க்கு விண்ணப்பிக்க என்ன செய்ய வேண்டும்?,Tamil,Passport,Passport,Use the official passport service.
1269,Where can I check the application status service?,English,Application Status,Application Status,Use the relevant official service with your application/reference number.
2425,சொத்து வரிக்கு ஆன்லைனில் விண்ணப்பிக்கலாமா?,Tamil,Property Tax,Property Tax,Use the relevant municipal or local government property-tax service.
966,ড্ৰাইভিং লাইচেঞ্চৰ আবেদন ক'ত জমা দিম?,Assamese,Driving Licence,Driving Licence,Use the official transport department/licensing service.
2758,निवासप्रमाणपत्र कृते क्रमाः कथ्यन्ताम्।,Sanskrit,Residence Certificate,Residence Certificate,Apply through the appropriate revenue/local government service.
2341,சொத்து வரிக்கு எங்கிருந்து தொடங்குவது?,Tamil,Property Tax,Property Tax,Use the relevant municipal or local government property-tax service.
2739,അപേക്ഷയുടെ നില സംബന്ധിച്ച് സഹായം വേണം.,Malayalam,Application Status,Application Status,Use the relevant official service with your application/reference number.
761,વીજળીનું બિલ માટે કેવી રીતે અરજી કરવી?,Gujarati,Electricity Bill,Electricity Bill,Use the relevant electricity distribution company or official payment service.
1308,আবেদনের অবস্থা-এর জন্য কীভাবে অনুরোধ করব?,Bengali,Application Status,Application Status,Use the relevant official service with your application/reference number.
1685,Can you tell me how to obtain a income certificate?,English,Income Certificate,Income Certificate,Apply through the appropriate revenue/local government service.
1978,निवास प्रमाण पत्र के लिए अनुरोध कैसे करें?,Hindi,Residence Certificate,Residence Certificate,Apply through the appropriate revenue/local government service.
1198,ಪಾಸ್‌ಪೋರ್ಟ್ಗಾಗಿ ಹೇಗೆ ವಿನಂತಿಸಬೇಕು?,Kannada,Passport,Passport,Use the official passport service.
2422,निवासप्रमाणपत्र कृते कुतः आरभेयं?,Sanskrit,Residence Certificate,Residence Certificate,Apply through the appropriate revenue/local government service.
2363,کیا سرکاری شکایت کے لیے آن لائن درخواست دے سکتے ہیں؟,Urdu,Complaint Registration,Complaint Registration,Submit the complaint through the appropriate official government grievance service.
1534,"मम सर्वकारीययोजनाः आवश्यकम्, कथम् आवेदनं करिष्यामि?",Sanskrit,Government Schemes,Government Schemes,Check official government portals for current schemes and eligibility.
2265,سرکاری شکایت کے مراحل بتائیں۔,Urdu,Complaint Registration,Complaint Registration,Submit the complaint through the appropriate official government grievance service.
755,वीज बिल कसे मिळवता येईल?,Marathi,Electricity Bill,Electricity Bill,Use the relevant electricity distribution company or official payment service.
2878,ಪಾಸ್‌ಪೋರ್ಟ್ ಬಗ್ಗೆ ಸಹಾಯ ಬೇಕು.,Kannada,Passport,Passport,Use the official passport service.
254,"ମୋତେ ମୃତ୍ୟୁ ପ୍ରମାଣପତ୍ର ଦରକାର, କିପରି ଆବେଦନ କରିବି?",Odia,Death Certificate,Death Certificate,Use the appropriate official death registration/local government service.
1099,ଭୋଟର ଆଇଡି ସେବା କେଉଁଠାରେ ମିଳିବ?,Odia,Voter ID,Voter ID,Use the official election/voter service.
2755,سرکاری شکایت کے مراحل بتائیں۔,Urdu,Complaint Registration,Complaint Registration,Submit the complaint through the appropriate official government grievance service.
29,பிறப்பு சான்றிதழின் நகலை எப்படி பெறுவது?,Tamil,Birth Certificate,Birth Certificate,Use the appropriate official birth registration/local government service.
809,بجلی کا بل کی خدمت کہاں ملے گی؟,Urdu,Electricity Bill,Electricity Bill,Use the relevant electricity distribution company or official payment service.
1620,ಸರ್ಕಾರಿ ದೂರುಗೆ ಅರ್ಜಿ ಸಲ್ಲಿಸಲು ಏನು ಮಾಡಬೇಕು?,Kannada,Complaint Registration,Complaint Registration,Submit the complaint through the appropriate official government grievance service.
1995,నివాస ధృవీకరణ పత్రం ఎలా పొందాలి?,Telugu,Residence Certificate,Residence Certificate,Apply through the appropriate revenue/local government service.
1771,ਆਮਦਨ ਸਰਟੀਫਿਕੇਟ ਲਈ ਅਰਜ਼ੀ ਕਿਵੇਂ ਦੇਣੀ ਹੈ?,Punjabi,Income Certificate,Income Certificate,Apply through the appropriate revenue/local government service.
2535,Tell me the steps for death certificate.,English,Death Certificate,Death Certificate,Use the appropriate official death registration/local government service.
1758,ಆದಾಯ ಪ್ರಮಾಣಪತ್ರಗಾಗಿ ಹೇಗೆ ವಿನಂತಿಸಬೇಕು?,Kannada,Income Certificate,Income Certificate,Apply through the appropriate revenue/local government service.
2696,ಪಾಸ್‌ಪೋರ್ಟ್ಗಾಗಿ ಎಲ್ಲಿಂದ ಪ್ರಾರಂಭಿಸಬೇಕು?,Kannada,Passport,Passport,Use the official passport service.
814,"ମୋତେ ବିଦ୍ୟୁତ ବିଲ୍ ଦରକାର, କିପରି ଆବେଦନ କରିବି?",Odia,Electricity Bill,Electricity Bill,Use the relevant electricity distribution company or official payment service.
1936,ସମ୍ପ୍ରଦାୟ ପ୍ରମାଣପତ୍ର ଆବେଦନ କେଉଁଠାରେ ଦେବି?,Odia,Community Certificate,Community Certificate,Apply through the appropriate revenue/local government service.
2285,சொத்து வரிக்கு ஆன்லைனில் விண்ணப்பிக்கலாமா?,Tamil,Property Tax,Property Tax,Use the relevant municipal or local government property-tax service.
1386,আবেদনৰ স্থিতিৰ আবেদন ক'ত জমা দিম?,Assamese,Application Status,Application Status,Use the relevant official service with your application/reference number.
463,সম্পত্তি কর পাওয়ার প্রক্রিয়া কী?,Bengali,Property Tax,Property Tax,Use the relevant municipal or local government property-tax service.
1545,Can you tell me how to obtain a government complaint?,English,Complaint Registration,Complaint Registration,Submit the complaint through the appropriate official government grievance service.
289,Where can I check the ration card service?,English,Ration Card,Ration Card,Use the relevant food and civil supplies department or official service.
155,मृत्यु प्रमाण पत्र कैसे प्राप्त कर सकते हैं?,Hindi,Death Certificate,Death Certificate,Use the appropriate official death registration/local government service.
960,ଡ୍ରାଇଭିଂ ଲାଇସେନ୍ସ ପାଇଁ ଆବେଦନ କରିବାକୁ କଣ କରିବି?,Odia,Driving Licence,Driving Licence,Use the official transport department/licensing service.
236,ਮੌਤ ਸਰਟੀਫਿਕੇਟ ਦੀ ਅਰਜ਼ੀ ਕਿੱਥੇ ਜਮ੍ਹਾਂ ਕਰਵਾਉਣੀ ਹੈ?,Punjabi,Death Certificate,Death Certificate,Use the appropriate official death registration/local government service.
1862,সম্প্রদায় শংসাপত্র কোথায় পাওয়া যাবে?,Bengali,Community Certificate,Community Certificate,Apply through the appropriate revenue/local government service.
2417,അപേക്ഷയുടെ നില ന് എവിടെ നിന്ന് തുടങ്ങണം?,Malayalam,Application Status,Application Status,Use the relevant official service with your application/reference number.
2034,"ನನಗೆ ನಿವಾಸ ಪ್ರಮಾಣಪತ್ರ ಬೇಕು, ಹೇಗೆ ಅರ್ಜಿ ಸಲ್ಲಿಸಬೇಕು?",Kannada,Residence Certificate,Residence Certificate,Apply through the appropriate revenue/local government service.
2518,ଆୟ ପ୍ରମାଣପତ୍ର ପାଇଁ କଣ ଦରକାର?,Odia,Income Certificate,Income Certificate,Apply through the appropriate revenue/local government service.
1652,ସରକାରୀ ଅଭିଯୋଗ କେଉଁଠାରେ ମିଳିବ?,Odia,Complaint Registration,Complaint Registration,Submit the complaint through the appropriate official government grievance service.
2810,ਸਰਕਾਰੀ ਯੋਜਨਾਵਾਂ ਬਾਰੇ ਮਦਦ ਚਾਹੀਦੀ ਹੈ।,Punjabi,Government Schemes,Government Schemes,Check official government portals for current schemes and eligibility.
2558,ਸਰਕਾਰੀ ਯੋਜਨਾਵਾਂ ਲਈ ਕਿੱਥੋਂ ਸ਼ੁਰੂ ਕਰਾਂ?,Punjabi,Government Schemes,Government Schemes,Check official government portals for current schemes and eligibility.
527,پراپرٹی ٹیکس کے لیے کون سی دستاویزات چاہئیں؟,Urdu,Property Tax,Property Tax,Use the relevant municipal or local government property-tax service.
337,रेशन कार्ड साठी कोणती कागदपत्रे आवश्यक आहेत?,Marathi,Ration Card,Ration Card,Use the relevant food and civil supplies department or official service.
1701,வருமான சான்றிதழ்க்கு எப்படி விண்ணப்பிப்பது?,Tamil,Income Certificate,Income Certificate,Apply through the appropriate revenue/local government service.
559,सम्पत्तिकरसेवा कुत्र लभ्यते?,Sanskrit,Property Tax,Property Tax,Use the relevant municipal or local government property-tax service.
1028,ভোটার আইডি-এর জন্য কীভাবে অনুরোধ করব?,Bengali,Voter ID,Voter ID,Use the official election/voter service.
1890,સમુદાય પ્રમાણપત્ર માટે અરજી કરવા શું કરવું?,Gujarati,Community Certificate,Community Certificate,Apply through the appropriate revenue/local government service.
750,বিদ্যুৎ বিল-এর জন্য আবেদন করতে কী করতে হবে?,Bengali,Electricity Bill,Electricity Bill,Use the relevant electricity distribution company or official payment service.
1105,ভোটাৰ আইডি কেনেকৈ পাব পাৰি?,Assamese,Voter ID,Voter ID,Use the official election/voter service.
1611,ಸರ್ಕಾರಿ ದೂರುಗೆ ಹೇಗೆ ಅರ್ಜಿ ಸಲ್ಲಿಸುವುದು?,Kannada,Complaint Registration,Complaint Registration,Submit the complaint through the appropriate official government grievance service.
271,मृत्युप्रमाणपत्राय कथम् आवेदनं करणीयम्?,Sanskrit,Death Certificate,Death Certificate,Use the appropriate official death registration/local government service.
2211,সম্প্ৰদায়ৰ প্ৰমাণপত্ৰৰ বাবে ক'ৰ পৰা আৰম্ভ কৰিম?,Assamese,Community Certificate,Community Certificate,Apply through the appropriate revenue/local government service.
360,ಪಡಿತರ ಚೀಟಿಗೆ ಅರ್ಜಿ ಸಲ್ಲಿಸಲು ಏನು ಮಾಡಬೇಕು?,Kannada,Ration Card,Ration Card,Use the relevant food and civil supplies department or official service.
851,ड्राइविंग लाइसेंस के लिए कैसे आवेदन करें?,Hindi,Driving Licence,Driving Licence,Use the official transport department/licensing service.
1531,सर्वकारीययोजनाःाय कथम् आवेदनं करणीयम्?,Sanskrit,Government Schemes,Government Schemes,Check official government portals for current schemes and eligibility.
2909,سرکاری شکایت کے لیے کہاں سے شروع کروں؟,Urdu,Complaint Registration,Complaint Registration,Submit the complaint through the appropriate official government grievance service.
1831,समुदाय प्रमाण पत्र के लिए कैसे आवेदन करें?,Hindi,Community Certificate,Community Certificate,Apply through the appropriate revenue/local government service.
185,মৃত্যু শংসাপত্র কীভাবে পাওয়া যায়?,Bengali,Death Certificate,Death Certificate,Use the appropriate official death registration/local government service.
270,মৃত্যু প্ৰমাণপত্ৰৰ বাবে আবেদন কৰিবলৈ কি কৰিব লাগিব?,Assamese,Death Certificate,Death Certificate,Use the appropriate official death registration/local government service.
1500,ਸਰਕਾਰੀ ਯੋਜਨਾਵਾਂ ਲਈ ਅਰਜ਼ੀ ਦੇਣ ਲਈ ਕੀ ਕਰਨਾ ਹੈ?,Punjabi,Government Schemes,Government Schemes,Check official government portals for current schemes and eligibility.
748,বিদ্যুৎ বিল-এর জন্য কীভাবে অনুরোধ করব?,Bengali,Electricity Bill,Electricity Bill,Use the relevant electricity distribution company or official payment service.
1187,પાસપોર્ટ માટે કયા દસ્તાવેજો જોઈએ?,Gujarati,Passport,Passport,Use the official passport service.
69,જન્મ પ્રમાણપત્રની નકલ કેવી રીતે મેળવવી?,Gujarati,Birth Certificate,Birth Certificate,Use the appropriate official birth registration/local government service.
2992,ਕੀ ਸਰਕਾਰੀ ਯੋਜਨਾਵਾਂ ਲਈ ਆਨਲਾਈਨ ਅਰਜ਼ੀ ਦੇ ਸਕਦੇ ਹਾਂ?,Punjabi,Government Schemes,Government Schemes,Check official government portals for current schemes and eligibility.
1616,ಸರ್ಕಾರಿ ದೂರು ಅರ್ಜಿಯನ್ನು ಎಲ್ಲಿ ಸಲ್ಲಿಸಬೇಕು?,Kannada,Complaint Registration,Complaint Registration,Submit the complaint through the appropriate official government grievance service.
633,ನೀರಿನ ಬಿಲ್ ಪಡೆಯುವ ಪ್ರಕ್ರಿಯೆ ಏನು?,Kannada,Water Bill,Water Bill,Use the relevant water-supply authority or official payment service.
2382,राशन कार्ड के लिए मदद चाहिए।,Hindi,Ration Card,Ration Card,Use the relevant food and civil supplies department or official service.
1324,"મારે અરજીની સ્થિતિ જોઈએ છે, કેવી રીતે અરજી કરું?",Gujarati,Application Status,Application Status,Use the relevant official service with your application/reference number.
2497,বিদ্যুৎ বিল এর জন্য অনলাইনে আবেদন করা যায় কি?,Bengali,Electricity Bill,Electricity Bill,Use the relevant electricity distribution company or official payment service.
199,मृत्यू प्रमाणपत्र ची सेवा कुठे मिळेल?,Marathi,Death Certificate,Death Certificate,Use the appropriate official death registration/local government service.
2653,મતદાર ઓળખ કાર્ડ માટે શું જરૂરી છે?,Gujarati,Voter ID,Voter ID,Use the official election/voter service.
2673,সম্প্ৰদায়ৰ প্ৰমাণপত্ৰৰ বিষয়ে সহায় লাগে।,Assamese,Community Certificate,Community Certificate,Apply through the appropriate revenue/local government service.
2374,ಪಾಸ್‌ಪೋರ್ಟ್ಗೆ ಏನು ಬೇಕು?,Kannada,Passport,Passport,Use the official passport service.
2256,राशन कार्ड के चरण बताइए।,Hindi,Ration Card,Ration Card,Use the relevant food and civil supplies department or official service.
2092,निवासप्रमाणपत्र कुत्र लभ्यते?,Sanskrit,Residence Certificate,Residence Certificate,Apply through the appropriate revenue/local government service.
1572,ప్రభుత్వ ఫిర్యాదు ఎక్కడ లభిస్తుంది?,Telugu,Complaint Registration,Complaint Registration,Submit the complaint through the appropriate official government grievance service.
1477,ಸರ್ಕಾರಿ ಯೋಜನೆಗಳುಗೆ ಯಾವ ದಾಖಲೆಗಳು ಬೇಕು?,Kannada,Government Schemes,Government Schemes,Check official government portals for current schemes and eligibility.
1548,How can I request a government complaint?,English,Complaint Registration,Complaint Registration,Submit the complaint through the appropriate official government grievance service.
1389,আবেদনৰ স্থিতিৰ সেৱা ক'ত পাম?,Assamese,Application Status,Application Status,Use the relevant official service with your application/reference number.
514,"ਮੈਨੂੰ ਪ੍ਰਾਪਰਟੀ ਟੈਕਸ ਚਾਹੀਦਾ ਹੈ, ਅਰਜ਼ੀ ਕਿਵੇਂ ਦੇਵਾਂ?",Punjabi,Property Tax,Property Tax,Use the relevant municipal or local government property-tax service.
2458,ಪಾಸ್‌ಪೋರ್ಟ್ ಬಗ್ಗೆ ಸಹಾಯ ಬೇಕು.,Kannada,Passport,Passport,Use the official passport service.
390,راشن کارڈ کے لیے درخواست دینے کے لیے کیا کرنا ہوگا؟,Urdu,Ration Card,Ration Card,Use the relevant food and civil supplies department or official service.
1304,"আমার আবেদনের অবস্থা দরকার, কীভাবে আবেদন করব?",Bengali,Application Status,Application Status,Use the relevant official service with your application/reference number.
449,சொத்து வரி சேவை எங்கே கிடைக்கும்?,Tamil,Property Tax,Property Tax,Use the relevant municipal or local government property-tax service.
2281,সম্প্ৰদায়ৰ প্ৰমাণপত্ৰৰ বাবে ক'ৰ পৰা আৰম্ভ কৰিম?,Assamese,Community Certificate,Community Certificate,Apply through the appropriate revenue/local government service.
2705,சொத்து வரிக்கு ஆன்லைனில் விண்ணப்பிக்கலாமா?,Tamil,Property Tax,Property Tax,Use the relevant municipal or local government property-tax service.
1244,"মোক পাছপ'ৰ্ট লাগে, কেনেকৈ আবেদন কৰিম?",Assamese,Passport,Passport,Use the official passport service.
472,मालमत्ता कर कुठे मिळेल?,Marathi,Property Tax,Property Tax,Use the relevant municipal or local government property-tax service.
2859,சொத்து வரிக்கு என்ன தேவை?,Tamil,Property Tax,Property Tax,Use the relevant municipal or local government property-tax service.
1987,குடியிருப்பு சான்றிதழ்க்கு என்ன ஆவணங்கள் தேவை?,Tamil,Residence Certificate,Residence Certificate,Apply through the appropriate revenue/local government service.
587,தண்ணீர் கட்டணம்க்கு என்ன ஆவணங்கள் தேவை?,Tamil,Water Bill,Water Bill,Use the relevant water-supply authority or official payment service.
1706,வருமான சான்றிதழ் விண்ணப்பத்தை எங்கே சமர்ப்பிக்க வேண்டும்?,Tamil,Income Certificate,Income Certificate,Apply through the appropriate revenue/local government service.
1018,ఓటర్ ఐడీ కోసం ఎలా అభ్యర్థించాలి?,Telugu,Voter ID,Voter ID,Use the official election/voter service.
1527,চৰকাৰী আঁচনিৰ বাবে কি কি নথি লাগে?,Assamese,Government Schemes,Government Schemes,Check official government portals for current schemes and eligibility.
1242,পাছপ'ৰ্ট ক'ত পাম?,Assamese,Passport,Passport,Use the official passport service.
2904,ड्रायव्हिंग लायसन्स साठी सुरुवात कुठून करू?,Marathi,Driving Licence,Driving Licence,Use the official transport department/licensing service.
1983,குடியிருப்பு சான்றிதழ் பெறும் நடைமுறை என்ன?,Tamil,Residence Certificate,Residence Certificate,Apply through the appropriate revenue/local government service.
1594,"मला सरकारी तक्रार हवे आहे, अर्ज कसा करू?",Marathi,Complaint Registration,Complaint Registration,Submit the complaint through the appropriate official government grievance service.
2607,சொத்து வரி செய்வதற்கான படிகள் என்ன?,Tamil,Property Tax,Property Tax,Use the relevant municipal or local government property-tax service.
1772,ਆਮਦਨ ਸਰਟੀਫਿਕੇਟ ਕਿੱਥੇ ਮਿਲੇਗਾ?,Punjabi,Income Certificate,Income Certificate,Apply through the appropriate revenue/local government service.
2037,ನಿವಾಸ ಪ್ರಮಾಣಪತ್ರಗೆ ಯಾವ ದಾಖಲೆಗಳು ಬೇಕು?,Kannada,Residence Certificate,Residence Certificate,Apply through the appropriate revenue/local government service.
17,जन्म प्रमाण पत्र के लिए कौन से दस्तावेज चाहिए?,Hindi,Birth Certificate,Birth Certificate,Use the appropriate official birth registration/local government service.
563,What is the process for getting a water bill?,English,Water Bill,Water Bill,Use the relevant water-supply authority or official payment service.
2139,سرکاری شکایت کے لیے کہاں سے شروع کروں؟,Urdu,Complaint Registration,Complaint Registration,Submit the complaint through the appropriate official government grievance service.
1349,അപേക്ഷയുടെ നില സേവനം എവിടെ ലഭിക്കും?,Malayalam,Application Status,Application Status,Use the relevant official service with your application/reference number.
2392,ଆୟ ପ୍ରମାଣପତ୍ର ବିଷୟରେ ସାହାଯ୍ୟ ଦରକାର।,Odia,Income Certificate,Income Certificate,Apply through the appropriate revenue/local government service.
45,জন্ম শংসাপত্র কীভাবে পাওয়া যায়?,Bengali,Birth Certificate,Birth Certificate,Use the appropriate official birth registration/local government service.
2855,সম্প্ৰদায়ৰ প্ৰমাণপত্ৰৰ বাবে অনলাইন আবেদন কৰিব পাৰিনে?,Assamese,Community Certificate,Community Certificate,Apply through the appropriate revenue/local government service.
2563,Can I apply for death certificate online?,English,Death Certificate,Death Certificate,Use the appropriate official death registration/local government service.
606,জলের বিল-এর আবেদন কোথায় জমা দেব?,Bengali,Water Bill,Water Bill,Use the relevant water-supply authority or official payment service.
1178,पासपोर्ट साठी विनंती कशी करावी?,Marathi,Passport,Passport,Use the official passport service.
736,విద్యుత్ బిల్లు దరఖాస్తును ఎక్కడ సమర్పించాలి?,Telugu,Electricity Bill,Electricity Bill,Use the relevant electricity distribution company or official payment service.
2806,ड्रायव्हिंग लायसन्स बद्दल मदत हवी आहे.,Marathi,Driving Licence,Driving Licence,Use the official transport department/licensing service.
782,വൈദ്യുതി ബിൽ എവിടെ ലഭിക്കും?,Malayalam,Electricity Bill,Electricity Bill,Use the relevant electricity distribution company or official payment service.
2821,મતદાર ઓળખ કાર્ડ માટેના પગલાં જણાવો.,Gujarati,Voter ID,Voter ID,Use the official election/voter service.
219,ಮರಣ ಪ್ರಮಾಣಪತ್ರ ಸೇವೆ ಎಲ್ಲಿ ಸಿಗುತ್ತದೆ?,Kannada,Death Certificate,Death Certificate,Use the appropriate official death registration/local government service.
990,"I want to apply for a voter ID, what should I do?",English,Voter ID,Voter ID,Use the official election/voter service.
2421,সম্প্ৰদায়ৰ প্ৰমাণপত্ৰৰ বাবে ক'ৰ পৰা আৰম্ভ কৰিম?,Assamese,Community Certificate,Community Certificate,Apply through the appropriate revenue/local government service.
2939,সম্প্ৰদায়ৰ প্ৰমাণপত্ৰৰ বাবে কি লাগে?,Assamese,Community Certificate,Community Certificate,Apply through the appropriate revenue/local government service.
408,ৰেচন কাৰ্ডৰ বাবে কেনেকৈ অনুৰোধ কৰিম?,Assamese,Ration Card,Ration Card,Use the relevant food and civil supplies department or official service.
619,पाण्याचे बिल ची सेवा कुठे मिळेल?,Marathi,Water Bill,Water Bill,Use the relevant water-supply authority or official payment service.
2965,سرکاری شکایت کے مراحل بتائیں۔,Urdu,Complaint Registration,Complaint Registration,Submit the complaint through the appropriate official government grievance service.
2185,Tell me the steps for death certificate.,English,Death Certificate,Death Certificate,Use the appropriate official death registration/local government service.
513,ਪ੍ਰਾਪਰਟੀ ਟੈਕਸ ਲੈਣ ਦੀ ਪ੍ਰਕਿਰਿਆ ਕੀ ਹੈ?,Punjabi,Property Tax,Property Tax,Use the relevant municipal or local government property-tax service.
1414,"मुझे सरकारी योजनाएं चाहिए, कैसे आवेदन करूँ?",Hindi,Government Schemes,Government Schemes,Check official government portals for current schemes and eligibility.
2259,বিদ্যুৎ বিল করার ধাপগুলি বলুন।,Bengali,Electricity Bill,Electricity Bill,Use the relevant electricity distribution company or official payment service.
1309,আবেদনের অবস্থা-এর পরিষেবা কোথায় পাব?,Bengali,Application Status,Application Status,Use the relevant official service with your application/reference number.
613,पाण्याचे बिल मिळवण्याची प्रक्रिया काय आहे?,Marathi,Water Bill,Water Bill,Use the relevant water-supply authority or official payment service.
1204,"എനിക്ക് പാസ്‌പോർട്ട് വേണം, എങ്ങനെ അപേക്ഷിക്കാം?",Malayalam,Passport,Passport,Use the official passport service.
708,How can I request a electricity bill?,English,Electricity Bill,Electricity Bill,Use the relevant electricity distribution company or official payment service.
905,ડ્રાઇવિંગ લાઇસન્સ કેવી રીતે મેળવી શકાય?,Gujarati,Driving Licence,Driving Licence,Use the official transport department/licensing service.
152,मृत्यु प्रमाण पत्र कहाँ मिलेगा?,Hindi,Death Certificate,Death Certificate,Use the appropriate official death registration/local government service.
324,"আমার রেশন কার্ড দরকার, কীভাবে আবেদন করব?",Bengali,Ration Card,Ration Card,Use the relevant food and civil supplies department or official service.
2049,താമസ സർട്ടിഫിക്കറ്റ് സേവനം എവിടെ ലഭിക്കും?,Malayalam,Residence Certificate,Residence Certificate,Apply through the appropriate revenue/local government service.
1388,আবেদনৰ স্থিতিৰ বাবে কেনেকৈ অনুৰোধ কৰিম?,Assamese,Application Status,Application Status,Use the relevant official service with your application/reference number.
590,தண்ணீர் கட்டணம்க்கு விண்ணப்பிக்க என்ன செய்ய வேண்டும்?,Tamil,Water Bill,Water Bill,Use the relevant water-supply authority or official payment service.
2150,ಪಾಸ್‌ಪೋರ್ಟ್ಗಾಗಿ ಆನ್‌ಲೈನ್‌ನಲ್ಲಿ ಅರ್ಜಿ ಸಲ್ಲಿಸಬಹುದೇ?,Kannada,Passport,Passport,Use the official passport service.
2983,Can I apply for death certificate online?,English,Death Certificate,Death Certificate,Use the appropriate official death registration/local government service.
1648,سرکاری شکایت کے لیے درخواست کیسے کریں؟,Urdu,Complaint Registration,Complaint Registration,Submit the complaint through the appropriate official government grievance service.
1841,சமூக சான்றிதழ்க்கு எப்படி விண்ணப்பிப்பது?,Tamil,Community Certificate,Community Certificate,Apply through the appropriate revenue/local government service.
20,जन्म प्रमाण पत्र की सेवा कहाँ मिलेगी?,Hindi,Birth Certificate,Birth Certificate,Use the appropriate official birth registration/local government service.
2096,निवासप्रमाणपत्रस्य आवेदनं कुत्र समर्पणीयम्?,Sanskrit,Residence Certificate,Residence Certificate,Apply through the appropriate revenue/local government service.
2381,Need help with death certificate.,English,Death Certificate,Death Certificate,Use the appropriate official death registration/local government service.
942,ڈرائیونگ لائسنس کہاں ملے گا؟,Urdu,Driving Licence,Driving Licence,Use the official transport department/licensing service.
521,پراپرٹی ٹیکس کے لیے درخواست کیسے دیں؟,Urdu,Property Tax,Property Tax,Use the relevant municipal or local government property-tax service.
1307,আবেদনের অবস্থা-এর জন্য কী কী নথি লাগবে?,Bengali,Application Status,Application Status,Use the relevant official service with your application/reference number.
2224,ଆୟ ପ୍ରମାଣପତ୍ର ପାଇଁ ଅନଲାଇନରେ ଆବେଦନ କରିପାରିବି କି?,Odia,Income Certificate,Income Certificate,Apply through the appropriate revenue/local government service.
476,मालमत्ता कर चा अर्ज कुठे जमा करायचा?,Marathi,Property Tax,Property Tax,Use the relevant municipal or local government property-tax service.
294,"मुझे राशन कार्ड चाहिए, कैसे आवेदन करूँ?",Hindi,Ration Card,Ration Card,Use the relevant food and civil supplies department or official service.
1195,ಪಾಸ್‌ಪೋರ್ಟ್ ಅನ್ನು ಹೇಗೆ ಪಡೆಯಬಹುದು?,Kannada,Passport,Passport,Use the official passport service.
2429,મતદાર ઓળખ કાર્ડ માટે ઓનલાઈન અરજી કરી શકાય છે?,Gujarati,Voter ID,Voter ID,Use the official election/voter service.
1020,ఓటర్ ఐడీ కోసం దరఖాస్తు చేయాలంటే ఏమి చేయాలి?,Telugu,Voter ID,Voter ID,Use the official election/voter service.
494,"ನನಗೆ ಆಸ್ತಿ ತೆರಿಗೆ ಬೇಕು, ಹೇಗೆ ಅರ್ಜಿ ಸಲ್ಲಿಸಬೇಕು?",Kannada,Property Tax,Property Tax,Use the relevant municipal or local government property-tax service.
1400,आवेदनस्य स्थितिःाय आवेदनं कर्तुं किं करणीयम्?,Sanskrit,Application Status,Application Status,Use the relevant official service with your application/reference number.
1270,"I want to apply for a application status, what should I do?",English,Application Status,Application Status,Use the relevant official service with your application/reference number.
784,"എനിക്ക് വൈദ്യുതി ബിൽ വേണം, എങ്ങനെ അപേക്ഷിക്കാം?",Malayalam,Electricity Bill,Electricity Bill,Use the relevant electricity distribution company or official payment service.
1952,समुदायप्रमाणपत्र कुत्र लभ्यते?,Sanskrit,Community Certificate,Community Certificate,Apply through the appropriate revenue/local government service.
1249,পাছপ'ৰ্টৰ সেৱা ক'ত পাম?,Assamese,Passport,Passport,Use the official passport service.
162,இறப்பு சான்றிதழ் எங்கே கிடைக்கும்?,Tamil,Death Certificate,Death Certificate,Use the appropriate official death registration/local government service.
359,ಪಡಿತರ ಚೀಟಿ ಸೇವೆ ಎಲ್ಲಿ ಸಿಗುತ್ತದೆ?,Kannada,Ration Card,Ration Card,Use the relevant food and civil supplies department or official service.
2974,ड्रायव्हिंग लायसन्स साठी सुरुवात कुठून करू?,Marathi,Driving Licence,Driving Licence,Use the official transport department/licensing service.
369,റേഷൻ കാർഡ് സേവനം എവിടെ ലഭിക്കും?,Malayalam,Ration Card,Ration Card,Use the relevant food and civil supplies department or official service.
1624,"എനിക്ക് സർക്കാർ പരാതി വേണം, എങ്ങനെ അപേക്ഷിക്കാം?",Malayalam,Complaint Registration,Complaint Registration,Submit the complaint through the appropriate official government grievance service.
1397,आवेदनस्य स्थितिःाय कानि दस्तावेजानि आवश्यकानि?,Sanskrit,Application Status,Application Status,Use the relevant official service with your application/reference number.
2212,निवासप्रमाणपत्र कृते कुतः आरभेयं?,Sanskrit,Residence Certificate,Residence Certificate,Apply through the appropriate revenue/local government service.
844,"I need a driving licence, how can I apply?",English,Driving Licence,Driving Licence,Use the official transport department/licensing service.
2522,राशन कार्ड के लिए मदद चाहिए।,Hindi,Ration Card,Ration Card,Use the relevant food and civil supplies department or official service.
501,വസ്തു നികുതി ന് എങ്ങനെ അപേക്ഷിക്കാം?,Malayalam,Property Tax,Property Tax,Use the relevant municipal or local government property-tax service.
2450,निवासप्रमाणपत्र कृते किं आवश्यकम्?,Sanskrit,Residence Certificate,Residence Certificate,Apply through the appropriate revenue/local government service.
883,ড্রাইভিং লাইসেন্স পাওয়ার প্রক্রিয়া কী?,Bengali,Driving Licence,Driving Licence,Use the official transport department/licensing service.
768,વીજળીનું બિલ માટે વિનંતી કેવી રીતે કરવી?,Gujarati,Electricity Bill,Electricity Bill,Use the relevant electricity distribution company or official payment service.
2503,کیا سرکاری شکایت کے لیے آن لائن درخواست دے سکتے ہیں؟,Urdu,Complaint Registration,Complaint Registration,Submit the complaint through the appropriate official government grievance service.
601,জলের বিল-এর জন্য কীভাবে আবেদন করব?,Bengali,Water Bill,Water Bill,Use the relevant water-supply authority or official payment service.
115,ଜନ୍ମ ପ୍ରମାଣପତ୍ର କିପରି ପାଇବି?,Odia,Birth Certificate,Birth Certificate,Use the appropriate official birth registration/local government service.
1631,ਸਰਕਾਰੀ ਸ਼ਿਕਾਇਤ ਲਈ ਅਰਜ਼ੀ ਕਿਵੇਂ ਦੇਣੀ ਹੈ?,Punjabi,Complaint Registration,Complaint Registration,Submit the complaint through the appropriate official government grievance service.
665,پانی کا بل کیسے حاصل کیا جا سکتا ہے؟,Urdu,Water Bill,Water Bill,Use the relevant water-supply authority or official payment service.
95,ਜਨਮ ਸਰਟੀਫਿਕੇਟ ਕਿਵੇਂ ਮਿਲ ਸਕਦਾ ਹੈ?,Punjabi,Birth Certificate,Birth Certificate,Use the appropriate official birth registration/local government service.
60,जन्म प्रमाणपत्राची सेवा कुठे मिळेल?,Marathi,Birth Certificate,Birth Certificate,Use the appropriate official birth registration/local government service.
1851,సమాజ ధృవీకరణ పత్రం కోసం ఎలా దరఖాస్తు చేయాలి?,Telugu,Community Certificate,Community Certificate,Apply through the appropriate revenue/local government service.
614,"मला पाण्याचे बिल हवे आहे, अर्ज कसा करू?",Marathi,Water Bill,Water Bill,Use the relevant water-supply authority or official payment service.
1422,அரசு திட்டங்கள் எங்கே கிடைக்கும்?,Tamil,Government Schemes,Government Schemes,Check official government portals for current schemes and eligibility.
341,રેશન કાર્ડ માટે કેવી રીતે અરજી કરવી?,Gujarati,Ration Card,Ration Card,Use the relevant food and civil supplies department or official service.
909,ડ્રાઇવિંગ લાઇસન્સની સેવા ક્યાં મળશે?,Gujarati,Driving Licence,Driving Licence,Use the official transport department/licensing service.
1964,"I need a residence certificate, how can I apply?",English,Residence Certificate,Residence Certificate,Apply through the appropriate revenue/local government service.
2515,അപേക്ഷയുടെ നില ന് എന്താണ് വേണ്ടത്?,Malayalam,Application Status,Application Status,Use the relevant official service with your application/reference number.
2229,சொத்து வரிக்கு என்ன தேவை?,Tamil,Property Tax,Property Tax,Use the relevant municipal or local government property-tax service.
1298,దరఖాస్తు స్థితి కోసం ఎలా అభ్యర్థించాలి?,Telugu,Application Status,Application Status,Use the relevant official service with your application/reference number.
1558,सरकारी शिकायत के लिए अनुरोध कैसे करें?,Hindi,Complaint Registration,Complaint Registration,Submit the complaint through the appropriate official government grievance service.
202,મૃત્યુ પ્રમાણપત્ર ક્યાં મળશે?,Gujarati,Death Certificate,Death Certificate,Use the appropriate official death registration/local government service.
889,ড্রাইভিং লাইসেন্স-এর পরিষেবা কোথায় পাব?,Bengali,Driving Licence,Driving Licence,Use the official transport department/licensing service.
186,মৃত্যু শংসাপত্র-এর আবেদন কোথায় জমা দেব?,Bengali,Death Certificate,Death Certificate,Use the appropriate official death registration/local government service.
2786,निवासप्रमाणपत्र कृते जालमाध्यमेन आवेदनं कर्तुं शक्यते वा?,Sanskrit,Residence Certificate,Residence Certificate,Apply through the appropriate revenue/local government service.
466,সম্পত্তি কর-এর আবেদন কোথায় জমা দেব?,Bengali,Property Tax,Property Tax,Use the relevant municipal or local government property-tax service.
589,தண்ணீர் கட்டணம் சேவை எங்கே கிடைக்கும்?,Tamil,Water Bill,Water Bill,Use the relevant water-supply authority or official payment service.
1887,સમુદાય પ્રમાણપત્ર માટે કયા દસ્તાવેજો જોઈએ?,Gujarati,Community Certificate,Community Certificate,Apply through the appropriate revenue/local government service.
1402,Where can I get a government schemes?,English,Government Schemes,Government Schemes,Check official government portals for current schemes and eligibility.
2687,সম্প্ৰদায়ৰ প্ৰমাণপত্ৰৰ পদক্ষেপসমূহ কওক।,Assamese,Community Certificate,Community Certificate,Apply through the appropriate revenue/local government service.
481,મિલકત વેરો માટે કેવી રીતે અરજી કરવી?,Gujarati,Property Tax,Property Tax,Use the relevant municipal or local government property-tax service.
141,How do I apply for a death certificate?,English,Death Certificate,Death Certificate,Use the appropriate official death registration/local government service.
1265,Can you tell me how to obtain a application status?,English,Application Status,Application Status,Use the relevant official service with your application/reference number.
74,"ನನಗೆ ಜನನ ಪ್ರಮಾಣಪತ್ರ ಬೇಕು, ಹೇಗೆ ಅರ್ಜಿ ಸಲ್ಲಿಸಬೇಕು?",Kannada,Birth Certificate,Birth Certificate,Use the appropriate official birth registration/local government service.
1109,ভোটাৰ আইডিৰ সেৱা ক'ত পাম?,Assamese,Voter ID,Voter ID,Use the official election/voter service.
2623,বিদ্যুৎ বিল এর জন্য কোথা থেকে শুরু করব?,Bengali,Electricity Bill,Electricity Bill,Use the relevant electricity distribution company or official payment service.
2442,ड्रायव्हिंग लायसन्स साठी काय आवश्यक आहे?,Marathi,Driving Licence,Driving Licence,Use the official transport department/licensing service.
1556,सरकारी शिकायत का आवेदन कहाँ जमा करें?,Hindi,Complaint Registration,Complaint Registration,Submit the complaint through the appropriate official government grievance service.
1818,आयप्रमाणपत्रार्थं कथं अनुरोधः करणीयः?,Sanskrit,Income Certificate,Income Certificate,Apply through the appropriate revenue/local government service.
1472,ಸರ್ಕಾರಿ ಯೋಜನೆಗಳು ಎಲ್ಲಿ ಸಿಗುತ್ತದೆ?,Kannada,Government Schemes,Government Schemes,Check official government portals for current schemes and eligibility.
1284,"எனக்கு விண்ணப்பத்தின் நிலை வேண்டும், எப்படி விண்ணப்பிப்பது?",Tamil,Application Status,Application Status,Use the relevant official service with your application/reference number.
2061,رہائشی سرٹیفکیٹ کے لیے درخواست کیسے دیں؟,Urdu,Residence Certificate,Residence Certificate,Apply through the appropriate revenue/local government service.
2509,சொத்து வரிக்கு என்ன தேவை?,Tamil,Property Tax,Property Tax,Use the relevant municipal or local government property-tax service.
2552,నీటి బిల్లు కోసం ఎక్కడి నుంచి ప్రారంభించాలి?,Telugu,Water Bill,Water Bill,Use the relevant water-supply authority or official payment service.
1760,ಆದಾಯ ಪ್ರಮಾಣಪತ್ರಗೆ ಅರ್ಜಿ ಸಲ್ಲಿಸಲು ಏನು ಮಾಡಬೇಕು?,Kannada,Income Certificate,Income Certificate,Apply through the appropriate revenue/local government service.
1382,আবেদনৰ স্থিতি ক'ত পাম?,Assamese,Application Status,Application Status,Use the relevant official service with your application/reference number.
1746,આવક પ્રમાણપત્રની અરજી ક્યાં જમા કરવી?,Gujarati,Income Certificate,Income Certificate,Apply through the appropriate revenue/local government service.
673,ପାଣି ବିଲ୍ ପାଇବାର ପ୍ରକ୍ରିୟା କଣ?,Odia,Water Bill,Water Bill,Use the relevant water-supply authority or official payment service.
1745,આવક પ્રમાણપત્ર કેવી રીતે મેળવી શકાય?,Gujarati,Income Certificate,Income Certificate,Apply through the appropriate revenue/local government service.
2108,ಪಾಸ್‌ಪೋರ್ಟ್ ಬಗ್ಗೆ ಸಹಾಯ ಬೇಕು.,Kannada,Passport,Passport,Use the official passport service.
1331,ಅರ್ಜಿಯ ಸ್ಥಿತಿಗೆ ಹೇಗೆ ಅರ್ಜಿ ಸಲ್ಲಿಸುವುದು?,Kannada,Application Status,Application Status,Use the relevant official service with your application/reference number.
2826,ଆୟ ପ୍ରମାଣପତ୍ର ପାଇଁ ପଦକ୍ଷେପ କହନ୍ତୁ।,Odia,Income Certificate,Income Certificate,Apply through the appropriate revenue/local government service.
1419,सरकारी योजनाएं की सेवा कहाँ मिलेगी?,Hindi,Government Schemes,Government Schemes,Check official government portals for current schemes and eligibility.
2790,నీటి బిల్లు కోసం ఏమి కావాలి?,Telugu,Water Bill,Water Bill,Use the relevant water-supply authority or official payment service.
694,"मम जलशुल्क आवश्यकम्, कथम् आवेदनं करिष्यामि?",Sanskrit,Water Bill,Water Bill,Use the relevant water-supply authority or official payment service.
2633,Can I apply for death certificate online?,English,Death Certificate,Death Certificate,Use the appropriate official death registration/local government service.
1601,સરકારી ફરિયાદ માટે કેવી રીતે અરજી કરવી?,Gujarati,Complaint Registration,Complaint Registration,Submit the complaint through the appropriate official government grievance service.
962,ড্ৰাইভিং লাইচেঞ্চ ক'ত পাম?,Assamese,Driving Licence,Driving Licence,Use the official transport department/licensing service.
154,"मुझे मृत्यु प्रमाण पत्र चाहिए, कैसे आवेदन करूँ?",Hindi,Death Certificate,Death Certificate,Use the appropriate official death registration/local government service.
317,రేషన్ కార్డు కోసం ఏ పత్రాలు అవసరం?,Telugu,Ration Card,Ration Card,Use the relevant food and civil supplies department or official service.
2345,મતદાર ઓળખ કાર્ડ માટે ક્યાંથી શરૂઆત કરું?,Gujarati,Voter ID,Voter ID,Use the official election/voter service.
2903,বিদ্যুৎ বিল এর জন্য কোথা থেকে শুরু করব?,Bengali,Electricity Bill,Electricity Bill,Use the relevant electricity distribution company or official payment service.
840,विद्युत्शुल्काय आवेदनं कर्तुं किं करणीयम्?,Sanskrit,Electricity Bill,Electricity Bill,Use the relevant electricity distribution company or official payment service.
296,राशन कार्ड का आवेदन कहाँ जमा करें?,Hindi,Ration Card,Ration Card,Use the relevant food and civil supplies department or official service.
1480,ಸರ್ಕಾರಿ ಯೋಜನೆಗಳುಗೆ ಅರ್ಜಿ ಸಲ್ಲಿಸಲು ಏನು ಮಾಡಬೇಕು?,Kannada,Government Schemes,Government Schemes,Check official government portals for current schemes and eligibility.
32,జనన ధృవీకరణ పత్రం ఎక్కడ లభిస్తుంది?,Telugu,Birth Certificate,Birth Certificate,Use the appropriate official birth registration/local government service.
2835,મતદાર ઓળખ કાર્ડ માટે ક્યાંથી શરૂઆત કરું?,Gujarati,Voter ID,Voter ID,Use the official election/voter service.
1865,সম্প্রদায় শংসাপত্র কীভাবে পাওয়া যায়?,Bengali,Community Certificate,Community Certificate,Apply through the appropriate revenue/local government service.
1078,ਵੋਟਰ ਆਈਡੀ ਲਈ ਬੇਨਤੀ ਕਿਵੇਂ ਕਰਨੀ ਹੈ?,Punjabi,Voter ID,Voter ID,Use the official election/voter service.
205,મૃત્યુ પ્રમાણપત્ર કેવી રીતે મેળવી શકાય?,Gujarati,Death Certificate,Death Certificate,Use the appropriate official death registration/local government service.
902,ડ્રાઇવિંગ લાઇસન્સ ક્યાં મળશે?,Gujarati,Driving Licence,Driving Licence,Use the official transport department/licensing service.
1731,उत्पन्न प्रमाणपत्र साठी अर्ज कसा करावा?,Marathi,Income Certificate,Income Certificate,Apply through the appropriate revenue/local government service.
1791,ଆୟ ପ୍ରମାଣପତ୍ର ପାଇଁ କିପରି ଆବେଦନ କରିବେ?,Odia,Income Certificate,Income Certificate,Apply through the appropriate revenue/local government service.
2348,ਸਰਕਾਰੀ ਯੋਜਨਾਵਾਂ ਲਈ ਕਿੱਥੋਂ ਸ਼ੁਰੂ ਕਰਾਂ?,Punjabi,Government Schemes,Government Schemes,Check official government portals for current schemes and eligibility.
1782,آمدنی کا سرٹیفکیٹ کہاں ملے گا؟,Urdu,Income Certificate,Income Certificate,Apply through the appropriate revenue/local government service.
2504,ଆୟ ପ୍ରମାଣପତ୍ର ପାଇଁ ଅନଲାଇନରେ ଆବେଦନ କରିପାରିବି କି?,Odia,Income Certificate,Income Certificate,Apply through the appropriate revenue/local government service.
1209,പാസ്‌പോർട്ട് സേവനം എവിടെ ലഭിക്കും?,Malayalam,Passport,Passport,Use the official passport service.
2913,Can I apply for death certificate online?,English,Death Certificate,Death Certificate,Use the appropriate official death registration/local government service.
259,ମୃତ୍ୟୁ ପ୍ରମାଣପତ୍ର ସେବା କେଉଁଠାରେ ମିଳିବ?,Odia,Death Certificate,Death Certificate,Use the appropriate official death registration/local government service.
76,ಜನನ ಪ್ರಮಾಣಪತ್ರದ ಅರ್ಜಿಯನ್ನು ಎಲ್ಲಿ ಸಲ್ಲಿಸಬೇಕು?,Kannada,Birth Certificate,Birth Certificate,Use the appropriate official birth registration/local government service.
1015,ఓటర్ ఐడీ ఎలా పొందాలి?,Telugu,Voter ID,Voter ID,Use the official election/voter service.
2303,મતદાર ઓળખ કાર્ડ માટે શું જરૂરી છે?,Gujarati,Voter ID,Voter ID,Use the official election/voter service.
1336,ಅರ್ಜಿಯ ಸ್ಥಿತಿ ಅರ್ಜಿಯನ್ನು ಎಲ್ಲಿ ಸಲ್ಲಿಸಬೇಕು?,Kannada,Application Status,Application Status,Use the relevant official service with your application/reference number.
2019,रहिवासी प्रमाणपत्र ची सेवा कुठे मिळेल?,Marathi,Residence Certificate,Residence Certificate,Apply through the appropriate revenue/local government service.
1623,സർക്കാർ പരാതി നേടുന്നതിനുള്ള നടപടിക്രമം എന്താണ്?,Malayalam,Complaint Registration,Complaint Registration,Submit the complaint through the appropriate official government grievance service.
1360,ਅਰਜ਼ੀ ਦੀ ਸਥਿਤੀ ਲਈ ਅਰਜ਼ੀ ਦੇਣ ਲਈ ਕੀ ਕਰਨਾ ਹੈ?,Punjabi,Application Status,Application Status,Use the relevant official service with your application/reference number.
791,ਬਿਜਲੀ ਦਾ ਬਿੱਲ ਲਈ ਅਰਜ਼ੀ ਕਿਵੇਂ ਦੇਣੀ ਹੈ?,Punjabi,Electricity Bill,Electricity Bill,Use the relevant electricity distribution company or official payment service.
781,വൈദ്യുതി ബിൽ ന് എങ്ങനെ അപേക്ഷിക്കാം?,Malayalam,Electricity Bill,Electricity Bill,Use the relevant electricity distribution company or official payment service.
1662,চৰকাৰী অভিযোগ ক'ত পাম?,Assamese,Complaint Registration,Complaint Registration,Submit the complaint through the appropriate official government grievance service.
1871,समुदाय प्रमाणपत्र साठी अर्ज कसा करावा?,Marathi,Community Certificate,Community Certificate,Apply through the appropriate revenue/local government service.
1445,সরকারি প্রকল্প কীভাবে পাওয়া যায়?,Bengali,Government Schemes,Government Schemes,Check official government portals for current schemes and eligibility.
2711,അപേക്ഷയുടെ നില ന് ഓൺലൈനായി അപേക്ഷിക്കാമോ?,Malayalam,Application Status,Application Status,Use the relevant official service with your application/reference number.
1526,চৰকাৰী আঁচনিৰ আবেদন ক'ত জমা দিম?,Assamese,Government Schemes,Government Schemes,Check official government portals for current schemes and eligibility.
2418,ਸਰਕਾਰੀ ਯੋਜਨਾਵਾਂ ਲਈ ਕਿੱਥੋਂ ਸ਼ੁਰੂ ਕਰਾਂ?,Punjabi,Government Schemes,Government Schemes,Check official government portals for current schemes and eligibility.
90,ജനന സർട്ടിഫിക്കറ്റ് സേവനം എവിടെ ലഭിക്കും?,Malayalam,Birth Certificate,Birth Certificate,Use the appropriate official birth registration/local government service.
842,Where can I get a driving licence?,English,Driving Licence,Driving Licence,Use the official transport department/licensing service.
1589,সরকারি অভিযোগ-এর পরিষেবা কোথায় পাব?,Bengali,Complaint Registration,Complaint Registration,Submit the complaint through the appropriate official government grievance service.
1754,"ನನಗೆ ಆದಾಯ ಪ್ರಮಾಣಪತ್ರ ಬೇಕು, ಹೇಗೆ ಅರ್ಜಿ ಸಲ್ಲಿಸಬೇಕು?",Kannada,Income Certificate,Income Certificate,Apply through the appropriate revenue/local government service.
479,मालमत्ता कर ची सेवा कुठे मिळेल?,Marathi,Property Tax,Property Tax,Use the relevant municipal or local government property-tax service.
2217,বিদ্যুৎ বিল এর জন্য অনলাইনে আবেদন করা যায় কি?,Bengali,Electricity Bill,Electricity Bill,Use the relevant electricity distribution company or official payment service.
1172,पासपोर्ट कुठे मिळेल?,Marathi,Passport,Passport,Use the official passport service.
2220,ಪಾಸ್‌ಪೋರ್ಟ್ಗಾಗಿ ಆನ್‌ಲೈನ್‌ನಲ್ಲಿ ಅರ್ಜಿ ಸಲ್ಲಿಸಬಹುದೇ?,Kannada,Passport,Passport,Use the official passport service.
1429,அரசு திட்டங்கள் சேவை எங்கே கிடைக்கும்?,Tamil,Government Schemes,Government Schemes,Check official government portals for current schemes and eligibility.
2747,சொத்து வரி செய்வதற்கான படிகள் என்ன?,Tamil,Property Tax,Property Tax,Use the relevant municipal or local government property-tax service.
2840,ଆୟ ପ୍ରମାଣପତ୍ର ପାଇଁ କେଉଁଠାରୁ ଆରମ୍ଭ କରିବି?,Odia,Income Certificate,Income Certificate,Apply through the appropriate revenue/local government service.
660,ਪਾਣੀ ਦਾ ਬਿੱਲ ਲਈ ਅਰਜ਼ੀ ਦੇਣ ਲਈ ਕੀ ਕਰਨਾ ਹੈ?,Punjabi,Water Bill,Water Bill,Use the relevant water-supply authority or official payment service.
1911,ਭਾਈਚਾਰਾ ਸਰਟੀਫਿਕੇਟ ਲਈ ਅਰਜ਼ੀ ਕਿਵੇਂ ਦੇਣੀ ਹੈ?,Punjabi,Community Certificate,Community Certificate,Apply through the appropriate revenue/local government service.
2541,મતદાર ઓળખ કાર્ડ માટેના પગલાં જણાવો.,Gujarati,Voter ID,Voter ID,Use the official election/voter service.
773,ವಿದ್ಯುತ್ ಬಿಲ್ ಪಡೆಯುವ ಪ್ರಕ್ರಿಯೆ ಏನು?,Kannada,Electricity Bill,Electricity Bill,Use the relevant electricity distribution company or official payment service.
2404,ਸਰਕਾਰੀ ਯੋਜਨਾਵਾਂ ਲਈ ਕਦਮ ਦੱਸੋ।,Punjabi,Government Schemes,Government Schemes,Check official government portals for current schemes and eligibility.
1563,அரசு புகார் பெறும் நடைமுறை என்ன?,Tamil,Complaint Registration,Complaint Registration,Submit the complaint through the appropriate official government grievance service.
1131,पासपोर्ट के लिए कैसे आवेदन करें?,Hindi,Passport,Passport,Use the official passport service.
681,পানীৰ বিলৰ বাবে কেনেকৈ আবেদন কৰিব?,Assamese,Water Bill,Water Bill,Use the relevant water-supply authority or official payment service.
707,What documents are needed for a electricity bill?,English,Electricity Bill,Electricity Bill,Use the relevant electricity distribution company or official payment service.
992,वोटर आईडी कहाँ मिलेगा?,Hindi,Voter ID,Voter ID,Use the official election/voter service.
2109,അപേക്ഷയുടെ നില സംബന്ധിച്ച് സഹായം വേണം.,Malayalam,Application Status,Application Status,Use the relevant official service with your application/reference number.
2995,সম্প্ৰদায়ৰ প্ৰমাণপত্ৰৰ বাবে অনলাইন আবেদন কৰিব পাৰিনে?,Assamese,Community Certificate,Community Certificate,Apply through the appropriate revenue/local government service.
305,ரேஷன் கார்டு எப்படி பெறலாம்?,Tamil,Ration Card,Ration Card,Use the relevant food and civil supplies department or official service.
1773,ਆਮਦਨ ਸਰਟੀਫਿਕੇਟ ਲੈਣ ਦੀ ਪ੍ਰਕਿਰਿਆ ਕੀ ਹੈ?,Punjabi,Income Certificate,Income Certificate,Apply through the appropriate revenue/local government service.
2452,राशन कार्ड के लिए मदद चाहिए।,Hindi,Ration Card,Ration Card,Use the relevant food and civil supplies department or official service.
1352,ਅਰਜ਼ੀ ਦੀ ਸਥਿਤੀ ਕਿੱਥੇ ਮਿਲੇਗਾ?,Punjabi,Application Status,Application Status,Use the relevant official service with your application/reference number.
1188,પાસપોર્ટ માટે વિનંતી કેવી રીતે કરવી?,Gujarati,Passport,Passport,Use the official passport service.
2841,সম্প্ৰদায়ৰ প্ৰমাণপত্ৰৰ বাবে ক'ৰ পৰা আৰম্ভ কৰিম?,Assamese,Community Certificate,Community Certificate,Apply through the appropriate revenue/local government service.
1716,ఆదాయ ధృవీకరణ పత్రం దరఖాస్తును ఎక్కడ సమర్పించాలి?,Telugu,Income Certificate,Income Certificate,Apply through the appropriate revenue/local government service.
2177,મતદાર ઓળખ કાર્ડ વિશે મદદ જોઈએ.,Gujarati,Voter ID,Voter ID,Use the official election/voter service.
2814,निवासप्रमाणपत्र विषये साहाय्यम् आवश्यकम्।,Sanskrit,Residence Certificate,Residence Certificate,Apply through the appropriate revenue/local government service.
580,"मुझे पानी का बिल के लिए आवेदन करना है, क्या करना होगा?",Hindi,Water Bill,Water Bill,Use the relevant water-supply authority or official payment service.
6,Where should I submit a birth certificate application?,English,Birth Certificate,Birth Certificate,Use the appropriate official birth registration/local government service.
1681,How do I apply for a income certificate?,English,Income Certificate,Income Certificate,Apply through the appropriate revenue/local government service.
548,সম্পত্তি কৰৰ বাবে কেনেকৈ অনুৰোধ কৰিম?,Assamese,Property Tax,Property Tax,Use the relevant municipal or local government property-tax service.
1040,मतदार ओळखपत्र साठी अर्ज करण्यासाठी काय करावे?,Marathi,Voter ID,Voter ID,Use the official election/voter service.
2356,నీటి బిల్లు కోసం ఆన్‌లైన్‌లో దరఖాస్తు చేయవచ్చా?,Telugu,Water Bill,Water Bill,Use the relevant water-supply authority or official payment service.
1914,"ਮੈਨੂੰ ਭਾਈਚਾਰਾ ਸਰਟੀਫਿਕੇਟ ਚਾਹੀਦਾ ਹੈ, ਅਰਜ਼ੀ ਕਿਵੇਂ ਦੇਵਾਂ?",Punjabi,Community Certificate,Community Certificate,Apply through the appropriate revenue/local government service.
697,जलशुल्काय कानि दस्तावेजानि आवश्यकानि?,Sanskrit,Water Bill,Water Bill,Use the relevant water-supply authority or official payment service.
850,"I want to apply for a driving licence, what should I do?",English,Driving Licence,Driving Licence,Use the official transport department/licensing service.
1750,આવક પ્રમાણપત્ર માટે અરજી કરવા શું કરવું?,Gujarati,Income Certificate,Income Certificate,Apply through the appropriate revenue/local government service.
1618,ಸರ್ಕಾರಿ ದೂರುಗಾಗಿ ಹೇಗೆ ವಿನಂತಿಸಬೇಕು?,Kannada,Complaint Registration,Complaint Registration,Submit the complaint through the appropriate official government grievance service.
1583,সরকারি অভিযোগ পাওয়ার প্রক্রিয়া কী?,Bengali,Complaint Registration,Complaint Registration,Submit the complaint through the appropriate official government grievance service.
566,Where should I submit a water bill application?,English,Water Bill,Water Bill,Use the relevant water-supply authority or official payment service.
143,What is the process for getting a death certificate?,English,Death Certificate,Death Certificate,Use the appropriate official death registration/local government service.
2116,राशन कार्ड के चरण बताइए।,Hindi,Ration Card,Ration Card,Use the relevant food and civil supplies department or official service.
280,मृत्युप्रमाणपत्राय आवेदनं कर्तुं किं करणीयम्?,Sanskrit,Death Certificate,Death Certificate,Use the appropriate official death registration/local government service.
1801,উপাৰ্জনৰ প্ৰমাণপত্ৰৰ বাবে কেনেকৈ আবেদন কৰিব?,Assamese,Income Certificate,Income Certificate,Apply through the appropriate revenue/local government service.
1529,চৰকাৰী আঁচনিৰ সেৱা ক'ত পাম?,Assamese,Government Schemes,Government Schemes,Check official government portals for current schemes and eligibility.
1041,મતદાર ઓળખ કાર્ડ માટે કેવી રીતે અરજી કરવી?,Gujarati,Voter ID,Voter ID,Use the official election/voter service.
1228,پاسپورٹ کے لیے درخواست کیسے کریں؟,Urdu,Passport,Passport,Use the official passport service.
1888,સમુદાય પ્રમાણપત્ર માટે વિનંતી કેવી રીતે કરવી?,Gujarati,Community Certificate,Community Certificate,Apply through the appropriate revenue/local government service.
391,ରାସନ କାର୍ଡ ପାଇଁ କିପରି ଆବେଦନ କରିବେ?,Odia,Ration Card,Ration Card,Use the relevant food and civil supplies department or official service.
2486,ಪಾಸ್‌ಪೋರ್ಟ್ಗಾಗಿ ಎಲ್ಲಿಂದ ಪ್ರಾರಂಭಿಸಬೇಕು?,Kannada,Passport,Passport,Use the official passport service.
297,राशन कार्ड के लिए कौन से दस्तावेज चाहिए?,Hindi,Ration Card,Ration Card,Use the relevant food and civil supplies department or official service.
1129,Where can I check the passport service?,English,Passport,Passport,Use the official passport service.
936,ਡਰਾਈਵਿੰਗ ਲਾਇਸੈਂਸ ਦੀ ਅਰਜ਼ੀ ਕਿੱਥੇ ਜਮ੍ਹਾਂ ਕਰਵਾਉਣੀ ਹੈ?,Punjabi,Driving Licence,Driving Licence,Use the official transport department/licensing service.
500,ಆಸ್ತಿ ತೆರಿಗೆಗೆ ಅರ್ಜಿ ಸಲ್ಲಿಸಲು ಏನು ಮಾಡಬೇಕು?,Kannada,Property Tax,Property Tax,Use the relevant municipal or local government property-tax service.
968,ড্ৰাইভিং লাইচেঞ্চৰ বাবে কেনেকৈ অনুৰোধ কৰিম?,Assamese,Driving Licence,Driving Licence,Use the official transport department/licensing service.
2288,ड्रायव्हिंग लायसन्स साठी ऑनलाइन अर्ज करता येतो का?,Marathi,Driving Licence,Driving Licence,Use the official transport department/licensing service.
2249,അപേക്ഷയുടെ നില സംബന്ധിച്ച് സഹായം വേണം.,Malayalam,Application Status,Application Status,Use the relevant official service with your application/reference number.
1710,வருமான சான்றிதழ்க்கு விண்ணப்பிக்க என்ன செய்ய வேண்டும்?,Tamil,Income Certificate,Income Certificate,Apply through the appropriate revenue/local government service.
1702,வருமான சான்றிதழ் எங்கே கிடைக்கும்?,Tamil,Income Certificate,Income Certificate,Apply through the appropriate revenue/local government service.
1120,मतदातृपरिचयपत्राय आवेदनं कर्तुं किं करणीयम्?,Sanskrit,Voter ID,Voter ID,Use the official election/voter service.
1196,ಪಾಸ್‌ಪೋರ್ಟ್ ಅರ್ಜಿಯನ್ನು ಎಲ್ಲಿ ಸಲ್ಲಿಸಬೇಕು?,Kannada,Passport,Passport,Use the official passport service.
2292,ਕੀ ਸਰਕਾਰੀ ਯੋਜਨਾਵਾਂ ਲਈ ਆਨਲਾਈਨ ਅਰਜ਼ੀ ਦੇ ਸਕਦੇ ਹਾਂ?,Punjabi,Government Schemes,Government Schemes,Check official government portals for current schemes and eligibility.
631,ನೀರಿನ ಬಿಲ್ಗೆ ಹೇಗೆ ಅರ್ಜಿ ಸಲ್ಲಿಸುವುದು?,Kannada,Water Bill,Water Bill,Use the relevant water-supply authority or official payment service.
482,મિલકત વેરો ક્યાં મળશે?,Gujarati,Property Tax,Property Tax,Use the relevant municipal or local government property-tax service.
1891,ಸಮುದಾಯ ಪ್ರಮಾಣಪತ್ರಗೆ ಹೇಗೆ ಅರ್ಜಿ ಸಲ್ಲಿಸುವುದು?,Kannada,Community Certificate,Community Certificate,Apply through the appropriate revenue/local government service.
465,সম্পত্তি কর কীভাবে পাওয়া যায়?,Bengali,Property Tax,Property Tax,Use the relevant municipal or local government property-tax service.
2412,నీటి బిల్లు కోసం ఎక్కడి నుంచి ప్రారంభించాలి?,Telugu,Water Bill,Water Bill,Use the relevant water-supply authority or official payment service.
2241,Need help with death certificate.,English,Death Certificate,Death Certificate,Use the appropriate official death registration/local government service.
1672,सर्वकारीयशिकायत् कुत्र लभ्यते?,Sanskrit,Complaint Registration,Complaint Registration,Submit the complaint through the appropriate official government grievance service.
57,जन्म प्रमाणपत्रासाठी कोणती कागदपत्रे आवश्यक आहेत?,Marathi,Birth Certificate,Birth Certificate,Use the appropriate official birth registration/local government service.
1273,आवेदन की स्थिति प्राप्त करने की प्रक्रिया क्या है?,Hindi,Application Status,Application Status,Use the relevant official service with your application/reference number.
649,വെള്ളത്തിന്റെ ബിൽ സേവനം എവിടെ ലഭിക്കും?,Malayalam,Water Bill,Water Bill,Use the relevant water-supply authority or official payment service.
2812,ଆୟ ପ୍ରମାଣପତ୍ର ବିଷୟରେ ସାହାଯ୍ୟ ଦରକାର।,Odia,Income Certificate,Income Certificate,Apply through the appropriate revenue/local government service.
2940,निवासप्रमाणपत्र कृते किं आवश्यकम्?,Sanskrit,Residence Certificate,Residence Certificate,Apply through the appropriate revenue/local government service.
2430,ಪಾಸ್‌ಪೋರ್ಟ್ಗಾಗಿ ಆನ್‌ಲೈನ್‌ನಲ್ಲಿ ಅರ್ಜಿ ಸಲ್ಲಿಸಬಹುದೇ?,Kannada,Passport,Passport,Use the official passport service.
1986,குடியிருப்பு சான்றிதழ் விண்ணப்பத்தை எங்கே சமர்ப்பிக்க வேண்டும்?,Tamil,Residence Certificate,Residence Certificate,Apply through the appropriate revenue/local government service.
2844,क्या राशन कार्ड के लिए ऑनलाइन आवेदन कर सकते हैं?,Hindi,Ration Card,Ration Card,Use the relevant food and civil supplies department or official service.
1180,पासपोर्ट साठी अर्ज करण्यासाठी काय करावे?,Marathi,Passport,Passport,Use the official passport service.
2649,சொத்து வரிக்கு என்ன தேவை?,Tamil,Property Tax,Property Tax,Use the relevant municipal or local government property-tax service.
2919,મતદાર ઓળખ કાર્ડ માટે ઓનલાઈન અરજી કરી શકાય છે?,Gujarati,Voter ID,Voter ID,Use the official election/voter service.
2606,राशन कार्ड के चरण बताइए।,Hindi,Ration Card,Ration Card,Use the relevant food and civil supplies department or official service.
212,ಮರಣ ಪ್ರಮಾಣಪತ್ರ ಎಲ್ಲಿ ಸಿಗುತ್ತದೆ?,Kannada,Death Certificate,Death Certificate,Use the appropriate official death registration/local government service.
1811,आयप्रमाणपत्राय कथम् आवेदनं करणीयम्?,Sanskrit,Income Certificate,Income Certificate,Apply through the appropriate revenue/local government service.
2042,താമസ സർട്ടിഫിക്കറ്റ് എവിടെ ലഭിക്കും?,Malayalam,Residence Certificate,Residence Certificate,Apply through the appropriate revenue/local government service.
2941,Need help with death certificate.,English,Death Certificate,Death Certificate,Use the appropriate official death registration/local government service.
769,વીજળીનું બિલની સેવા ક્યાં મળશે?,Gujarati,Electricity Bill,Electricity Bill,Use the relevant electricity distribution company or official payment service.
223,മരണ സർട്ടിഫിക്കറ്റ് നേടുന്നതിനുള്ള നടപടിക്രമം എന്താണ്?,Malayalam,Death Certificate,Death Certificate,Use the appropriate official death registration/local government service.
1693,आय प्रमाण पत्र प्राप्त करने की प्रक्रिया क्या है?,Hindi,Income Certificate,Income Certificate,Apply through the appropriate revenue/local government service.
1893,ಸಮುದಾಯ ಪ್ರಮಾಣಪತ್ರ ಪಡೆಯುವ ಪ್ರಕ್ರಿಯೆ ಏನು?,Kannada,Community Certificate,Community Certificate,Apply through the appropriate revenue/local government service.
5,Can you tell me how to obtain a birth certificate?,English,Birth Certificate,Birth Certificate,Use the appropriate official birth registration/local government service.
1656,ସରକାରୀ ଅଭିଯୋଗ ଆବେଦନ କେଉଁଠାରେ ଦେବି?,Odia,Complaint Registration,Complaint Registration,Submit the complaint through the appropriate official government grievance service.
475,मालमत्ता कर कसे मिळवता येईल?,Marathi,Property Tax,Property Tax,Use the relevant municipal or local government property-tax service.
1325,અરજીની સ્થિતિ કેવી રીતે મેળવી શકાય?,Gujarati,Application Status,Application Status,Use the relevant official service with your application/reference number.
2337,সম্প্ৰদায়ৰ প্ৰমাণপত্ৰৰ পদক্ষেপসমূহ কওক।,Assamese,Community Certificate,Community Certificate,Apply through the appropriate revenue/local government service.
2890,ड्रायव्हिंग लायसन्स साठीचे टप्पे सांगा.,Marathi,Driving Licence,Driving Licence,Use the official transport department/licensing service.
361,റേഷൻ കാർഡ് ന് എങ്ങനെ അപേക്ഷിക്കാം?,Malayalam,Ration Card,Ration Card,Use the relevant food and civil supplies department or official service.
2343,বিদ্যুৎ বিল এর জন্য কোথা থেকে শুরু করব?,Bengali,Electricity Bill,Electricity Bill,Use the relevant electricity distribution company or official payment service.
151,मृत्यु प्रमाण पत्र के लिए कैसे आवेदन करें?,Hindi,Death Certificate,Death Certificate,Use the appropriate official death registration/local government service.
1641,سرکاری شکایت کے لیے درخواست کیسے دیں؟,Urdu,Complaint Registration,Complaint Registration,Submit the complaint through the appropriate official government grievance service.
2145,சொத்து வரிக்கு ஆன்லைனில் விண்ணப்பிக்கலாமா?,Tamil,Property Tax,Property Tax,Use the relevant municipal or local government property-tax service.
2030,રહેઠાણ પ્રમાણપત્ર માટે અરજી કરવા શું કરવું?,Gujarati,Residence Certificate,Residence Certificate,Apply through the appropriate revenue/local government service.
2554,ड्रायव्हिंग लायसन्स साठी सुरुवात कुठून करू?,Marathi,Driving Licence,Driving Licence,Use the official transport department/licensing service.
1351,ਅਰਜ਼ੀ ਦੀ ਸਥਿਤੀ ਲਈ ਅਰਜ਼ੀ ਕਿਵੇਂ ਦੇਣੀ ਹੈ?,Punjabi,Application Status,Application Status,Use the relevant official service with your application/reference number.
659,ਪਾਣੀ ਦਾ ਬਿੱਲ ਦੀ ਸੇਵਾ ਕਿੱਥੇ ਮਿਲੇਗੀ?,Punjabi,Water Bill,Water Bill,Use the relevant water-supply authority or official payment service.
429,Where can I check the property tax service?,English,Property Tax,Property Tax,Use the relevant municipal or local government property-tax service.
1316,अर्जाची स्थिती चा अर्ज कुठे जमा करायचा?,Marathi,Application Status,Application Status,Use the relevant official service with your application/reference number.
1366,درخواست کی حیثیت کی درخواست کہاں جمع کریں؟,Urdu,Application Status,Application Status,Use the relevant official service with your application/reference number.
2492,निवासप्रमाणपत्र कृते कुतः आरभेयं?,Sanskrit,Residence Certificate,Residence Certificate,Apply through the appropriate revenue/local government service.
1426,அரசு திட்டங்கள் விண்ணப்பத்தை எங்கே சமர்ப்பிக்க வேண்டும்?,Tamil,Government Schemes,Government Schemes,Check official government portals for current schemes and eligibility.
1926,برادری کا سرٹیفکیٹ کی درخواست کہاں جمع کریں؟,Urdu,Community Certificate,Community Certificate,Apply through the appropriate revenue/local government service.
374,"ਮੈਨੂੰ ਰਾਸ਼ਨ ਕਾਰਡ ਚਾਹੀਦਾ ਹੈ, ਅਰਜ਼ੀ ਕਿਵੇਂ ਦੇਵਾਂ?",Punjabi,Ration Card,Ration Card,Use the relevant food and civil supplies department or official service.
2181,سرکاری شکایت کے بارے میں مدد چاہیے۔,Urdu,Complaint Registration,Complaint Registration,Submit the complaint through the appropriate official government grievance service.
2367,What is required for death certificate?,English,Death Certificate,Death Certificate,Use the appropriate official death registration/local government service.
744,"আমার বিদ্যুৎ বিল দরকার, কীভাবে আবেদন করব?",Bengali,Electricity Bill,Electricity Bill,Use the relevant electricity distribution company or official payment service.
2754,ਸਰਕਾਰੀ ਯੋਜਨਾਵਾਂ ਲਈ ਕਦਮ ਦੱਸੋ।,Punjabi,Government Schemes,Government Schemes,Check official government portals for current schemes and eligibility.
2469,বিদ্যুৎ বিল করার ধাপগুলি বলুন।,Bengali,Electricity Bill,Electricity Bill,Use the relevant electricity distribution company or official payment service.
2547,সম্প্ৰদায়ৰ প্ৰমাণপত্ৰৰ পদক্ষেপসমূহ কওক।,Assamese,Community Certificate,Community Certificate,Apply through the appropriate revenue/local government service.
718,बिजली का बिल के लिए अनुरोध कैसे करें?,Hindi,Electricity Bill,Electricity Bill,Use the relevant electricity distribution company or official payment service.
2328,నీటి బిల్లు కోసం దశలు చెప్పండి.,Telugu,Water Bill,Water Bill,Use the relevant water-supply authority or official payment service.
1104,"মোক ভোটাৰ আইডি লাগে, কেনেকৈ আবেদন কৰিম?",Assamese,Voter ID,Voter ID,Use the official election/voter service.
85,ജനന സർട്ടിഫിക്കറ്റ് എങ്ങനെ ലഭിക്കും?,Malayalam,Birth Certificate,Birth Certificate,Use the appropriate official birth registration/local government service.
2767,അപേക്ഷയുടെ നില ന് എവിടെ നിന്ന് തുടങ്ങണം?,Malayalam,Application Status,Application Status,Use the relevant official service with your application/reference number.
375,ਰਾਸ਼ਨ ਕਾਰਡ ਕਿਵੇਂ ਮਿਲ ਸਕਦਾ ਹੈ?,Punjabi,Ration Card,Ration Card,Use the relevant food and civil supplies department or official service.
2308,ଆୟ ପ୍ରମାଣପତ୍ର ପାଇଁ କଣ ଦରକାର?,Odia,Income Certificate,Income Certificate,Apply through the appropriate revenue/local government service.
1026,ভোটার আইডি-এর আবেদন কোথায় জমা দেব?,Bengali,Voter ID,Voter ID,Use the official election/voter service.
2273,বিদ্যুৎ বিল এর জন্য কোথা থেকে শুরু করব?,Bengali,Electricity Bill,Electricity Bill,Use the relevant electricity distribution company or official payment service.
1770,വരുമാന സർട്ടിഫിക്കറ്റ് ന് അപേക്ഷിക്കാൻ എന്ത് ചെയ്യണം?,Malayalam,Income Certificate,Income Certificate,Apply through the appropriate revenue/local government service.
2863,મતદાર ઓળખ કાર્ડ માટે શું જરૂરી છે?,Gujarati,Voter ID,Voter ID,Use the official election/voter service.
330,রেশন কার্ড-এর জন্য আবেদন করতে কী করতে হবে?,Bengali,Ration Card,Ration Card,Use the relevant food and civil supplies department or official service.
1794,"ମୋତେ ଆୟ ପ୍ରମାଣପତ୍ର ଦରକାର, କିପରି ଆବେଦନ କରିବି?",Odia,Income Certificate,Income Certificate,Apply through the appropriate revenue/local government service.
2023,રહેઠાણ પ્રમાણપત્ર મેળવવાની પ્રક્રિયા શું છે?,Gujarati,Residence Certificate,Residence Certificate,Apply through the appropriate revenue/local government service.
2050,താമസ സർട്ടിഫിക്കറ്റ് ന് അപേക്ഷിക്കാൻ എന്ത് ചെയ്യണം?,Malayalam,Residence Certificate,Residence Certificate,Apply through the appropriate revenue/local government service.
2611,મતદાર ઓળખ કાર્ડ માટેના પગલાં જણાવો.,Gujarati,Voter ID,Voter ID,Use the official election/voter service.
2490,ଆୟ ପ୍ରମାଣପତ୍ର ପାଇଁ କେଉଁଠାରୁ ଆରମ୍ଭ କରିବି?,Odia,Income Certificate,Income Certificate,Apply through the appropriate revenue/local government service.
1246,পাছপ'ৰ্টৰ আবেদন ক'ত জমা দিম?,Assamese,Passport,Passport,Use the official passport service.
1920,ਭਾਈਚਾਰਾ ਸਰਟੀਫਿਕੇਟ ਲਈ ਅਰਜ਼ੀ ਦੇਣ ਲਈ ਕੀ ਕਰਨਾ ਹੈ?,Punjabi,Community Certificate,Community Certificate,Apply through the appropriate revenue/local government service.
510,വസ്തു നികുതി ന് അപേക്ഷിക്കാൻ എന്ത് ചെയ്യണം?,Malayalam,Property Tax,Property Tax,Use the relevant municipal or local government property-tax service.
1799,ଆୟ ପ୍ରମାଣପତ୍ର ସେବା କେଉଁଠାରେ ମିଳିବ?,Odia,Income Certificate,Income Certificate,Apply through the appropriate revenue/local government service.
1183,પાસપોર્ટ મેળવવાની પ્રક્રિયા શું છે?,Gujarati,Passport,Passport,Use the official passport service.
2813,সম্প্ৰদায়ৰ প্ৰমাণপত্ৰৰ বিষয়ে সহায় লাগে।,Assamese,Community Certificate,Community Certificate,Apply through the appropriate revenue/local government service.
680,ପାଣି ବିଲ୍ ପାଇଁ ଆବେଦନ କରିବାକୁ କଣ କରିବି?,Odia,Water Bill,Water Bill,Use the relevant water-supply authority or official payment service.
245,وفات کا سرٹیفکیٹ کیسے حاصل کیا جا سکتا ہے؟,Urdu,Death Certificate,Death Certificate,Use the appropriate official death registration/local government service.
2915,சொத்து வரிக்கு ஆன்லைனில் விண்ணப்பிக்கலாமா?,Tamil,Property Tax,Property Tax,Use the relevant municipal or local government property-tax service.
583,தண்ணீர் கட்டணம் பெறும் நடைமுறை என்ன?,Tamil,Water Bill,Water Bill,Use the relevant water-supply authority or official payment service.
1089,ووٹر آئی ڈی کی خدمت کہاں ملے گی؟,Urdu,Voter ID,Voter ID,Use the official election/voter service.
2583,મતદાર ઓળખ કાર્ડ માટે શું જરૂરી છે?,Gujarati,Voter ID,Voter ID,Use the official election/voter service.
2457,મતદાર ઓળખ કાર્ડ વિશે મદદ જોઈએ.,Gujarati,Voter ID,Voter ID,Use the official election/voter service.
471,मालमत्ता कर साठी अर्ज कसा करावा?,Marathi,Property Tax,Property Tax,Use the relevant municipal or local government property-tax service.
2715,সম্প্ৰদায়ৰ প্ৰমাণপত্ৰৰ বাবে অনলাইন আবেদন কৰিব পাৰিনে?,Assamese,Community Certificate,Community Certificate,Apply through the appropriate revenue/local government service.
811,ବିଦ୍ୟୁତ ବିଲ୍ ପାଇଁ କିପରି ଆବେଦନ କରିବେ?,Odia,Electricity Bill,Electricity Bill,Use the relevant electricity distribution company or official payment service.
2159,சொத்து வரிக்கு என்ன தேவை?,Tamil,Property Tax,Property Tax,Use the relevant municipal or local government property-tax service.
957,ଡ୍ରାଇଭିଂ ଲାଇସେନ୍ସ ପାଇଁ କେଉଁ ଦଲିଲ ଦରକାର?,Odia,Driving Licence,Driving Licence,Use the official transport department/licensing service.
292,राशन कार्ड कहाँ मिलेगा?,Hindi,Ration Card,Ration Card,Use the relevant food and civil supplies department or official service.
1860,సమాజ ధృవీకరణ పత్రం కోసం దరఖాస్తు చేయాలంటే ఏమి చేయాలి?,Telugu,Community Certificate,Community Certificate,Apply through the appropriate revenue/local government service.
1159,పాస్‌పోర్ట్ సేవ ఎక్కడ లభిస్తుంది?,Telugu,Passport,Passport,Use the official passport service.
1181,પાસપોર્ટ માટે કેવી રીતે અરજી કરવી?,Gujarati,Passport,Passport,Use the official passport service.
949,ڈرائیونگ لائسنس کی خدمت کہاں ملے گی؟,Urdu,Driving Licence,Driving Licence,Use the official transport department/licensing service.
134,"मम जन्मप्रमाणपत्रम् आवश्यकम्, कथम् आवेदनं करिष्यामि?",Sanskrit,Birth Certificate,Birth Certificate,Use the appropriate official birth registration/local government service.
1193,ಪಾಸ್‌ಪೋರ್ಟ್ ಪಡೆಯುವ ಪ್ರಕ್ರಿಯೆ ಏನು?,Kannada,Passport,Passport,Use the official passport service.
1925,برادری کا سرٹیفکیٹ کیسے حاصل کیا جا سکتا ہے؟,Urdu,Community Certificate,Community Certificate,Apply through the appropriate revenue/local government service.
2853,کیا سرکاری شکایت کے لیے آن لائن درخواست دے سکتے ہیں؟,Urdu,Complaint Registration,Complaint Registration,Submit the complaint through the appropriate official government grievance service.
1674,"मम सर्वकारीयशिकायत् आवश्यकम्, कथम् आवेदनं करिष्यामि?",Sanskrit,Complaint Registration,Complaint Registration,Submit the complaint through the appropriate official government grievance service.
11,जन्म प्रमाण पत्र के लिए कैसे आवेदन करें?,Hindi,Birth Certificate,Birth Certificate,Use the appropriate official birth registration/local government service.
642,വെള്ളത്തിന്റെ ബിൽ എവിടെ ലഭിക്കും?,Malayalam,Water Bill,Water Bill,Use the relevant water-supply authority or official payment service.
308,ரேஷன் கார்டுக்கு எப்படி கோரிக்கை விடுப்பது?,Tamil,Ration Card,Ration Card,Use the relevant food and civil supplies department or official service.
712,बिजली का बिल कहाँ मिलेगा?,Hindi,Electricity Bill,Electricity Bill,Use the relevant electricity distribution company or official payment service.
983,What is the process for getting a voter ID?,English,Voter ID,Voter ID,Use the official election/voter service.
644,"എനിക്ക് വെള്ളത്തിന്റെ ബിൽ വേണം, എങ്ങനെ അപേക്ഷിക്കാം?",Malayalam,Water Bill,Water Bill,Use the relevant water-supply authority or official payment service.
333,रेशन कार्ड मिळवण्याची प्रक्रिया काय आहे?,Marathi,Ration Card,Ration Card,Use the relevant food and civil supplies department or official service.
2616,ଆୟ ପ୍ରମାଣପତ୍ର ପାଇଁ ପଦକ୍ଷେପ କହନ୍ତୁ।,Odia,Income Certificate,Income Certificate,Apply through the appropriate revenue/local government service.
2892,ಪಾಸ್‌ಪೋರ್ಟ್ಗಾಗಿ ಹಂತಗಳನ್ನು ತಿಳಿಸಿ.,Kannada,Passport,Passport,Use the official passport service.
852,ड्राइविंग लाइसेंस कहाँ मिलेगा?,Hindi,Driving Licence,Driving Licence,Use the official transport department/licensing service.
407,ৰেচন কাৰ্ডৰ বাবে কি কি নথি লাগে?,Assamese,Ration Card,Ration Card,Use the relevant food and civil supplies department or official service.
247,وفات کا سرٹیفکیٹ کے لیے کون سی دستاویزات چاہئیں؟,Urdu,Death Certificate,Death Certificate,Use the appropriate official death registration/local government service.
2542,ಪಾಸ್‌ಪೋರ್ಟ್ಗಾಗಿ ಹಂತಗಳನ್ನು ತಿಳಿಸಿ.,Kannada,Passport,Passport,Use the official passport service.
1757,ಆದಾಯ ಪ್ರಮಾಣಪತ್ರಗೆ ಯಾವ ದಾಖಲೆಗಳು ಬೇಕು?,Kannada,Income Certificate,Income Certificate,Apply through the appropriate revenue/local government service.
1218,ਪਾਸਪੋਰਟ ਲਈ ਬੇਨਤੀ ਕਿਵੇਂ ਕਰਨੀ ਹੈ?,Punjabi,Passport,Passport,Use the official passport service.
1814,"मम आयप्रमाणपत्र आवश्यकम्, कथम् आवेदनं करिष्यामि?",Sanskrit,Income Certificate,Income Certificate,Apply through the appropriate revenue/local government service.
1846,சமூக சான்றிதழ் விண்ணப்பத்தை எங்கே சமர்ப்பிக்க வேண்டும்?,Tamil,Community Certificate,Community Certificate,Apply through the appropriate revenue/local government service.
2380,निवासप्रमाणपत्र कृते किं आवश्यकम्?,Sanskrit,Residence Certificate,Residence Certificate,Apply through the appropriate revenue/local government service.
2141,সম্প্ৰদায়ৰ প্ৰমাণপত্ৰৰ বাবে ক'ৰ পৰা আৰম্ভ কৰিম?,Assamese,Community Certificate,Community Certificate,Apply through the appropriate revenue/local government service.
925,ഡ്രൈവിംഗ് ലൈസൻസ് എങ്ങനെ ലഭിക്കും?,Malayalam,Driving Licence,Driving Licence,Use the official transport department/licensing service.
1705,வருமான சான்றிதழ் எப்படி பெறலாம்?,Tamil,Income Certificate,Income Certificate,Apply through the appropriate revenue/local government service.
486,મિલકત વેરોની અરજી ક્યાં જમા કરવી?,Gujarati,Property Tax,Property Tax,Use the relevant municipal or local government property-tax service.
2553,বিদ্যুৎ বিল এর জন্য কোথা থেকে শুরু করব?,Bengali,Electricity Bill,Electricity Bill,Use the relevant electricity distribution company or official payment service.
349,રેશન કાર્ડની સેવા ક્યાં મળશે?,Gujarati,Ration Card,Ration Card,Use the relevant food and civil supplies department or official service.
2477,সম্প্ৰদায়ৰ প্ৰমাণপত্ৰৰ পদক্ষেপসমূহ কওক।,Assamese,Community Certificate,Community Certificate,Apply through the appropriate revenue/local government service.
612,पाण्याचे बिल कुठे मिळेल?,Marathi,Water Bill,Water Bill,Use the relevant water-supply authority or official payment service.
622,પાણીનું બિલ ક્યાં મળશે?,Gujarati,Water Bill,Water Bill,Use the relevant water-supply authority or official payment service.
220,ಮರಣ ಪ್ರಮಾಣಪತ್ರಗೆ ಅರ್ಜಿ ಸಲ್ಲಿಸಲು ಏನು ಮಾಡಬೇಕು?,Kannada,Death Certificate,Death Certificate,Use the appropriate official death registration/local government service.
304,"எனக்கு ரேஷன் கார்டு வேண்டும், எப்படி விண்ணப்பிப்பது?",Tamil,Ration Card,Ration Card,Use the relevant food and civil supplies department or official service.
2015,रहिवासी प्रमाणपत्र कसे मिळवता येईल?,Marathi,Residence Certificate,Residence Certificate,Apply through the appropriate revenue/local government service.
1642,سرکاری شکایت کہاں ملے گا؟,Urdu,Complaint Registration,Complaint Registration,Submit the complaint through the appropriate official government grievance service.
268,মৃত্যু প্ৰমাণপত্ৰৰ বাবে কেনেকৈ অনুৰোধ কৰিম?,Assamese,Death Certificate,Death Certificate,Use the appropriate official death registration/local government service.
468,সম্পত্তি কর-এর জন্য কীভাবে অনুরোধ করব?,Bengali,Property Tax,Property Tax,Use the relevant municipal or local government property-tax service.
1957,समुदायप्रमाणपत्राय कानि दस्तावेजानि आवश्यकानि?,Sanskrit,Community Certificate,Community Certificate,Apply through the appropriate revenue/local government service.
1035,मतदार ओळखपत्र कसे मिळवता येईल?,Marathi,Voter ID,Voter ID,Use the official election/voter service.
211,ಮರಣ ಪ್ರಮಾಣಪತ್ರಗೆ ಹೇಗೆ ಅರ್ಜಿ ಸಲ್ಲಿಸುವುದು?,Kannada,Death Certificate,Death Certificate,Use the appropriate official death registration/local government service.
756,वीज बिल चा अर्ज कुठे जमा करायचा?,Marathi,Electricity Bill,Electricity Bill,Use the relevant electricity distribution company or official payment service.
1396,आवेदनस्य स्थितिःस्य आवेदनं कुत्र समर्पणीयम्?,Sanskrit,Application Status,Application Status,Use the relevant official service with your application/reference number.
1805,উপাৰ্জনৰ প্ৰমাণপত্ৰ কেনেকৈ পাব পাৰি?,Assamese,Income Certificate,Income Certificate,Apply through the appropriate revenue/local government service.
1961,How do I apply for a residence certificate?,English,Residence Certificate,Residence Certificate,Apply through the appropriate revenue/local government service.
1923,برادری کا سرٹیفکیٹ حاصل کرنے کا طریقہ کیا ہے؟,Urdu,Community Certificate,Community Certificate,Apply through the appropriate revenue/local government service.
1165,পাসপোর্ট কীভাবে পাওয়া যায়?,Bengali,Passport,Passport,Use the official passport service.
51,जन्म प्रमाणपत्रासाठी अर्ज कसा करावा?,Marathi,Birth Certificate,Birth Certificate,Use the appropriate official birth registration/local government service.
421,How do I apply for a property tax?,English,Property Tax,Property Tax,Use the relevant municipal or local government property-tax service.
2244,నీటి బిల్లు గురించి సహాయం కావాలి.,Telugu,Water Bill,Water Bill,Use the relevant water-supply authority or official payment service.
2321,سرکاری شکایت کے بارے میں مدد چاہیے۔,Urdu,Complaint Registration,Complaint Registration,Submit the complaint through the appropriate official government grievance service.
1197,ಪಾಸ್‌ಪೋರ್ಟ್ಗೆ ಯಾವ ದಾಖಲೆಗಳು ಬೇಕು?,Kannada,Passport,Passport,Use the official passport service.
224,"എനിക്ക് മരണ സർട്ടിഫിക്കറ്റ് വേണം, എങ്ങനെ അപേക്ഷിക്കാം?",Malayalam,Death Certificate,Death Certificate,Use the appropriate official death registration/local government service.
187,মৃত্যু শংসাপত্র-এর জন্য কী কী নথি লাগবে?,Bengali,Death Certificate,Death Certificate,Use the appropriate official death registration/local government service.
1124,"I need a passport, how can I apply?",English,Passport,Passport,Use the official passport service.
519,ਪ੍ਰਾਪਰਟੀ ਟੈਕਸ ਦੀ ਸੇਵਾ ਕਿੱਥੇ ਮਿਲੇਗੀ?,Punjabi,Property Tax,Property Tax,Use the relevant municipal or local government property-tax service.
2447,سرکاری شکایت کے لیے کیا چاہیے؟,Urdu,Complaint Registration,Complaint Registration,Submit the complaint through the appropriate official government grievance service.
58,जन्म नोंदणी करून प्रमाणपत्र कसे मिळवायचे?,Marathi,Birth Certificate,Birth Certificate,Use the appropriate official birth registration/local government service.
1239,ପାସପୋର୍ଟ ସେବା କେଉଁଠାରେ ମିଳିବ?,Odia,Passport,Passport,Use the official passport service.
2556,ಪಾಸ್‌ಪೋರ್ಟ್ಗಾಗಿ ಎಲ್ಲಿಂದ ಪ್ರಾರಂಭಿಸಬೇಕು?,Kannada,Passport,Passport,Use the official passport service.
1479,ಸರ್ಕಾರಿ ಯೋಜನೆಗಳು ಸೇವೆ ಎಲ್ಲಿ ಸಿಗುತ್ತದೆ?,Kannada,Government Schemes,Government Schemes,Check official government portals for current schemes and eligibility.
932,ਡਰਾਈਵਿੰਗ ਲਾਇਸੈਂਸ ਕਿੱਥੇ ਮਿਲੇਗਾ?,Punjabi,Driving Licence,Driving Licence,Use the official transport department/licensing service.
1214,"ਮੈਨੂੰ ਪਾਸਪੋਰਟ ਚਾਹੀਦਾ ਹੈ, ਅਰਜ਼ੀ ਕਿਵੇਂ ਦੇਵਾਂ?",Punjabi,Passport,Passport,Use the official passport service.
796,ਬਿਜਲੀ ਦਾ ਬਿੱਲ ਦੀ ਅਰਜ਼ੀ ਕਿੱਥੇ ਜਮ੍ਹਾਂ ਕਰਵਾਉਣੀ ਹੈ?,Punjabi,Electricity Bill,Electricity Bill,Use the relevant electricity distribution company or official payment service.
412,राशनपत्रिका कुत्र लभ्यते?,Sanskrit,Ration Card,Ration Card,Use the relevant food and civil supplies department or official service.
1160,పాస్‌పోర్ట్ కోసం దరఖాస్తు చేయాలంటే ఏమి చేయాలి?,Telugu,Passport,Passport,Use the official passport service.
2149,મતદાર ઓળખ કાર્ડ માટે ઓનલાઈન અરજી કરી શકાય છે?,Gujarati,Voter ID,Voter ID,Use the official election/voter service.
1133,पासपोर्ट प्राप्त करने की प्रक्रिया क्या है?,Hindi,Passport,Passport,Use the official passport service.
1984,"எனக்கு குடியிருப்பு சான்றிதழ் வேண்டும், எப்படி விண்ணப்பிப்பது?",Tamil,Residence Certificate,Residence Certificate,Apply through the appropriate revenue/local government service.
887,ড্রাইভিং লাইসেন্স-এর জন্য কী কী নথি লাগবে?,Bengali,Driving Licence,Driving Licence,Use the official transport department/licensing service.
2730,निवासप्रमाणपत्र कृते किं आवश्यकम्?,Sanskrit,Residence Certificate,Residence Certificate,Apply through the appropriate revenue/local government service.
759,वीज बिल ची सेवा कुठे मिळेल?,Marathi,Electricity Bill,Electricity Bill,Use the relevant electricity distribution company or official payment service.
2195,سرکاری شکایت کے مراحل بتائیں۔,Urdu,Complaint Registration,Complaint Registration,Submit the complaint through the appropriate official government grievance service.
490,મિલકત વેરો માટે અરજી કરવા શું કરવું?,Gujarati,Property Tax,Property Tax,Use the relevant municipal or local government property-tax service.
2896,ଆୟ ପ୍ରମାଣପତ୍ର ପାଇଁ ପଦକ୍ଷେପ କହନ୍ତୁ।,Odia,Income Certificate,Income Certificate,Apply through the appropriate revenue/local government service.
789,വൈദ്യുതി ബിൽ സേവനം എവിടെ ലഭിക്കും?,Malayalam,Electricity Bill,Electricity Bill,Use the relevant electricity distribution company or official payment service.
495,ಆಸ್ತಿ ತೆರಿಗೆ ಅನ್ನು ಹೇಗೆ ಪಡೆಯಬಹುದು?,Kannada,Property Tax,Property Tax,Use the relevant municipal or local government property-tax service.
945,ڈرائیونگ لائسنس کیسے حاصل کیا جا سکتا ہے؟,Urdu,Driving Licence,Driving Licence,Use the official transport department/licensing service.
2852,ਕੀ ਸਰਕਾਰੀ ਯੋਜਨਾਵਾਂ ਲਈ ਆਨਲਾਈਨ ਅਰਜ਼ੀ ਦੇ ਸਕਦੇ ਹਾਂ?,Punjabi,Government Schemes,Government Schemes,Check official government portals for current schemes and eligibility.
1256,पारपत्रस्य आवेदनं कुत्र समर्पणीयम्?,Sanskrit,Passport,Passport,Use the official passport service.
1110,ভোটাৰ আইডিৰ বাবে আবেদন কৰিবলৈ কি কৰিব লাগিব?,Assamese,Voter ID,Voter ID,Use the official election/voter service.
2838,ਸਰਕਾਰੀ ਯੋਜਨਾਵਾਂ ਲਈ ਕਿੱਥੋਂ ਸ਼ੁਰੂ ਕਰਾਂ?,Punjabi,Government Schemes,Government Schemes,Check official government portals for current schemes and eligibility.
1442,সরকারি প্রকল্প কোথায় পাওয়া যাবে?,Bengali,Government Schemes,Government Schemes,Check official government portals for current schemes and eligibility.
1355,ਅਰਜ਼ੀ ਦੀ ਸਥਿਤੀ ਕਿਵੇਂ ਮਿਲ ਸਕਦਾ ਹੈ?,Punjabi,Application Status,Application Status,Use the relevant official service with your application/reference number.
1743,આવક પ્રમાણપત્ર મેળવવાની પ્રક્રિયા શું છે?,Gujarati,Income Certificate,Income Certificate,Apply through the appropriate revenue/local government service.
2954,निवासप्रमाणपत्र विषये साहाय्यम् आवश्यकम्।,Sanskrit,Residence Certificate,Residence Certificate,Apply through the appropriate revenue/local government service.
2175,বিদ্যুৎ বিল সম্পর্কে সাহায্য চাই।,Bengali,Electricity Bill,Electricity Bill,Use the relevant electricity distribution company or official payment service.
2981,সম্প্ৰদায়ৰ প্ৰমাণপত্ৰৰ বাবে ক'ৰ পৰা আৰম্ভ কৰিম?,Assamese,Community Certificate,Community Certificate,Apply through the appropriate revenue/local government service.
1512,ସରକାରୀ ଯୋଜନା କେଉଁଠାରେ ମିଳିବ?,Odia,Government Schemes,Government Schemes,Check official government portals for current schemes and eligibility.
1255,पारपत्र कथं प्राप्तुं शक्यते?,Sanskrit,Passport,Passport,Use the official passport service.
997,वोटर आईडी के लिए कौन से दस्तावेज चाहिए?,Hindi,Voter ID,Voter ID,Use the official election/voter service.
2510,నీటి బిల్లు కోసం ఏమి కావాలి?,Telugu,Water Bill,Water Bill,Use the relevant water-supply authority or official payment service.
908,ડ્રાઇવિંગ લાઇસન્સ માટે વિનંતી કેવી રીતે કરવી?,Gujarati,Driving Licence,Driving Licence,Use the official transport department/licensing service.
1206,പാസ്‌പോർട്ട് അപേക്ഷ എവിടെ സമർപ്പിക്കണം?,Malayalam,Passport,Passport,Use the official passport service.
382,راشن کارڈ کہاں ملے گا؟,Urdu,Ration Card,Ration Card,Use the relevant food and civil supplies department or official service.
71,ಜನನ ಪ್ರಮಾಣಪತ್ರಕ್ಕೆ ಹೇಗೆ ಅರ್ಜಿ ಸಲ್ಲಿಸುವುದು?,Kannada,Birth Certificate,Birth Certificate,Use the appropriate official birth registration/local government service.
1836,समुदाय प्रमाण पत्र का आवेदन कहाँ जमा करें?,Hindi,Community Certificate,Community Certificate,Apply through the appropriate revenue/local government service.
2011,रहिवासी प्रमाणपत्र साठी अर्ज कसा करावा?,Marathi,Residence Certificate,Residence Certificate,Apply through the appropriate revenue/local government service.
1951,समुदायप्रमाणपत्राय कथम् आवेदनं करणीयम्?,Sanskrit,Community Certificate,Community Certificate,Apply through the appropriate revenue/local government service.
985,Can you tell me how to obtain a voter ID?,English,Voter ID,Voter ID,Use the official election/voter service.
2602,ଆୟ ପ୍ରମାଣପତ୍ର ବିଷୟରେ ସାହାଯ୍ୟ ଦରକାର।,Odia,Income Certificate,Income Certificate,Apply through the appropriate revenue/local government service.
2564,क्या राशन कार्ड के लिए ऑनलाइन आवेदन कर सकते हैं?,Hindi,Ration Card,Ration Card,Use the relevant food and civil supplies department or official service.
989,Where can I check the voter ID service?,English,Voter ID,Voter ID,Use the official election/voter service.
2807,મતદાર ઓળખ કાર્ડ વિશે મદદ જોઈએ.,Gujarati,Voter ID,Voter ID,Use the official election/voter service.
783,വൈദ്യുതി ബിൽ നേടുന്നതിനുള്ള നടപടിക്രമം എന്താണ്?,Malayalam,Electricity Bill,Electricity Bill,Use the relevant electricity distribution company or official payment service.
2117,சொத்து வரி செய்வதற்கான படிகள் என்ன?,Tamil,Property Tax,Property Tax,Use the relevant municipal or local government property-tax service.
42,জন্ম শংসাপত্র কোথায় পাওয়া যাবে?,Bengali,Birth Certificate,Birth Certificate,Use the appropriate official birth registration/local government service.
1132,पासपोर्ट कहाँ मिलेगा?,Hindi,Passport,Passport,Use the official passport service.
1146,பாஸ்போர்ட் விண்ணப்பத்தை எங்கே சமர்ப்பிக்க வேண்டும்?,Tamil,Passport,Passport,Use the official passport service.
1395,आवेदनस्य स्थितिः कथं प्राप्तुं शक्यते?,Sanskrit,Application Status,Application Status,Use the relevant official service with your application/reference number.
1059,ಮತದಾರರ ಗುರುತಿನ ಚೀಟಿ ಸೇವೆ ಎಲ್ಲಿ ಸಿಗುತ್ತದೆ?,Kannada,Voter ID,Voter ID,Use the official election/voter service.
1454,"मला सरकारी योजना हवे आहे, अर्ज कसा करू?",Marathi,Government Schemes,Government Schemes,Check official government portals for current schemes and eligibility.
869,ஓட்டுநர் உரிமம் சேவை எங்கே கிடைக்கும்?,Tamil,Driving Licence,Driving Licence,Use the official transport department/licensing service.
1998,నివాస ధృవీకరణ పత్రం కోసం ఎలా అభ్యర్థించాలి?,Telugu,Residence Certificate,Residence Certificate,Apply through the appropriate revenue/local government service.
2349,سرکاری شکایت کے لیے کہاں سے شروع کروں؟,Urdu,Complaint Registration,Complaint Registration,Submit the complaint through the appropriate official government grievance service.
1332,ಅರ್ಜಿಯ ಸ್ಥಿತಿ ಎಲ್ಲಿ ಸಿಗುತ್ತದೆ?,Kannada,Application Status,Application Status,Use the relevant official service with your application/reference number.
2519,সম্প্ৰদায়ৰ প্ৰমাণপত্ৰৰ বাবে কি লাগে?,Assamese,Community Certificate,Community Certificate,Apply through the appropriate revenue/local government service.
118,ଜନ୍ମ ପଞ୍ଜୀକରଣ କରି ପ୍ରମାଣପତ୍ର କିପରି ପାଇବି?,Odia,Birth Certificate,Birth Certificate,Use the appropriate official birth registration/local government service.
1378,ଆବେଦନର ସ୍ଥିତି ପାଇଁ କିପରି ଅନୁରୋଧ କରିବି?,Odia,Application Status,Application Status,Use the relevant official service with your application/reference number.
2340,राशन कार्ड के लिए शुरुआत कहाँ से करूँ?,Hindi,Ration Card,Ration Card,Use the relevant food and civil supplies department or official service.
2427,বিদ্যুৎ বিল এর জন্য অনলাইনে আবেদন করা যায় কি?,Bengali,Electricity Bill,Electricity Bill,Use the relevant electricity distribution company or official payment service.
999,वोटर आईडी की सेवा कहाँ मिलेगी?,Hindi,Voter ID,Voter ID,Use the official election/voter service.
1847,சமூக சான்றிதழ்க்கு என்ன ஆவணங்கள் தேவை?,Tamil,Community Certificate,Community Certificate,Apply through the appropriate revenue/local government service.
1143,பாஸ்போர்ட் பெறும் நடைமுறை என்ன?,Tamil,Passport,Passport,Use the official passport service.
355,ಪಡಿತರ ಚೀಟಿ ಅನ್ನು ಹೇಗೆ ಪಡೆಯಬಹುದು?,Kannada,Ration Card,Ration Card,Use the relevant food and civil supplies department or official service.
1006,வாக்காளர் அடையாள அட்டை விண்ணப்பத்தை எங்கே சமர்ப்பிக்க வேண்டும்?,Tamil,Voter ID,Voter ID,Use the official election/voter service.
1321,અરજીની સ્થિતિ માટે કેવી રીતે અરજી કરવી?,Gujarati,Application Status,Application Status,Use the relevant official service with your application/reference number.
1100,ଭୋଟର ଆଇଡି ପାଇଁ ଆବେଦନ କରିବାକୁ କଣ କରିବି?,Odia,Voter ID,Voter ID,Use the official election/voter service.
1785,آمدنی کا سرٹیفکیٹ کیسے حاصل کیا جا سکتا ہے؟,Urdu,Income Certificate,Income Certificate,Apply through the appropriate revenue/local government service.
2658,ଆୟ ପ୍ରମାଣପତ୍ର ପାଇଁ କଣ ଦରକାର?,Odia,Income Certificate,Income Certificate,Apply through the appropriate revenue/local government service.
1981,குடியிருப்பு சான்றிதழ்க்கு எப்படி விண்ணப்பிப்பது?,Tamil,Residence Certificate,Residence Certificate,Apply through the appropriate revenue/local government service.
2688,निवासप्रमाणपत्र कृते क्रमाः कथ्यन्ताम्।,Sanskrit,Residence Certificate,Residence Certificate,Apply through the appropriate revenue/local government service.
1107,ভোটাৰ আইডিৰ বাবে কি কি নথি লাগে?,Assamese,Voter ID,Voter ID,Use the official election/voter service.
2138,ਸਰਕਾਰੀ ਯੋਜਨਾਵਾਂ ਲਈ ਕਿੱਥੋਂ ਸ਼ੁਰੂ ਕਰਾਂ?,Punjabi,Government Schemes,Government Schemes,Check official government portals for current schemes and eligibility.
722,மின்சார கட்டணம் எங்கே கிடைக்கும்?,Tamil,Electricity Bill,Electricity Bill,Use the relevant electricity distribution company or official payment service.
1784,مجھے آمدنی کا سرٹیفکیٹ چاہیے، درخواست کیسے دوں؟,Urdu,Income Certificate,Income Certificate,Apply through the appropriate revenue/local government service.
2825,سرکاری شکایت کے مراحل بتائیں۔,Urdu,Complaint Registration,Complaint Registration,Submit the complaint through the appropriate official government grievance service.
1884,"મારે સમુદાય પ્રમાણપત્ર જોઈએ છે, કેવી રીતે અરજી કરું?",Gujarati,Community Certificate,Community Certificate,Apply through the appropriate revenue/local government service.
1484,"എനിക്ക് സർക്കാർ പദ്ധതികൾ വേണം, എങ്ങനെ അപേക്ഷിക്കാം?",Malayalam,Government Schemes,Government Schemes,Check official government portals for current schemes and eligibility.
1776,ਆਮਦਨ ਸਰਟੀਫਿਕੇਟ ਦੀ ਅਰਜ਼ੀ ਕਿੱਥੇ ਜਮ੍ਹਾਂ ਕਰਵਾਉਣੀ ਹੈ?,Punjabi,Income Certificate,Income Certificate,Apply through the appropriate revenue/local government service.
433,संपत्ति कर प्राप्त करने की प्रक्रिया क्या है?,Hindi,Property Tax,Property Tax,Use the relevant municipal or local government property-tax service.
2008,বাসস্থান শংসাপত্র-এর জন্য কীভাবে অনুরোধ করব?,Bengali,Residence Certificate,Residence Certificate,Apply through the appropriate revenue/local government service.
2384,నీటి బిల్లు గురించి సహాయం కావాలి.,Telugu,Water Bill,Water Bill,Use the relevant water-supply authority or official payment service.
52,जन्म प्रमाणपत्र कुठे मिळेल?,Marathi,Birth Certificate,Birth Certificate,Use the appropriate official birth registration/local government service.
1398,आवेदनस्य स्थितिःार्थं कथं अनुरोधः करणीयः?,Sanskrit,Application Status,Application Status,Use the relevant official service with your application/reference number.
2635,சொத்து வரிக்கு ஆன்லைனில் விண்ணப்பிக்கலாமா?,Tamil,Property Tax,Property Tax,Use the relevant municipal or local government property-tax service.
283,What is the process for getting a ration card?,English,Ration Card,Ration Card,Use the relevant food and civil supplies department or official service.
1518,ସରକାରୀ ଯୋଜନା ପାଇଁ କିପରି ଅନୁରୋଧ କରିବି?,Odia,Government Schemes,Government Schemes,Check official government portals for current schemes and eligibility.
2918,ड्रायव्हिंग लायसन्स साठी ऑनलाइन अर्ज करता येतो का?,Marathi,Driving Licence,Driving Licence,Use the official transport department/licensing service.
2183,সম্প্ৰদায়ৰ প্ৰমাণপত্ৰৰ বিষয়ে সহায় লাগে।,Assamese,Community Certificate,Community Certificate,Apply through the appropriate revenue/local government service.
1423,அரசு திட்டங்கள் பெறும் நடைமுறை என்ன?,Tamil,Government Schemes,Government Schemes,Check official government portals for current schemes and eligibility.
169,இறப்பு சான்றிதழ் சேவை எங்கே கிடைக்கும்?,Tamil,Death Certificate,Death Certificate,Use the appropriate official death registration/local government service.
2782,ਕੀ ਸਰਕਾਰੀ ਯੋਜਨਾਵਾਂ ਲਈ ਆਨਲਾਈਨ ਅਰਜ਼ੀ ਦੇ ਸਕਦੇ ਹਾਂ?,Punjabi,Government Schemes,Government Schemes,Check official government portals for current schemes and eligibility.
1236,ପାସପୋର୍ଟ ଆବେଦନ କେଉଁଠାରେ ଦେବି?,Odia,Passport,Passport,Use the official passport service.
418,राशनपत्रिकाार्थं कथं अनुरोधः करणीयः?,Sanskrit,Ration Card,Ration Card,Use the relevant food and civil supplies department or official service.
995,वोटर आईडी कैसे प्राप्त कर सकते हैं?,Hindi,Voter ID,Voter ID,Use the official election/voter service.
312,రేషన్ కార్డు ఎక్కడ లభిస్తుంది?,Telugu,Ration Card,Ration Card,Use the relevant food and civil supplies department or official service.
813,ବିଦ୍ୟୁତ ବିଲ୍ ପାଇବାର ପ୍ରକ୍ରିୟା କଣ?,Odia,Electricity Bill,Electricity Bill,Use the relevant electricity distribution company or official payment service.
1625,സർക്കാർ പരാതി എങ്ങനെ ലഭിക്കും?,Malayalam,Complaint Registration,Complaint Registration,Submit the complaint through the appropriate official government grievance service.
1538,सर्वकारीययोजनाःार्थं कथं अनुरोधः करणीयः?,Sanskrit,Government Schemes,Government Schemes,Check official government portals for current schemes and eligibility.
1278,आवेदन की स्थिति के लिए अनुरोध कैसे करें?,Hindi,Application Status,Application Status,Use the relevant official service with your application/reference number.
106,پیدائش کے سرٹیفکیٹ کی درخواست کہاں جمع کریں؟,Urdu,Birth Certificate,Birth Certificate,Use the appropriate official birth registration/local government service.
2550,राशन कार्ड के लिए शुरुआत कहाँ से करूँ?,Hindi,Ration Card,Ration Card,Use the relevant food and civil supplies department or official service.
1275,आवेदन की स्थिति कैसे प्राप्त कर सकते हैं?,Hindi,Application Status,Application Status,Use the relevant official service with your application/reference number.
671,ପାଣି ବିଲ୍ ପାଇଁ କିପରି ଆବେଦନ କରିବେ?,Odia,Water Bill,Water Bill,Use the relevant water-supply authority or official payment service.
2848,ड्रायव्हिंग लायसन्स साठी ऑनलाइन अर्ज करता येतो का?,Marathi,Driving Licence,Driving Licence,Use the official transport department/licensing service.
688,পানীৰ বিলৰ বাবে কেনেকৈ অনুৰোধ কৰিম?,Assamese,Water Bill,Water Bill,Use the relevant water-supply authority or official payment service.
1511,ସରକାରୀ ଯୋଜନା ପାଇଁ କିପରି ଆବେଦନ କରିବେ?,Odia,Government Schemes,Government Schemes,Check official government portals for current schemes and eligibility.
1050,મતદાર ઓળખ કાર્ડ માટે અરજી કરવા શું કરવું?,Gujarati,Voter ID,Voter ID,Use the official election/voter service.
2471,મતદાર ઓળખ કાર્ડ માટેના પગલાં જણાવો.,Gujarati,Voter ID,Voter ID,Use the official election/voter service.
893,ड्रायव्हिंग लायसन्स मिळवण्याची प्रक्रिया काय आहे?,Marathi,Driving Licence,Driving Licence,Use the official transport department/licensing service.
2311,Need help with death certificate.,English,Death Certificate,Death Certificate,Use the appropriate official death registration/local government service.
469,সম্পত্তি কর-এর পরিষেবা কোথায় পাব?,Bengali,Property Tax,Property Tax,Use the relevant municipal or local government property-tax service.
1940,ସମ୍ପ୍ରଦାୟ ପ୍ରମାଣପତ୍ର ପାଇଁ ଆବେଦନ କରିବାକୁ କଣ କରିବି?,Odia,Community Certificate,Community Certificate,Apply through the appropriate revenue/local government service.
518,ਪ੍ਰਾਪਰਟੀ ਟੈਕਸ ਲਈ ਬੇਨਤੀ ਕਿਵੇਂ ਕਰਨੀ ਹੈ?,Punjabi,Property Tax,Property Tax,Use the relevant municipal or local government property-tax service.
2652,ड्रायव्हिंग लायसन्स साठी काय आवश्यक आहे?,Marathi,Driving Licence,Driving Licence,Use the official transport department/licensing service.
625,પાણીનું બિલ કેવી રીતે મેળવી શકાય?,Gujarati,Water Bill,Water Bill,Use the relevant water-supply authority or official payment service.
84,"എനിക്ക് ജനന സർട്ടിഫിക്കറ്റ് വേണം, എങ്ങനെ അപേക്ഷിക്കാം?",Malayalam,Birth Certificate,Birth Certificate,Use the appropriate official birth registration/local government service.
817,ବିଦ୍ୟୁତ ବିଲ୍ ପାଇଁ କେଉଁ ଦଲିଲ ଦରକାର?,Odia,Electricity Bill,Electricity Bill,Use the relevant electricity distribution company or official payment service.
2970,राशन कार्ड के लिए शुरुआत कहाँ से करूँ?,Hindi,Ration Card,Ration Card,Use the relevant food and civil supplies department or official service.
128,জন্ম পঞ্জীয়ন কৰি প্ৰমাণপত্ৰ কেনেকৈ পাব?,Assamese,Birth Certificate,Birth Certificate,Use the appropriate official birth registration/local government service.
165,இறப்பு சான்றிதழ் எப்படி பெறலாம்?,Tamil,Death Certificate,Death Certificate,Use the appropriate official death registration/local government service.
2631,সম্প্ৰদায়ৰ প্ৰমাণপত্ৰৰ বাবে ক'ৰ পৰা আৰম্ভ কৰিম?,Assamese,Community Certificate,Community Certificate,Apply through the appropriate revenue/local government service.
919,ಚಾಲನಾ ಪರವಾನಗಿ ಸೇವೆ ಎಲ್ಲಿ ಸಿಗುತ್ತದೆ?,Kannada,Driving Licence,Driving Licence,Use the official transport department/licensing service.
1434,"నాకు ప్రభుత్వ పథకాలు కావాలి, ఎలా దరఖాస్తు చేయాలి?",Telugu,Government Schemes,Government Schemes,Check official government portals for current schemes and eligibility.
214,"ನನಗೆ ಮರಣ ಪ್ರಮಾಣಪತ್ರ ಬೇಕು, ಹೇಗೆ ಅರ್ಜಿ ಸಲ್ಲಿಸಬೇಕು?",Kannada,Death Certificate,Death Certificate,Use the appropriate official death registration/local government service.
2822,ಪಾಸ್‌ಪೋರ್ಟ್ಗಾಗಿ ಹಂತಗಳನ್ನು ತಿಳಿಸಿ.,Kannada,Passport,Passport,Use the official passport service.
2816,राशन कार्ड के चरण बताइए।,Hindi,Ration Card,Ration Card,Use the relevant food and civil supplies department or official service.
1927,برادری کا سرٹیفکیٹ کے لیے کون سی دستاویزات چاہئیں؟,Urdu,Community Certificate,Community Certificate,Apply through the appropriate revenue/local government service.
2661,Need help with death certificate.,English,Death Certificate,Death Certificate,Use the appropriate official death registration/local government service.
1034,"मला मतदार ओळखपत्र हवे आहे, अर्ज कसा करू?",Marathi,Voter ID,Voter ID,Use the official election/voter service.
1727,আয় শংসাপত্র-এর জন্য কী কী নথি লাগবে?,Bengali,Income Certificate,Income Certificate,Apply through the appropriate revenue/local government service.
2969,Where do I start for death certificate?,English,Death Certificate,Death Certificate,Use the appropriate official death registration/local government service.
2346,ಪಾಸ್‌ಪೋರ್ಟ್ಗಾಗಿ ಎಲ್ಲಿಂದ ಪ್ರಾರಂಭಿಸಬೇಕು?,Kannada,Passport,Passport,Use the official passport service.
1383,আবেদনৰ স্থিতি পোৱাৰ প্ৰক্ৰিয়া কি?,Assamese,Application Status,Application Status,Use the relevant official service with your application/reference number.
1339,ಅರ್ಜಿಯ ಸ್ಥಿತಿ ಸೇವೆ ಎಲ್ಲಿ ಸಿಗುತ್ತದೆ?,Kannada,Application Status,Application Status,Use the relevant official service with your application/reference number.
1863,সম্প্রদায় শংসাপত্র পাওয়ার প্রক্রিয়া কী?,Bengali,Community Certificate,Community Certificate,Apply through the appropriate revenue/local government service.
867,ஓட்டுநர் உரிமம்க்கு என்ன ஆவணங்கள் தேவை?,Tamil,Driving Licence,Driving Licence,Use the official transport department/licensing service.
1341,അപേക്ഷയുടെ നില ന് എങ്ങനെ അപേക്ഷിക്കാം?,Malayalam,Application Status,Application Status,Use the relevant official service with your application/reference number.
2514,ಪಾಸ್‌ಪೋರ್ಟ್ಗೆ ಏನು ಬೇಕು?,Kannada,Passport,Passport,Use the official passport service.
1066,വോട്ടർ ഐഡി അപേക്ഷ എവിടെ സമർപ്പിക്കണം?,Malayalam,Voter ID,Voter ID,Use the official election/voter service.
2433,کیا سرکاری شکایت کے لیے آن لائن درخواست دے سکتے ہیں؟,Urdu,Complaint Registration,Complaint Registration,Submit the complaint through the appropriate official government grievance service.
745,বিদ্যুৎ বিল কীভাবে পাওয়া যায়?,Bengali,Electricity Bill,Electricity Bill,Use the relevant electricity distribution company or official payment service.
1892,ಸಮುದಾಯ ಪ್ರಮಾಣಪತ್ರ ಎಲ್ಲಿ ಸಿಗುತ್ತದೆ?,Kannada,Community Certificate,Community Certificate,Apply through the appropriate revenue/local government service.
556,सम्पत्तिकरस्य आवेदनं कुत्र समर्पणीयम्?,Sanskrit,Property Tax,Property Tax,Use the relevant municipal or local government property-tax service.
1756,ಆದಾಯ ಪ್ರಮಾಣಪತ್ರ ಅರ್ಜಿಯನ್ನು ಎಲ್ಲಿ ಸಲ್ಲಿಸಬೇಕು?,Kannada,Income Certificate,Income Certificate,Apply through the appropriate revenue/local government service.
344,"મારે રેશન કાર્ડ જોઈએ છે, કેવી રીતે અરજી કરું?",Gujarati,Ration Card,Ration Card,Use the relevant food and civil supplies department or official service.
112,ଜନ୍ମ ପ୍ରମାଣପତ୍ର କେଉଁଠାରେ ମିଳିବ?,Odia,Birth Certificate,Birth Certificate,Use the appropriate official birth registration/local government service.
2312,राशन कार्ड के लिए मदद चाहिए।,Hindi,Ration Card,Ration Card,Use the relevant food and civil supplies department or official service.
1614,"ನನಗೆ ಸರ್ಕಾರಿ ದೂರು ಬೇಕು, ಹೇಗೆ ಅರ್ಜಿ ಸಲ್ಲಿಸಬೇಕು?",Kannada,Complaint Registration,Complaint Registration,Submit the complaint through the appropriate official government grievance service.
111,ଜନ୍ମ ପ୍ରମାଣପତ୍ର ପାଇଁ କିପରି ଆବେଦନ କରିବେ?,Odia,Birth Certificate,Birth Certificate,Use the appropriate official birth registration/local government service.
2911,সম্প্ৰদায়ৰ প্ৰমাণপত্ৰৰ বাবে ক'ৰ পৰা আৰম্ভ কৰিম?,Assamese,Community Certificate,Community Certificate,Apply through the appropriate revenue/local government service.
2943,சொத்து வரி பற்றி உதவி வேண்டும்.,Tamil,Property Tax,Property Tax,Use the relevant municipal or local government property-tax service.
1915,ਭਾਈਚਾਰਾ ਸਰਟੀਫਿਕੇਟ ਕਿਵੇਂ ਮਿਲ ਸਕਦਾ ਹੈ?,Punjabi,Community Certificate,Community Certificate,Apply through the appropriate revenue/local government service.
2798,ଆୟ ପ୍ରମାଣପତ୍ର ପାଇଁ କଣ ଦରକାର?,Odia,Income Certificate,Income Certificate,Apply through the appropriate revenue/local government service.
1657,ସରକାରୀ ଅଭିଯୋଗ ପାଇଁ କେଉଁ ଦଲିଲ ଦରକାର?,Odia,Complaint Registration,Complaint Registration,Submit the complaint through the appropriate official government grievance service.
1377,ଆବେଦନର ସ୍ଥିତି ପାଇଁ କେଉଁ ଦଲିଲ ଦରକାର?,Odia,Application Status,Application Status,Use the relevant official service with your application/reference number.
1593,सरकारी तक्रार मिळवण्याची प्रक्रिया काय आहे?,Marathi,Complaint Registration,Complaint Registration,Submit the complaint through the appropriate official government grievance service.
119,ଜନ୍ମ ପ୍ରମାଣପତ୍ରର ନକଲ କିପରି ପାଇବି?,Odia,Birth Certificate,Birth Certificate,Use the appropriate official birth registration/local government service.
2708,ड्रायव्हिंग लायसन्स साठी ऑनलाइन अर्ज करता येतो का?,Marathi,Driving Licence,Driving Licence,Use the official transport department/licensing service.
1786,آمدنی کا سرٹیفکیٹ کی درخواست کہاں جمع کریں؟,Urdu,Income Certificate,Income Certificate,Apply through the appropriate revenue/local government service.
1118,मतदातृपरिचयपत्रार्थं कथं अनुरोधः करणीयः?,Sanskrit,Voter ID,Voter ID,Use the official election/voter service.
2871,Need help with death certificate.,English,Death Certificate,Death Certificate,Use the appropriate official death registration/local government service.
2000,నివాస ధృవీకరణ పత్రం కోసం దరఖాస్తు చేయాలంటే ఏమి చేయాలి?,Telugu,Residence Certificate,Residence Certificate,Apply through the appropriate revenue/local government service.
904,"મારે ડ્રાઇવિંગ લાઇસન્સ જોઈએ છે, કેવી રીતે અરજી કરું?",Gujarati,Driving Licence,Driving Licence,Use the official transport department/licensing service.
2237,سرکاری شکایت کے لیے کیا چاہیے؟,Urdu,Complaint Registration,Complaint Registration,Submit the complaint through the appropriate official government grievance service.
2205,મતદાર ઓળખ કાર્ડ માટે ક્યાંથી શરૂઆત કરું?,Gujarati,Voter ID,Voter ID,Use the official election/voter service.
1717,ఆదాయ ధృవీకరణ పత్రం కోసం ఏ పత్రాలు అవసరం?,Telugu,Income Certificate,Income Certificate,Apply through the appropriate revenue/local government service.
1598,सरकारी तक्रार साठी विनंती कशी करावी?,Marathi,Complaint Registration,Complaint Registration,Submit the complaint through the appropriate official government grievance service.
1224,مجھے پاسپورٹ چاہیے، درخواست کیسے دوں؟,Urdu,Passport,Passport,Use the official passport service.
1441,সরকারি প্রকল্প-এর জন্য কীভাবে আবেদন করব?,Bengali,Government Schemes,Government Schemes,Check official government portals for current schemes and eligibility.
25,பிறப்பு சான்றிதழை எப்படி பெறலாம்?,Tamil,Birth Certificate,Birth Certificate,Use the appropriate official birth registration/local government service.
1954,"मम समुदायप्रमाणपत्र आवश्यकम्, कथम् आवेदनं करिष्यामि?",Sanskrit,Community Certificate,Community Certificate,Apply through the appropriate revenue/local government service.
1559,सरकारी शिकायत की सेवा कहाँ मिलेगी?,Hindi,Complaint Registration,Complaint Registration,Submit the complaint through the appropriate official government grievance service.
2359,મતદાર ઓળખ કાર્ડ માટે ઓનલાઈન અરજી કરી શકાય છે?,Gujarati,Voter ID,Voter ID,Use the official election/voter service.
81,ജനന സർട്ടിഫിക്കറ്റിന് എങ്ങനെ അപേക്ഷിക്കാം?,Malayalam,Birth Certificate,Birth Certificate,Use the appropriate official birth registration/local government service.
1596,सरकारी तक्रार चा अर्ज कुठे जमा करायचा?,Marathi,Complaint Registration,Complaint Registration,Submit the complaint through the appropriate official government grievance service.
1721,আয় শংসাপত্র-এর জন্য কীভাবে আবেদন করব?,Bengali,Income Certificate,Income Certificate,Apply through the appropriate revenue/local government service.
848,How can I request a driving licence?,English,Driving Licence,Driving Licence,Use the official transport department/licensing service.
256,ମୃତ୍ୟୁ ପ୍ରମାଣପତ୍ର ଆବେଦନ କେଉଁଠାରେ ଦେବି?,Odia,Death Certificate,Death Certificate,Use the appropriate official death registration/local government service.
1704,"எனக்கு வருமான சான்றிதழ் வேண்டும், எப்படி விண்ணப்பிப்பது?",Tamil,Income Certificate,Income Certificate,Apply through the appropriate revenue/local government service.
1909,സമുദായ സർട്ടിഫിക്കറ്റ് സേവനം എവിടെ ലഭിക്കും?,Malayalam,Community Certificate,Community Certificate,Apply through the appropriate revenue/local government service.
2223,کیا سرکاری شکایت کے لیے آن لائن درخواست دے سکتے ہیں؟,Urdu,Complaint Registration,Complaint Registration,Submit the complaint through the appropriate official government grievance service.
1356,ਅਰਜ਼ੀ ਦੀ ਸਥਿਤੀ ਦੀ ਅਰਜ਼ੀ ਕਿੱਥੇ ਜਮ੍ਹਾਂ ਕਰਵਾਉਣੀ ਹੈ?,Punjabi,Application Status,Application Status,Use the relevant official service with your application/reference number.
1670,চৰকাৰী অভিযোগৰ বাবে আবেদন কৰিবলৈ কি কৰিব লাগিব?,Assamese,Complaint Registration,Complaint Registration,Submit the complaint through the appropriate official government grievance service.
1700,"मुझे आय प्रमाण पत्र के लिए आवेदन करना है, क्या करना होगा?",Hindi,Income Certificate,Income Certificate,Apply through the appropriate revenue/local government service.
264,"মোক মৃত্যু প্ৰমাণপত্ৰ লাগে, কেনেকৈ আবেদন কৰিম?",Assamese,Death Certificate,Death Certificate,Use the appropriate official death registration/local government service.
877,డ్రైవింగ్ లైసెన్స్ కోసం ఏ పత్రాలు అవసరం?,Telugu,Driving Licence,Driving Licence,Use the official transport department/licensing service.
626,પાણીનું બિલની અરજી ક્યાં જમા કરવી?,Gujarati,Water Bill,Water Bill,Use the relevant water-supply authority or official payment service.
1569,அரசு புகார் சேவை எங்கே கிடைக்கும்?,Tamil,Complaint Registration,Complaint Registration,Submit the complaint through the appropriate official government grievance service.
948,ڈرائیونگ لائسنس کے لیے درخواست کیسے کریں؟,Urdu,Driving Licence,Driving Licence,Use the official transport department/licensing service.
618,पाण्याचे बिल साठी विनंती कशी करावी?,Marathi,Water Bill,Water Bill,Use the relevant water-supply authority or official payment service.
2870,निवासप्रमाणपत्र कृते किं आवश्यकम्?,Sanskrit,Residence Certificate,Residence Certificate,Apply through the appropriate revenue/local government service.
331,रेशन कार्ड साठी अर्ज कसा करावा?,Marathi,Ration Card,Ration Card,Use the relevant food and civil supplies department or official service.
2213,Can I apply for death certificate online?,English,Death Certificate,Death Certificate,Use the appropriate official death registration/local government service.
1310,আবেদনের অবস্থা-এর জন্য আবেদন করতে কী করতে হবে?,Bengali,Application Status,Application Status,Use the relevant official service with your application/reference number.
1376,ଆବେଦନର ସ୍ଥିତି ଆବେଦନ କେଉଁଠାରେ ଦେବି?,Odia,Application Status,Application Status,Use the relevant official service with your application/reference number.
1113,मतदातृपरिचयपत्रप्राप्तेः प्रक्रिया का?,Sanskrit,Voter ID,Voter ID,Use the official election/voter service.
961,ড্ৰাইভিং লাইচেঞ্চৰ বাবে কেনেকৈ আবেদন কৰিব?,Assamese,Driving Licence,Driving Licence,Use the official transport department/licensing service.
1171,पासपोर्ट साठी अर्ज कसा करावा?,Marathi,Passport,Passport,Use the official passport service.
318,రేషన్ కార్డు కోసం ఎలా అభ్యర్థించాలి?,Telugu,Ration Card,Ration Card,Use the relevant food and civil supplies department or official service.
1802,উপাৰ্জনৰ প্ৰমাণপত্ৰ ক'ত পাম?,Assamese,Income Certificate,Income Certificate,Apply through the appropriate revenue/local government service.
1125,Can you tell me how to obtain a passport?,English,Passport,Passport,Use the official passport service.
980,चालनानुज्ञापत्राय आवेदनं कर्तुं किं करणीयम्?,Sanskrit,Driving Licence,Driving Licence,Use the official transport department/licensing service.
1985,குடியிருப்பு சான்றிதழ் எப்படி பெறலாம்?,Tamil,Residence Certificate,Residence Certificate,Apply through the appropriate revenue/local government service.
2136,ಪಾಸ್‌ಪೋರ್ಟ್ಗಾಗಿ ಎಲ್ಲಿಂದ ಪ್ರಾರಂಭಿಸಬೇಕು?,Kannada,Passport,Passport,Use the official passport service.
1136,पासपोर्ट का आवेदन कहाँ जमा करें?,Hindi,Passport,Passport,Use the official passport service.
1013,ఓటర్ ఐడీ పొందే ప్రక్రియ ఏమిటి?,Telugu,Voter ID,Voter ID,Use the official election/voter service.
1062,വോട്ടർ ഐഡി എവിടെ ലഭിക്കും?,Malayalam,Voter ID,Voter ID,Use the official election/voter service.
1844,"எனக்கு சமூக சான்றிதழ் வேண்டும், எப்படி விண்ணப்பிப்பது?",Tamil,Community Certificate,Community Certificate,Apply through the appropriate revenue/local government service.
1945,সম্প্ৰদায়ৰ প্ৰমাণপত্ৰ কেনেকৈ পাব পাৰি?,Assamese,Community Certificate,Community Certificate,Apply through the appropriate revenue/local government service.
652,ਪਾਣੀ ਦਾ ਬਿੱਲ ਕਿੱਥੇ ਮਿਲੇਗਾ?,Punjabi,Water Bill,Water Bill,Use the relevant water-supply authority or official payment service.
1827,What documents are needed for a community certificate?,English,Community Certificate,Community Certificate,Apply through the appropriate revenue/local government service.
2479,Where do I start for death certificate?,English,Death Certificate,Death Certificate,Use the appropriate official death registration/local government service.
1748,આવક પ્રમાણપત્ર માટે વિનંતી કેવી રીતે કરવી?,Gujarati,Income Certificate,Income Certificate,Apply through the appropriate revenue/local government service.
2068,رہائشی سرٹیفکیٹ کے لیے درخواست کیسے کریں؟,Urdu,Residence Certificate,Residence Certificate,Apply through the appropriate revenue/local government service.
1813,आयप्रमाणपत्रप्राप्तेः प्रक्रिया का?,Sanskrit,Income Certificate,Income Certificate,Apply through the appropriate revenue/local government service.
1300,దరఖాస్తు స్థితి కోసం దరఖాస్తు చేయాలంటే ఏమి చేయాలి?,Telugu,Application Status,Application Status,Use the relevant official service with your application/reference number.
2290,ಪಾಸ್‌ಪೋರ್ಟ್ಗಾಗಿ ಆನ್‌ಲೈನ್‌ನಲ್ಲಿ ಅರ್ಜಿ ಸಲ್ಲಿಸಬಹುದೇ?,Kannada,Passport,Passport,Use the official passport service.
2679,বিদ্যুৎ বিল করার ধাপগুলি বলুন।,Bengali,Electricity Bill,Electricity Bill,Use the relevant electricity distribution company or official payment service.
1904,"എനിക്ക് സമുദായ സർട്ടിഫിക്കറ്റ് വേണം, എങ്ങനെ അപേക്ഷിക്കാം?",Malayalam,Community Certificate,Community Certificate,Apply through the appropriate revenue/local government service.
547,সম্পত্তি কৰৰ বাবে কি কি নথি লাগে?,Assamese,Property Tax,Property Tax,Use the relevant municipal or local government property-tax service.
1870,সম্প্রদায় শংসাপত্র-এর জন্য আবেদন করতে কী করতে হবে?,Bengali,Community Certificate,Community Certificate,Apply through the appropriate revenue/local government service.
498,ಆಸ್ತಿ ತೆರಿಗೆಗಾಗಿ ಹೇಗೆ ವಿನಂತಿಸಬೇಕು?,Kannada,Property Tax,Property Tax,Use the relevant municipal or local government property-tax service.
1021,ভোটার আইডি-এর জন্য কীভাবে আবেদন করব?,Bengali,Voter ID,Voter ID,Use the official election/voter service.
2284,क्या राशन कार्ड के लिए ऑनलाइन आवेदन कर सकते हैं?,Hindi,Ration Card,Ration Card,Use the relevant food and civil supplies department or official service.
2683,അപേക്ഷയുടെ നില ചെയ്യുന്നതിനുള്ള ഘട്ടങ്ങൾ പറയൂ.,Malayalam,Application Status,Application Status,Use the relevant official service with your application/reference number.
1903,സമുദായ സർട്ടിഫിക്കറ്റ് നേടുന്നതിനുള്ള നടപടിക്രമം എന്താണ്?,Malayalam,Community Certificate,Community Certificate,Apply through the appropriate revenue/local government service.
2122,ಪಾಸ್‌ಪೋರ್ಟ್ಗಾಗಿ ಹಂತಗಳನ್ನು ತಿಳಿಸಿ.,Kannada,Passport,Passport,Use the official passport service.
721,மின்சார கட்டணம்க்கு எப்படி விண்ணப்பிப்பது?,Tamil,Electricity Bill,Electricity Bill,Use the relevant electricity distribution company or official payment service.
897,ड्रायव्हिंग लायसन्स साठी कोणती कागदपत्रे आवश्यक आहेत?,Marathi,Driving Licence,Driving Licence,Use the official transport department/licensing service.
1742,આવક પ્રમાણપત્ર ક્યાં મળશે?,Gujarati,Income Certificate,Income Certificate,Apply through the appropriate revenue/local government service.
437,संपत्ति कर के लिए कौन से दस्तावेज चाहिए?,Hindi,Property Tax,Property Tax,Use the relevant municipal or local government property-tax service.
23,பிறப்பு சான்றிதழ் பெறும் நடைமுறை என்ன?,Tamil,Birth Certificate,Birth Certificate,Use the appropriate official birth registration/local government service.
605,জলের বিল কীভাবে পাওয়া যায়?,Bengali,Water Bill,Water Bill,Use the relevant water-supply authority or official payment service.
1000,"मुझे वोटर आईडी के लिए आवेदन करना है, क्या करना होगा?",Hindi,Voter ID,Voter ID,Use the official election/voter service.
1637,ਸਰਕਾਰੀ ਸ਼ਿਕਾਇਤ ਲਈ ਕਿਹੜੇ ਦਸਤਾਵੇਜ਼ ਚਾਹੀਦੇ ਹਨ?,Punjabi,Complaint Registration,Complaint Registration,Submit the complaint through the appropriate official government grievance service.
2025,રહેઠાણ પ્રમાણપત્ર કેવી રીતે મેળવી શકાય?,Gujarati,Residence Certificate,Residence Certificate,Apply through the appropriate revenue/local government service.
1573,ప్రభుత్వ ఫిర్యాదు పొందే ప్రక్రియ ఏమిటి?,Telugu,Complaint Registration,Complaint Registration,Submit the complaint through the appropriate official government grievance service.
797,ਬਿਜਲੀ ਦਾ ਬਿੱਲ ਲਈ ਕਿਹੜੇ ਦਸਤਾਵੇਜ਼ ਚਾਹੀਦੇ ਹਨ?,Punjabi,Electricity Bill,Electricity Bill,Use the relevant electricity distribution company or official payment service.
2358,ड्रायव्हिंग लायसन्स साठी ऑनलाइन अर्ज करता येतो का?,Marathi,Driving Licence,Driving Licence,Use the official transport department/licensing service.
1698,आय प्रमाण पत्र के लिए अनुरोध कैसे करें?,Hindi,Income Certificate,Income Certificate,Apply through the appropriate revenue/local government service.
1866,সম্প্রদায় শংসাপত্র-এর আবেদন কোথায় জমা দেব?,Bengali,Community Certificate,Community Certificate,Apply through the appropriate revenue/local government service.
299,राशन कार्ड की सेवा कहाँ मिलेगी?,Hindi,Ration Card,Ration Card,Use the relevant food and civil supplies department or official service.
2917,বিদ্যুৎ বিল এর জন্য অনলাইনে আবেদন করা যায় কি?,Bengali,Electricity Bill,Electricity Bill,Use the relevant electricity distribution company or official payment service.
2910,ଆୟ ପ୍ରମାଣପତ୍ର ପାଇଁ କେଉଁଠାରୁ ଆରମ୍ଭ କରିବି?,Odia,Income Certificate,Income Certificate,Apply through the appropriate revenue/local government service.
190,মৃত্যু শংসাপত্র-এর জন্য আবেদন করতে কী করতে হবে?,Bengali,Death Certificate,Death Certificate,Use the appropriate official death registration/local government service.
101,پیدائش کے سرٹیفکیٹ کے لیے درخواست کیسے دیں؟,Urdu,Birth Certificate,Birth Certificate,Use the appropriate official birth registration/local government service.
604,"আমার জলের বিল দরকার, কীভাবে আবেদন করব?",Bengali,Water Bill,Water Bill,Use the relevant water-supply authority or official payment service.
816,ବିଦ୍ୟୁତ ବିଲ୍ ଆବେଦନ କେଉଁଠାରେ ଦେବି?,Odia,Electricity Bill,Electricity Bill,Use the relevant electricity distribution company or official payment service.
2780,ಪಾಸ್‌ಪೋರ್ಟ್ಗಾಗಿ ಆನ್‌ಲೈನ್‌ನಲ್ಲಿ ಅರ್ಜಿ ಸಲ್ಲಿಸಬಹುದೇ?,Kannada,Passport,Passport,Use the official passport service.
1272,आवेदन की स्थिति कहाँ मिलेगा?,Hindi,Application Status,Application Status,Use the relevant official service with your application/reference number.
963,ড্ৰাইভিং লাইচেঞ্চ পোৱাৰ প্ৰক্ৰিয়া কি?,Assamese,Driving Licence,Driving Licence,Use the official transport department/licensing service.
2712,ਕੀ ਸਰਕਾਰੀ ਯੋਜਨਾਵਾਂ ਲਈ ਆਨਲਾਈਨ ਅਰਜ਼ੀ ਦੇ ਸਕਦੇ ਹਾਂ?,Punjabi,Government Schemes,Government Schemes,Check official government portals for current schemes and eligibility.
1373,ଆବେଦନର ସ୍ଥିତି ପାଇବାର ପ୍ରକ୍ରିୟା କଣ?,Odia,Application Status,Application Status,Use the relevant official service with your application/reference number.
2112,ଆୟ ପ୍ରମାଣପତ୍ର ବିଷୟରେ ସାହାଯ୍ୟ ଦରକାର।,Odia,Income Certificate,Income Certificate,Apply through the appropriate revenue/local government service.
1163,পাসপোর্ট পাওয়ার প্রক্রিয়া কী?,Bengali,Passport,Passport,Use the official passport service.
348,રેશન કાર્ડ માટે વિનંતી કેવી રીતે કરવી?,Gujarati,Ration Card,Ration Card,Use the relevant food and civil supplies department or official service.
696,जलशुल्कस्य आवेदनं कुत्र समर्पणीयम्?,Sanskrit,Water Bill,Water Bill,Use the relevant water-supply authority or official payment service.
1939,ସମ୍ପ୍ରଦାୟ ପ୍ରମାଣପତ୍ର ସେବା କେଉଁଠାରେ ମିଳିବ?,Odia,Community Certificate,Community Certificate,Apply through the appropriate revenue/local government service.
2094,"मम निवासप्रमाणपत्र आवश्यकम्, कथम् आवेदनं करिष्यामि?",Sanskrit,Residence Certificate,Residence Certificate,Apply through the appropriate revenue/local government service.
2706,నీటి బిల్లు కోసం ఆన్‌లైన్‌లో దరఖాస్తు చేయవచ్చా?,Telugu,Water Bill,Water Bill,Use the relevant water-supply authority or official payment service.
1812,आयप्रमाणपत्र कुत्र लभ्यते?,Sanskrit,Income Certificate,Income Certificate,Apply through the appropriate revenue/local government service.
2590,निवासप्रमाणपत्र कृते किं आवश्यकम्?,Sanskrit,Residence Certificate,Residence Certificate,Apply through the appropriate revenue/local government service.
1905,സമുദായ സർട്ടിഫിക്കറ്റ് എങ്ങനെ ലഭിക്കും?,Malayalam,Community Certificate,Community Certificate,Apply through the appropriate revenue/local government service.
1320,अर्जाची स्थिती साठी अर्ज करण्यासाठी काय करावे?,Marathi,Application Status,Application Status,Use the relevant official service with your application/reference number.
2376,ਸਰਕਾਰੀ ਯੋਜਨਾਵਾਂ ਲਈ ਕੀ ਚਾਹੀਦਾ ਹੈ?,Punjabi,Government Schemes,Government Schemes,Check official government portals for current schemes and eligibility.
2576,निवासप्रमाणपत्र कृते जालमाध्यमेन आवेदनं कर्तुं शक्यते वा?,Sanskrit,Residence Certificate,Residence Certificate,Apply through the appropriate revenue/local government service.
2569,મતદાર ઓળખ કાર્ડ માટે ઓનલાઈન અરજી કરી શકાય છે?,Gujarati,Voter ID,Voter ID,Use the official election/voter service.
1176,पासपोर्ट चा अर्ज कुठे जमा करायचा?,Marathi,Passport,Passport,Use the official passport service.
1245,পাছপ'ৰ্ট কেনেকৈ পাব পাৰি?,Assamese,Passport,Passport,Use the official passport service.
2,Where can I get a birth certificate?,English,Birth Certificate,Birth Certificate,Use the appropriate official birth registration/local government service.
2245,বিদ্যুৎ বিল সম্পর্কে সাহায্য চাই।,Bengali,Electricity Bill,Electricity Bill,Use the relevant electricity distribution company or official payment service.
1664,"মোক চৰকাৰী অভিযোগ লাগে, কেনেকৈ আবেদন কৰিম?",Assamese,Complaint Registration,Complaint Registration,Submit the complaint through the appropriate official government grievance service.
1233,ପାସପୋର୍ଟ ପାଇବାର ପ୍ରକ୍ରିୟା କଣ?,Odia,Passport,Passport,Use the official passport service.
2332,ಪಾಸ್‌ಪೋರ್ಟ್ಗಾಗಿ ಹಂತಗಳನ್ನು ತಿಳಿಸಿ.,Kannada,Passport,Passport,Use the official passport service.
713,बिजली का बिल प्राप्त करने की प्रक्रिया क्या है?,Hindi,Electricity Bill,Electricity Bill,Use the relevant electricity distribution company or official payment service.
2702,निवासप्रमाणपत्र कृते कुतः आरभेयं?,Sanskrit,Residence Certificate,Residence Certificate,Apply through the appropriate revenue/local government service.
1723,আয় শংসাপত্র পাওয়ার প্রক্রিয়া কী?,Bengali,Income Certificate,Income Certificate,Apply through the appropriate revenue/local government service.
786,വൈദ്യുതി ബിൽ അപേക്ഷ എവിടെ സമർപ്പിക്കണം?,Malayalam,Electricity Bill,Electricity Bill,Use the relevant electricity distribution company or official payment service.
522,پراپرٹی ٹیکس کہاں ملے گا؟,Urdu,Property Tax,Property Tax,Use the relevant municipal or local government property-tax service.
2271,சொத்து வரிக்கு எங்கிருந்து தொடங்குவது?,Tamil,Property Tax,Property Tax,Use the relevant municipal or local government property-tax service.
1212,ਪਾਸਪੋਰਟ ਕਿੱਥੇ ਮਿਲੇਗਾ?,Punjabi,Passport,Passport,Use the official passport service.
1649,سرکاری شکایت کی خدمت کہاں ملے گی؟,Urdu,Complaint Registration,Complaint Registration,Submit the complaint through the appropriate official government grievance service.
1337,ಅರ್ಜಿಯ ಸ್ಥಿತಿಗೆ ಯಾವ ದಾಖಲೆಗಳು ಬೇಕು?,Kannada,Application Status,Application Status,Use the relevant official service with your application/reference number.
1673,सर्वकारीयशिकायत्प्राप्तेः प्रक्रिया का?,Sanskrit,Complaint Registration,Complaint Registration,Submit the complaint through the appropriate official government grievance service.
1267,What documents are needed for a application status?,English,Application Status,Application Status,Use the relevant official service with your application/reference number.
2078,ବାସସ୍ଥାନ ପ୍ରମାଣପତ୍ର ପାଇଁ କିପରି ଅନୁରୋଧ କରିବି?,Odia,Residence Certificate,Residence Certificate,Apply through the appropriate revenue/local government service.
1231,ପାସପୋର୍ଟ ପାଇଁ କିପରି ଆବେଦନ କରିବେ?,Odia,Passport,Passport,Use the official passport service.
511,ਪ੍ਰਾਪਰਟੀ ਟੈਕਸ ਲਈ ਅਰਜ਼ੀ ਕਿਵੇਂ ਦੇਣੀ ਹੈ?,Punjabi,Property Tax,Property Tax,Use the relevant municipal or local government property-tax service.
1286,விண்ணப்பத்தின் நிலை விண்ணப்பத்தை எங்கே சமர்ப்பிக்க வேண்டும்?,Tamil,Application Status,Application Status,Use the relevant official service with your application/reference number.
1353,ਅਰਜ਼ੀ ਦੀ ਸਥਿਤੀ ਲੈਣ ਦੀ ਪ੍ਰਕਿਰਿਆ ਕੀ ਹੈ?,Punjabi,Application Status,Application Status,Use the relevant official service with your application/reference number.
287,What documents are needed for a ration card?,English,Ration Card,Ration Card,Use the relevant food and civil supplies department or official service.
1767,വരുമാന സർട്ടിഫിക്കറ്റ് ന് എന്തെല്ലാം രേഖകൾ വേണം?,Malayalam,Income Certificate,Income Certificate,Apply through the appropriate revenue/local government service.
1492,ਸਰਕਾਰੀ ਯੋਜਨਾਵਾਂ ਕਿੱਥੇ ਮਿਲੇਗਾ?,Punjabi,Government Schemes,Government Schemes,Check official government portals for current schemes and eligibility.
808,بجلی کا بل کے لیے درخواست کیسے کریں؟,Urdu,Electricity Bill,Electricity Bill,Use the relevant electricity distribution company or official payment service.
2206,ಪಾಸ್‌ಪೋರ್ಟ್ಗಾಗಿ ಎಲ್ಲಿಂದ ಪ್ರಾರಂಭಿಸಬೇಕು?,Kannada,Passport,Passport,Use the official passport service.
2130,राशन कार्ड के लिए शुरुआत कहाँ से करूँ?,Hindi,Ration Card,Ration Card,Use the relevant food and civil supplies department or official service.
7,What documents are needed for a birth certificate?,English,Birth Certificate,Birth Certificate,Use the appropriate official birth registration/local government service.
1787,آمدنی کا سرٹیفکیٹ کے لیے کون سی دستاویزات چاہئیں؟,Urdu,Income Certificate,Income Certificate,Apply through the appropriate revenue/local government service.
182,মৃত্যু শংসাপত্র কোথায় পাওয়া যাবে?,Bengali,Death Certificate,Death Certificate,Use the appropriate official death registration/local government service.
1044,"મારે મતદાર ઓળખ કાર્ડ જોઈએ છે, કેવી રીતે અરજી કરું?",Gujarati,Voter ID,Voter ID,Use the official election/voter service.
779,ವಿದ್ಯುತ್ ಬಿಲ್ ಸೇವೆ ಎಲ್ಲಿ ಸಿಗುತ್ತದೆ?,Kannada,Electricity Bill,Electricity Bill,Use the relevant electricity distribution company or official payment service.
2362,ਕੀ ਸਰਕਾਰੀ ਯੋਜਨਾਵਾਂ ਲਈ ਆਨਲਾਈਨ ਅਰਜ਼ੀ ਦੇ ਸਕਦੇ ਹਾਂ?,Punjabi,Government Schemes,Government Schemes,Check official government portals for current schemes and eligibility.
1578,ప్రభుత్వ ఫిర్యాదు కోసం ఎలా అభ్యర్థించాలి?,Telugu,Complaint Registration,Complaint Registration,Submit the complaint through the appropriate official government grievance service.
474,"मला मालमत्ता कर हवे आहे, अर्ज कसा करू?",Marathi,Property Tax,Property Tax,Use the relevant municipal or local government property-tax service.
2095,निवासप्रमाणपत्र कथं प्राप्तुं शक्यते?,Sanskrit,Residence Certificate,Residence Certificate,Apply through the appropriate revenue/local government service.
2484,ड्रायव्हिंग लायसन्स साठी सुरुवात कुठून करू?,Marathi,Driving Licence,Driving Licence,Use the official transport department/licensing service.
1788,آمدنی کا سرٹیفکیٹ کے لیے درخواست کیسے کریں؟,Urdu,Income Certificate,Income Certificate,Apply through the appropriate revenue/local government service.
2888,నీటి బిల్లు కోసం దశలు చెప్పండి.,Telugu,Water Bill,Water Bill,Use the relevant water-supply authority or official payment service.
1416,सरकारी योजनाएं का आवेदन कहाँ जमा करें?,Hindi,Government Schemes,Government Schemes,Check official government portals for current schemes and eligibility.
1780,ਆਮਦਨ ਸਰਟੀਫਿਕੇਟ ਲਈ ਅਰਜ਼ੀ ਦੇਣ ਲਈ ਕੀ ਕਰਨਾ ਹੈ?,Punjabi,Income Certificate,Income Certificate,Apply through the appropriate revenue/local government service.
2444,ಪಾಸ್‌ಪೋರ್ಟ್ಗೆ ಏನು ಬೇಕು?,Kannada,Passport,Passport,Use the official passport service.
445,சொத்து வரி எப்படி பெறலாம்?,Tamil,Property Tax,Property Tax,Use the relevant municipal or local government property-tax service.
157,मृत्यु प्रमाण पत्र के लिए कौन से दस्तावेज चाहिए?,Hindi,Death Certificate,Death Certificate,Use the appropriate official death registration/local government service.
2651,বিদ্যুৎ বিল এর জন্য কী দরকার?,Bengali,Electricity Bill,Electricity Bill,Use the relevant electricity distribution company or official payment service.
2379,সম্প্ৰদায়ৰ প্ৰমাণপত্ৰৰ বাবে কি লাগে?,Assamese,Community Certificate,Community Certificate,Apply through the appropriate revenue/local government service.
2834,ड्रायव्हिंग लायसन्स साठी सुरुवात कुठून करू?,Marathi,Driving Licence,Driving Licence,Use the official transport department/licensing service.
1070,വോട്ടർ ഐഡി ന് അപേക്ഷിക്കാൻ എന്ത് ചെയ്യണം?,Malayalam,Voter ID,Voter ID,Use the official election/voter service.
2615,سرکاری شکایت کے مراحل بتائیں۔,Urdu,Complaint Registration,Complaint Registration,Submit the complaint through the appropriate official government grievance service.
114,"ମୋତେ ଜନ୍ମ ପ୍ରମାଣପତ୍ର ଦରକାର, କିପରି ଆବେଦନ କରିବି?",Odia,Birth Certificate,Birth Certificate,Use the appropriate official birth registration/local government service.
1357,ਅਰਜ਼ੀ ਦੀ ਸਥਿਤੀ ਲਈ ਕਿਹੜੇ ਦਸਤਾਵੇਜ਼ ਚਾਹੀਦੇ ਹਨ?,Punjabi,Application Status,Application Status,Use the relevant official service with your application/reference number.
2728,ଆୟ ପ୍ରମାଣପତ୍ର ପାଇଁ କଣ ଦରକାର?,Odia,Income Certificate,Income Certificate,Apply through the appropriate revenue/local government service.
1638,ਸਰਕਾਰੀ ਸ਼ਿਕਾਇਤ ਲਈ ਬੇਨਤੀ ਕਿਵੇਂ ਕਰਨੀ ਹੈ?,Punjabi,Complaint Registration,Complaint Registration,Submit the complaint through the appropriate official government grievance service.
2087,বাসস্থানৰ প্ৰমাণপত্ৰৰ বাবে কি কি নথি লাগে?,Assamese,Residence Certificate,Residence Certificate,Apply through the appropriate revenue/local government service.
1439,ప్రభుత్వ పథకాలు సేవ ఎక్కడ లభిస్తుంది?,Telugu,Government Schemes,Government Schemes,Check official government portals for current schemes and eligibility.
1144,"எனக்கு பாஸ்போர்ட் வேண்டும், எப்படி விண்ணப்பிப்பது?",Tamil,Passport,Passport,Use the official passport service.
2937,سرکاری شکایت کے لیے کیا چاہیے؟,Urdu,Complaint Registration,Complaint Registration,Submit the complaint through the appropriate official government grievance service.
1142,பாஸ்போர்ட் எங்கே கிடைக்கும்?,Tamil,Passport,Passport,Use the official passport service.
1345,അപേക്ഷയുടെ നില എങ്ങനെ ലഭിക്കും?,Malayalam,Application Status,Application Status,Use the relevant official service with your application/reference number.
1633,ਸਰਕਾਰੀ ਸ਼ਿਕਾਇਤ ਲੈਣ ਦੀ ਪ੍ਰਕਿਰਿਆ ਕੀ ਹੈ?,Punjabi,Complaint Registration,Complaint Registration,Submit the complaint through the appropriate official government grievance service.
792,ਬਿਜਲੀ ਦਾ ਬਿੱਲ ਕਿੱਥੇ ਮਿਲੇਗਾ?,Punjabi,Electricity Bill,Electricity Bill,Use the relevant electricity distribution company or official payment service.
97,ਜਨਮ ਸਰਟੀਫਿਕੇਟ ਲਈ ਕਿਹੜੇ ਦਸਤਾਵੇਜ਼ ਚਾਹੀਦੇ ਹਨ?,Punjabi,Birth Certificate,Birth Certificate,Use the appropriate official birth registration/local government service.
914,"ನನಗೆ ಚಾಲನಾ ಪರವಾನಗಿ ಬೇಕು, ಹೇಗೆ ಅರ್ಜಿ ಸಲ್ಲಿಸಬೇಕು?",Kannada,Driving Licence,Driving Licence,Use the official transport department/licensing service.
933,ਡਰਾਈਵਿੰਗ ਲਾਇਸੈਂਸ ਲੈਣ ਦੀ ਪ੍ਰਕਿਰਿਆ ਕੀ ਹੈ?,Punjabi,Driving Licence,Driving Licence,Use the official transport department/licensing service.
1251,पारपत्राय कथम् आवेदनं करणीयम्?,Sanskrit,Passport,Passport,Use the official passport service.
1433,ప్రభుత్వ పథకాలు పొందే ప్రక్రియ ఏమిటి?,Telugu,Government Schemes,Government Schemes,Check official government portals for current schemes and eligibility.
1886,સમુદાય પ્રમાણપત્રની અરજી ક્યાં જમા કરવી?,Gujarati,Community Certificate,Community Certificate,Apply through the appropriate revenue/local government service.
818,ବିଦ୍ୟୁତ ବିଲ୍ ପାଇଁ କିପରି ଅନୁରୋଧ କରିବି?,Odia,Electricity Bill,Electricity Bill,Use the relevant electricity distribution company or official payment service.
912,ಚಾಲನಾ ಪರವಾನಗಿ ಎಲ್ಲಿ ಸಿಗುತ್ತದೆ?,Kannada,Driving Licence,Driving Licence,Use the official transport department/licensing service.
1928,برادری کا سرٹیفکیٹ کے لیے درخواست کیسے کریں؟,Urdu,Community Certificate,Community Certificate,Apply through the appropriate revenue/local government service.
159,मृत्यु प्रमाण पत्र की सेवा कहाँ मिलेगी?,Hindi,Death Certificate,Death Certificate,Use the appropriate official death registration/local government service.
1567,அரசு புகார்க்கு என்ன ஆவணங்கள் தேவை?,Tamil,Complaint Registration,Complaint Registration,Submit the complaint through the appropriate official government grievance service.
443,சொத்து வரி பெறும் நடைமுறை என்ன?,Tamil,Property Tax,Property Tax,Use the relevant municipal or local government property-tax service.
653,ਪਾਣੀ ਦਾ ਬਿੱਲ ਲੈਣ ਦੀ ਪ੍ਰਕਿਰਿਆ ਕੀ ਹੈ?,Punjabi,Water Bill,Water Bill,Use the relevant water-supply authority or official payment service.
2845,சொத்து வரிக்கு ஆன்லைனில் விண்ணப்பிக்கலாமா?,Tamil,Property Tax,Property Tax,Use the relevant municipal or local government property-tax service.
1017,ఓటర్ ఐడీ కోసం ఏ పత్రాలు అవసరం?,Telugu,Voter ID,Voter ID,Use the official election/voter service.
1687,What documents are needed for a income certificate?,English,Income Certificate,Income Certificate,Apply through the appropriate revenue/local government service.
1361,درخواست کی حیثیت کے لیے درخواست کیسے دیں؟,Urdu,Application Status,Application Status,Use the relevant official service with your application/reference number.
735,విద్యుత్ బిల్లు ఎలా పొందాలి?,Telugu,Electricity Bill,Electricity Bill,Use the relevant electricity distribution company or official payment service.
102,پیدائش کا سرٹیفکیٹ کہاں ملے گا؟,Urdu,Birth Certificate,Birth Certificate,Use the appropriate official birth registration/local government service.
1689,Where can I check the income certificate service?,English,Income Certificate,Income Certificate,Apply through the appropriate revenue/local government service.
726,மின்சார கட்டணம் விண்ணப்பத்தை எங்கே சமர்ப்பிக்க வேண்டும்?,Tamil,Electricity Bill,Electricity Bill,Use the relevant electricity distribution company or official payment service.
666,پانی کا بل کی درخواست کہاں جمع کریں؟,Urdu,Water Bill,Water Bill,Use the relevant water-supply authority or official payment service.
970,ড্ৰাইভিং লাইচেঞ্চৰ বাবে আবেদন কৰিবলৈ কি কৰিব লাগিব?,Assamese,Driving Licence,Driving Licence,Use the official transport department/licensing service.
634,"ನನಗೆ ನೀರಿನ ಬಿಲ್ ಬೇಕು, ಹೇಗೆ ಅರ್ಜಿ ಸಲ್ಲಿಸಬೇಕು?",Kannada,Water Bill,Water Bill,Use the relevant water-supply authority or official payment service.
2543,അപേക്ഷയുടെ നില ചെയ്യുന്നതിനുള്ള ഘട്ടങ്ങൾ പറയൂ.,Malayalam,Application Status,Application Status,Use the relevant official service with your application/reference number.
2935,അപേക്ഷയുടെ നില ന് എന്താണ് വേണ്ടത്?,Malayalam,Application Status,Application Status,Use the relevant official service with your application/reference number.
2294,ଆୟ ପ୍ରମାଣପତ୍ର ପାଇଁ ଅନଲାଇନରେ ଆବେଦନ କରିପାରିବି କି?,Odia,Income Certificate,Income Certificate,Apply through the appropriate revenue/local government service.
1449,সরকারি প্রকল্প-এর পরিষেবা কোথায় পাব?,Bengali,Government Schemes,Government Schemes,Check official government portals for current schemes and eligibility.
422,Where can I get a property tax?,English,Property Tax,Property Tax,Use the relevant municipal or local government property-tax service.
1023,ভোটার আইডি পাওয়ার প্রক্রিয়া কী?,Bengali,Voter ID,Voter ID,Use the official election/voter service.
861,ஓட்டுநர் உரிமம்க்கு எப்படி விண்ணப்பிப்பது?,Tamil,Driving Licence,Driving Licence,Use the official transport department/licensing service.
1466,સરકારી યોજનાઓની અરજી ક્યાં જમા કરવી?,Gujarati,Government Schemes,Government Schemes,Check official government portals for current schemes and eligibility.
164,"எனக்கு இறப்பு சான்றிதழ் வேண்டும், எப்படி விண்ணப்பிப்பது?",Tamil,Death Certificate,Death Certificate,Use the appropriate official death registration/local government service.
1494,"ਮੈਨੂੰ ਸਰਕਾਰੀ ਯੋਜਨਾਵਾਂ ਚਾਹੀਦਾ ਹੈ, ਅਰਜ਼ੀ ਕਿਵੇਂ ਦੇਵਾਂ?",Punjabi,Government Schemes,Government Schemes,Check official government portals for current schemes and eligibility.
1263,What is the process for getting a application status?,English,Application Status,Application Status,Use the relevant official service with your application/reference number.
172,మరణ ధృవీకరణ పత్రం ఎక్కడ లభిస్తుంది?,Telugu,Death Certificate,Death Certificate,Use the appropriate official death registration/local government service.
523,پراپرٹی ٹیکس حاصل کرنے کا طریقہ کیا ہے؟,Urdu,Property Tax,Property Tax,Use the relevant municipal or local government property-tax service.
1761,വരുമാന സർട്ടിഫിക്കറ്റ് ന് എങ്ങനെ അപേക്ഷിക്കാം?,Malayalam,Income Certificate,Income Certificate,Apply through the appropriate revenue/local government service.
607,জলের বিল-এর জন্য কী কী নথি লাগবে?,Bengali,Water Bill,Water Bill,Use the relevant water-supply authority or official payment service.
2264,ਸਰਕਾਰੀ ਯੋਜਨਾਵਾਂ ਲਈ ਕਦਮ ਦੱਸੋ।,Punjabi,Government Schemes,Government Schemes,Check official government portals for current schemes and eligibility.
2386,ड्रायव्हिंग लायसन्स बद्दल मदत हवी आहे.,Marathi,Driving Licence,Driving Licence,Use the official transport department/licensing service.
1513,ସରକାରୀ ଯୋଜନା ପାଇବାର ପ୍ରକ୍ରିୟା କଣ?,Odia,Government Schemes,Government Schemes,Check official government portals for current schemes and eligibility.
148,How can I request a death certificate?,English,Death Certificate,Death Certificate,Use the appropriate official death registration/local government service.
2235,അപേക്ഷയുടെ നില ന് എന്താണ് വേണ്ടത്?,Malayalam,Application Status,Application Status,Use the relevant official service with your application/reference number.
611,पाण्याचे बिल साठी अर्ज कसा करावा?,Marathi,Water Bill,Water Bill,Use the relevant water-supply authority or official payment service.
2720,నీటి బిల్లు కోసం ఏమి కావాలి?,Telugu,Water Bill,Water Bill,Use the relevant water-supply authority or official payment service.
2815,Tell me the steps for death certificate.,English,Death Certificate,Death Certificate,Use the appropriate official death registration/local government service.
40,జనన ధృవీకరణ పత్రం సేవ ఎక్కడ లభిస్తుంది?,Telugu,Birth Certificate,Birth Certificate,Use the appropriate official birth registration/local government service.
2298,राशन कार्ड के लिए क्या चाहिए?,Hindi,Ration Card,Ration Card,Use the relevant food and civil supplies department or official service.
1752,ಆದಾಯ ಪ್ರಮಾಣಪತ್ರ ಎಲ್ಲಿ ಸಿಗುತ್ತದೆ?,Kannada,Income Certificate,Income Certificate,Apply through the appropriate revenue/local government service.
2260,ड्रायव्हिंग लायसन्स साठीचे टप्पे सांगा.,Marathi,Driving Licence,Driving Licence,Use the official transport department/licensing service.
1810,উপাৰ্জনৰ প্ৰমাণপত্ৰৰ বাবে আবেদন কৰিবলৈ কি কৰিব লাগিব?,Assamese,Income Certificate,Income Certificate,Apply through the appropriate revenue/local government service.
2823,അപേക്ഷയുടെ നില ചെയ്യുന്നതിനുള്ള ഘട്ടങ്ങൾ പറയൂ.,Malayalam,Application Status,Application Status,Use the relevant official service with your application/reference number.
1073,ਵੋਟਰ ਆਈਡੀ ਲੈਣ ਦੀ ਪ੍ਰਕਿਰਿਆ ਕੀ ਹੈ?,Punjabi,Voter ID,Voter ID,Use the official election/voter service.
536,ସମ୍ପତ୍ତି କର ଆବେଦନ କେଉଁଠାରେ ଦେବି?,Odia,Property Tax,Property Tax,Use the relevant municipal or local government property-tax service.
1367,درخواست کی حیثیت کے لیے کون سی دستاویزات چاہئیں؟,Urdu,Application Status,Application Status,Use the relevant official service with your application/reference number.
15,जन्म प्रमाण पत्र कैसे प्राप्त कर सकते हैं?,Hindi,Birth Certificate,Birth Certificate,Use the appropriate official birth registration/local government service.
181,মৃত্যু শংসাপত্র-এর জন্য কীভাবে আবেদন করব?,Bengali,Death Certificate,Death Certificate,Use the appropriate official death registration/local government service.
1134,"मुझे पासपोर्ट चाहिए, कैसे आवेदन करूँ?",Hindi,Passport,Passport,Use the official passport service.
2742,ଆୟ ପ୍ରମାଣପତ୍ର ବିଷୟରେ ସାହାଯ୍ୟ ଦରକାର।,Odia,Income Certificate,Income Certificate,Apply through the appropriate revenue/local government service.
379,ਰਾਸ਼ਨ ਕਾਰਡ ਦੀ ਸੇਵਾ ਕਿੱਥੇ ਮਿਲੇਗੀ?,Punjabi,Ration Card,Ration Card,Use the relevant food and civil supplies department or official service.
209,મૃત્યુ પ્રમાણપત્રની સેવા ક્યાં મળશે?,Gujarati,Death Certificate,Death Certificate,Use the appropriate official death registration/local government service.
1029,ভোটার আইডি-এর পরিষেবা কোথায় পাব?,Bengali,Voter ID,Voter ID,Use the official election/voter service.
2817,சொத்து வரி செய்வதற்கான படிகள் என்ன?,Tamil,Property Tax,Property Tax,Use the relevant municipal or local government property-tax service.
2071,ବାସସ୍ଥାନ ପ୍ରମାଣପତ୍ର ପାଇଁ କିପରି ଆବେଦନ କରିବେ?,Odia,Residence Certificate,Residence Certificate,Apply through the appropriate revenue/local government service.
1082,ووٹر آئی ڈی کہاں ملے گا؟,Urdu,Voter ID,Voter ID,Use the official election/voter service.
2598,ಪಾಸ್‌ಪೋರ್ಟ್ ಬಗ್ಗೆ ಸಹಾಯ ಬೇಕು.,Kannada,Passport,Passport,Use the official passport service.
834,"मम विद्युत्शुल्क आवश्यकम्, कथम् आवेदनं करिष्यामि?",Sanskrit,Electricity Bill,Electricity Bill,Use the relevant electricity distribution company or official payment service.
1405,Can you tell me how to obtain a government schemes?,English,Government Schemes,Government Schemes,Check official government portals for current schemes and eligibility.
863,ஓட்டுநர் உரிமம் பெறும் நடைமுறை என்ன?,Tamil,Driving Licence,Driving Licence,Use the official transport department/licensing service.
2478,निवासप्रमाणपत्र कृते क्रमाः कथ्यन्ताम्।,Sanskrit,Residence Certificate,Residence Certificate,Apply through the appropriate revenue/local government service.
1155,పాస్‌పోర్ట్ ఎలా పొందాలి?,Telugu,Passport,Passport,Use the official passport service.
1116,मतदातृपरिचयपत्रस्य आवेदनं कुत्र समर्पणीयम्?,Sanskrit,Voter ID,Voter ID,Use the official election/voter service.
2962,ಪಾಸ್‌ಪೋರ್ಟ್ಗಾಗಿ ಹಂತಗಳನ್ನು ತಿಳಿಸಿ.,Kannada,Passport,Passport,Use the official passport service.
2851,അപേക്ഷയുടെ നില ന് ഓൺലൈനായി അപേക്ഷിക്കാമോ?,Malayalam,Application Status,Application Status,Use the relevant official service with your application/reference number.
439,संपत्ति कर की सेवा कहाँ मिलेगी?,Hindi,Property Tax,Property Tax,Use the relevant municipal or local government property-tax service.
473,मालमत्ता कर मिळवण्याची प्रक्रिया काय आहे?,Marathi,Property Tax,Property Tax,Use the relevant municipal or local government property-tax service.
2952,ଆୟ ପ୍ରମାଣପତ୍ର ବିଷୟରେ ସାହାଯ୍ୟ ଦରକାର।,Odia,Income Certificate,Income Certificate,Apply through the appropriate revenue/local government service.
551,सम्पत्तिकराय कथम् आवेदनं करणीयम्?,Sanskrit,Property Tax,Property Tax,Use the relevant municipal or local government property-tax service.
425,Can you tell me how to obtain a property tax?,English,Property Tax,Property Tax,Use the relevant municipal or local government property-tax service.
1227,پاسپورٹ کے لیے کون سی دستاویزات چاہئیں؟,Urdu,Passport,Passport,Use the official passport service.
2272,నీటి బిల్లు కోసం ఎక్కడి నుంచి ప్రారంభించాలి?,Telugu,Water Bill,Water Bill,Use the relevant water-supply authority or official payment service.
33,జనన ధృవీకరణ పత్రం పొందే ప్రక్రియ ఏమిటి?,Telugu,Birth Certificate,Birth Certificate,Use the appropriate official birth registration/local government service.
2167,سرکاری شکایت کے لیے کیا چاہیے؟,Urdu,Complaint Registration,Complaint Registration,Submit the complaint through the appropriate official government grievance service.
2506,निवासप्रमाणपत्र कृते जालमाध्यमेन आवेदनं कर्तुं शक्यते वा?,Sanskrit,Residence Certificate,Residence Certificate,Apply through the appropriate revenue/local government service.
1240,ପାସପୋର୍ଟ ପାଇଁ ଆବେଦନ କରିବାକୁ କଣ କରିବି?,Odia,Passport,Passport,Use the official passport service.
2226,निवासप्रमाणपत्र कृते जालमाध्यमेन आवेदनं कर्तुं शक्यते वा?,Sanskrit,Residence Certificate,Residence Certificate,Apply through the appropriate revenue/local government service.
2785,সম্প্ৰদায়ৰ প্ৰমাণপত্ৰৰ বাবে অনলাইন আবেদন কৰিব পাৰিনে?,Assamese,Community Certificate,Community Certificate,Apply through the appropriate revenue/local government service.
647,വെള്ളത്തിന്റെ ബിൽ ന് എന്തെല്ലാം രേഖകൾ വേണം?,Malayalam,Water Bill,Water Bill,Use the relevant water-supply authority or official payment service.
1168,পাসপোর্ট-এর জন্য কীভাবে অনুরোধ করব?,Bengali,Passport,Passport,Use the official passport service.
1514,"ମୋତେ ସରକାରୀ ଯୋଜନା ଦରକାର, କିପରି ଆବେଦନ କରିବି?",Odia,Government Schemes,Government Schemes,Check official government portals for current schemes and eligibility.
1001,வாக்காளர் அடையாள அட்டைக்கு எப்படி விண்ணப்பிப்பது?,Tamil,Voter ID,Voter ID,Use the official election/voter service.
282,Where can I get a ration card?,English,Ration Card,Ration Card,Use the relevant food and civil supplies department or official service.
1430,அரசு திட்டங்கள்க்கு விண்ணப்பிக்க என்ன செய்ய வேண்டும்?,Tamil,Government Schemes,Government Schemes,Check official government portals for current schemes and eligibility.
543,সম্পত্তি কৰ পোৱাৰ প্ৰক্ৰিয়া কি?,Assamese,Property Tax,Property Tax,Use the relevant municipal or local government property-tax service.
2699,سرکاری شکایت کے لیے کہاں سے شروع کروں؟,Urdu,Complaint Registration,Complaint Registration,Submit the complaint through the appropriate official government grievance service.
2073,ବାସସ୍ଥାନ ପ୍ରମାଣପତ୍ର ପାଇବାର ପ୍ରକ୍ରିୟା କଣ?,Odia,Residence Certificate,Residence Certificate,Apply through the appropriate revenue/local government service.
874,"నాకు డ్రైవింగ్ లైసెన్స్ కావాలి, ఎలా దరఖాస్తు చేయాలి?",Telugu,Driving Licence,Driving Licence,Use the official transport department/licensing service.
2203,বিদ্যুৎ বিল এর জন্য কোথা থেকে শুরু করব?,Bengali,Electricity Bill,Electricity Bill,Use the relevant electricity distribution company or official payment service.
301,ரேஷன் கார்டுக்கு எப்படி விண்ணப்பிப்பது?,Tamil,Ration Card,Ration Card,Use the relevant food and civil supplies department or official service.
410,ৰেচন কাৰ্ডৰ বাবে আবেদন কৰিবলৈ কি কৰিব লাগিব?,Assamese,Ration Card,Ration Card,Use the relevant food and civil supplies department or official service.
2307,سرکاری شکایت کے لیے کیا چاہیے؟,Urdu,Complaint Registration,Complaint Registration,Submit the complaint through the appropriate official government grievance service.
2545,سرکاری شکایت کے مراحل بتائیں۔,Urdu,Complaint Registration,Complaint Registration,Submit the complaint through the appropriate official government grievance service.
1878,समुदाय प्रमाणपत्र साठी विनंती कशी करावी?,Marathi,Community Certificate,Community Certificate,Apply through the appropriate revenue/local government service.
39,జనన ధృవీకరణ పత్రం నకలును ఎలా పొందాలి?,Telugu,Birth Certificate,Birth Certificate,Use the appropriate official birth registration/local government service.
298,राशन कार्ड के लिए अनुरोध कैसे करें?,Hindi,Ration Card,Ration Card,Use the relevant food and civil supplies department or official service.
2656,ਸਰਕਾਰੀ ਯੋਜਨਾਵਾਂ ਲਈ ਕੀ ਚਾਹੀਦਾ ਹੈ?,Punjabi,Government Schemes,Government Schemes,Check official government portals for current schemes and eligibility.
1873,समुदाय प्रमाणपत्र मिळवण्याची प्रक्रिया काय आहे?,Marathi,Community Certificate,Community Certificate,Apply through the appropriate revenue/local government service.
1229,پاسپورٹ کی خدمت کہاں ملے گی؟,Urdu,Passport,Passport,Use the official passport service.
2644,ଆୟ ପ୍ରମାଣପତ୍ର ପାଇଁ ଅନଲାଇନରେ ଆବେଦନ କରିପାରିବି କି?,Odia,Income Certificate,Income Certificate,Apply through the appropriate revenue/local government service.
537,ସମ୍ପତ୍ତି କର ପାଇଁ କେଉଁ ଦଲିଲ ଦରକାର?,Odia,Property Tax,Property Tax,Use the relevant municipal or local government property-tax service.
1622,സർക്കാർ പരാതി എവിടെ ലഭിക്കും?,Malayalam,Complaint Registration,Complaint Registration,Submit the complaint through the appropriate official government grievance service.
1088,ووٹر آئی ڈی کے لیے درخواست کیسے کریں؟,Urdu,Voter ID,Voter ID,Use the official election/voter service.
978,चालनानुज्ञापत्रार्थं कथं अनुरोधः करणीयः?,Sanskrit,Driving Licence,Driving Licence,Use the official transport department/licensing service.
1287,விண்ணப்பத்தின் நிலைக்கு என்ன ஆவணங்கள் தேவை?,Tamil,Application Status,Application Status,Use the relevant official service with your application/reference number.
837,विद्युत्शुल्काय कानि दस्तावेजानि आवश्यकानि?,Sanskrit,Electricity Bill,Electricity Bill,Use the relevant electricity distribution company or official payment service.
1069,വോട്ടർ ഐഡി സേവനം എവിടെ ലഭിക്കും?,Malayalam,Voter ID,Voter ID,Use the official election/voter service.
1296,దరఖాస్తు స్థితి దరఖాస్తును ఎక్కడ సమర్పించాలి?,Telugu,Application Status,Application Status,Use the relevant official service with your application/reference number.
2142,निवासप्रमाणपत्र कृते कुतः आरभेयं?,Sanskrit,Residence Certificate,Residence Certificate,Apply through the appropriate revenue/local government service.
2316,ड्रायव्हिंग लायसन्स बद्दल मदत हवी आहे.,Marathi,Driving Licence,Driving Licence,Use the official transport department/licensing service.
2874,నీటి బిల్లు గురించి సహాయం కావాలి.,Telugu,Water Bill,Water Bill,Use the relevant water-supply authority or official payment service.
1718,ఆదాయ ధృవీకరణ పత్రం కోసం ఎలా అభ్యర్థించాలి?,Telugu,Income Certificate,Income Certificate,Apply through the appropriate revenue/local government service.
336,रेशन कार्ड चा अर्ज कुठे जमा करायचा?,Marathi,Ration Card,Ration Card,Use the relevant food and civil supplies department or official service.
2537,சொத்து வரி செய்வதற்கான படிகள் என்ன?,Tamil,Property Tax,Property Tax,Use the relevant municipal or local government property-tax service.
163,இறப்பு சான்றிதழ் பெறும் நடைமுறை என்ன?,Tamil,Death Certificate,Death Certificate,Use the appropriate official death registration/local government service.
2436,निवासप्रमाणपत्र कृते जालमाध्यमेन आवेदनं कर्तुं शक्यते वा?,Sanskrit,Residence Certificate,Residence Certificate,Apply through the appropriate revenue/local government service.
2372,ड्रायव्हिंग लायसन्स साठी काय आवश्यक आहे?,Marathi,Driving Licence,Driving Licence,Use the official transport department/licensing service.
1009,வாக்காளர் அடையாள அட்டை சேவை எங்கே கிடைக்கும்?,Tamil,Voter ID,Voter ID,Use the official election/voter service.
2334,ਸਰਕਾਰੀ ਯੋਜਨਾਵਾਂ ਲਈ ਕਦਮ ਦੱਸੋ।,Punjabi,Government Schemes,Government Schemes,Check official government portals for current schemes and eligibility.
492,ಆಸ್ತಿ ತೆರಿಗೆ ಎಲ್ಲಿ ಸಿಗುತ್ತದೆ?,Kannada,Property Tax,Property Tax,Use the relevant municipal or local government property-tax service.
1654,"ମୋତେ ସରକାରୀ ଅଭିଯୋଗ ଦରକାର, କିପରି ଆବେଦନ କରିବି?",Odia,Complaint Registration,Complaint Registration,Submit the complaint through the appropriate official government grievance service.
964,"মোক ড্ৰাইভিং লাইচেঞ্চ লাগে, কেনেকৈ আবেদন কৰিম?",Assamese,Driving Licence,Driving Licence,Use the official transport department/licensing service.
279,मृत्युप्रमाणपत्रसेवा कुत्र लभ्यते?,Sanskrit,Death Certificate,Death Certificate,Use the appropriate official death registration/local government service.
2438,राशन कार्ड के लिए क्या चाहिए?,Hindi,Ration Card,Ration Card,Use the relevant food and civil supplies department or official service.
281,How do I apply for a ration card?,English,Ration Card,Ration Card,Use the relevant food and civil supplies department or official service.
762,વીજળીનું બિલ ક્યાં મળશે?,Gujarati,Electricity Bill,Electricity Bill,Use the relevant electricity distribution company or official payment service.
329,রেশন কার্ড-এর পরিষেবা কোথায় পাব?,Bengali,Ration Card,Ration Card,Use the relevant food and civil supplies department or official service.
2081,বাসস্থানৰ প্ৰমাণপত্ৰৰ বাবে কেনেকৈ আবেদন কৰিব?,Assamese,Residence Certificate,Residence Certificate,Apply through the appropriate revenue/local government service.
233,ਮੌਤ ਸਰਟੀਫਿਕੇਟ ਲੈਣ ਦੀ ਪ੍ਰਕਿਰਿਆ ਕੀ ਹੈ?,Punjabi,Death Certificate,Death Certificate,Use the appropriate official death registration/local government service.
645,വെള്ളത്തിന്റെ ബിൽ എങ്ങനെ ലഭിക്കും?,Malayalam,Water Bill,Water Bill,Use the relevant water-supply authority or official payment service.
2176,ड्रायव्हिंग लायसन्स बद्दल मदत हवी आहे.,Marathi,Driving Licence,Driving Licence,Use the official transport department/licensing service.
2060,ਰਿਹਾਇਸ਼ ਸਰਟੀਫਿਕੇਟ ਲਈ ਅਰਜ਼ੀ ਦੇਣ ਲਈ ਕੀ ਕਰਨਾ ਹੈ?,Punjabi,Residence Certificate,Residence Certificate,Apply through the appropriate revenue/local government service.
1953,समुदायप्रमाणपत्रप्राप्तेः प्रक्रिया का?,Sanskrit,Community Certificate,Community Certificate,Apply through the appropriate revenue/local government service.
2393,সম্প্ৰদায়ৰ প্ৰমাণপত্ৰৰ বিষয়ে সহায় লাগে।,Assamese,Community Certificate,Community Certificate,Apply through the appropriate revenue/local government service.
206,મૃત્યુ પ્રમાણપત્રની અરજી ક્યાં જમા કરવી?,Gujarati,Death Certificate,Death Certificate,Use the appropriate official death registration/local government service.
235,ਮੌਤ ਸਰਟੀਫਿਕੇਟ ਕਿਵੇਂ ਮਿਲ ਸਕਦਾ ਹੈ?,Punjabi,Death Certificate,Death Certificate,Use the appropriate official death registration/local government service.
1285,விண்ணப்பத்தின் நிலை எப்படி பெறலாம்?,Tamil,Application Status,Application Status,Use the relevant official service with your application/reference number.
250,وفات کا سرٹیفکیٹ کے لیے درخواست دینے کے لیے کیا کرنا ہوگا؟,Urdu,Death Certificate,Death Certificate,Use the appropriate official death registration/local government service.
2221,അപേക്ഷയുടെ നില ന് ഓൺലൈനായി അപേക്ഷിക്കാമോ?,Malayalam,Application Status,Application Status,Use the relevant official service with your application/reference number.
2373,મતદાર ઓળખ કાર્ડ માટે શું જરૂરી છે?,Gujarati,Voter ID,Voter ID,Use the official election/voter service.
240,ਮੌਤ ਸਰਟੀਫਿਕੇਟ ਲਈ ਅਰਜ਼ੀ ਦੇਣ ਲਈ ਕੀ ਕਰਨਾ ਹੈ?,Punjabi,Death Certificate,Death Certificate,Use the appropriate official death registration/local government service.
892,ड्रायव्हिंग लायसन्स कुठे मिळेल?,Marathi,Driving Licence,Driving Licence,Use the official transport department/licensing service.
1216,ਪਾਸਪੋਰਟ ਦੀ ਅਰਜ਼ੀ ਕਿੱਥੇ ਜਮ੍ਹਾਂ ਕਰਵਾਉਣੀ ਹੈ?,Punjabi,Passport,Passport,Use the official passport service.
778,ವಿದ್ಯುತ್ ಬಿಲ್ಗಾಗಿ ಹೇಗೆ ವಿನಂತಿಸಬೇಕು?,Kannada,Electricity Bill,Electricity Bill,Use the relevant electricity distribution company or official payment service.
635,ನೀರಿನ ಬಿಲ್ ಅನ್ನು ಹೇಗೆ ಪಡೆಯಬಹುದು?,Kannada,Water Bill,Water Bill,Use the relevant water-supply authority or official payment service.
1994,"నాకు నివాస ధృవీకరణ పత్రం కావాలి, ఎలా దరఖాస్తు చేయాలి?",Telugu,Residence Certificate,Residence Certificate,Apply through the appropriate revenue/local government service.
2277,അപേക്ഷയുടെ നില ന് എവിടെ നിന്ന് തുടങ്ങണം?,Malayalam,Application Status,Application Status,Use the relevant official service with your application/reference number.
1733,उत्पन्न प्रमाणपत्र मिळवण्याची प्रक्रिया काय आहे?,Marathi,Income Certificate,Income Certificate,Apply through the appropriate revenue/local government service.
1169,পাসপোর্ট-এর পরিষেবা কোথায় পাব?,Bengali,Passport,Passport,Use the official passport service.
1864,"আমার সম্প্রদায় শংসাপত্র দরকার, কীভাবে আবেদন করব?",Bengali,Community Certificate,Community Certificate,Apply through the appropriate revenue/local government service.
1087,ووٹر آئی ڈی کے لیے کون سی دستاویزات چاہئیں؟,Urdu,Voter ID,Voter ID,Use the official election/voter service.
1600,सरकारी तक्रार साठी अर्ज करण्यासाठी काय करावे?,Marathi,Complaint Registration,Complaint Registration,Submit the complaint through the appropriate official government grievance service.
9,How do I request a copy of a birth certificate?,English,Birth Certificate,Birth Certificate,Use the appropriate official birth registration/local government service.
1553,सरकारी शिकायत प्राप्त करने की प्रक्रिया क्या है?,Hindi,Complaint Registration,Complaint Registration,Submit the complaint through the appropriate official government grievance service.
675,ପାଣି ବିଲ୍ କିପରି ପାଇବି?,Odia,Water Bill,Water Bill,Use the relevant water-supply authority or official payment service.
241,وفات کا سرٹیفکیٹ کے لیے درخواست کیسے دیں؟,Urdu,Death Certificate,Death Certificate,Use the appropriate official death registration/local government service.
1643,سرکاری شکایت حاصل کرنے کا طریقہ کیا ہے؟,Urdu,Complaint Registration,Complaint Registration,Submit the complaint through the appropriate official government grievance service.
876,డ్రైవింగ్ లైసెన్స్ దరఖాస్తును ఎక్కడ సమర్పించాలి?,Telugu,Driving Licence,Driving Licence,Use the official transport department/licensing service.
1972,निवास प्रमाण पत्र कहाँ मिलेगा?,Hindi,Residence Certificate,Residence Certificate,Apply through the appropriate revenue/local government service.
1990,குடியிருப்பு சான்றிதழ்க்கு விண்ணப்பிக்க என்ன செய்ய வேண்டும்?,Tamil,Residence Certificate,Residence Certificate,Apply through the appropriate revenue/local government service.
1665,চৰকাৰী অভিযোগ কেনেকৈ পাব পাৰি?,Assamese,Complaint Registration,Complaint Registration,Submit the complaint through the appropriate official government grievance service.
682,পানীৰ বিল ক'ত পাম?,Assamese,Water Bill,Water Bill,Use the relevant water-supply authority or official payment service.
969,ড্ৰাইভিং লাইচেঞ্চৰ সেৱা ক'ত পাম?,Assamese,Driving Licence,Driving Licence,Use the official transport department/licensing service.
383,راشن کارڈ حاصل کرنے کا طریقہ کیا ہے؟,Urdu,Ration Card,Ration Card,Use the relevant food and civil supplies department or official service.
61,જન્મ પ્રમાણપત્ર માટે કેવી રીતે અરજી કરવી?,Gujarati,Birth Certificate,Birth Certificate,Use the appropriate official birth registration/local government service.
2215,சொத்து வரிக்கு ஆன்லைனில் விண்ணப்பிக்கலாமா?,Tamil,Property Tax,Property Tax,Use the relevant municipal or local government property-tax service.
2672,ଆୟ ପ୍ରମାଣପତ୍ର ବିଷୟରେ ସାହାଯ୍ୟ ଦରକାର।,Odia,Income Certificate,Income Certificate,Apply through the appropriate revenue/local government service.
208,મૃત્યુ પ્રમાણપત્ર માટે વિનંતી કેવી રીતે કરવી?,Gujarati,Death Certificate,Death Certificate,Use the appropriate official death registration/local government service.
402,ৰেচন কাৰ্ড ক'ত পাম?,Assamese,Ration Card,Ration Card,Use the relevant food and civil supplies department or official service.
2255,Tell me the steps for death certificate.,English,Death Certificate,Death Certificate,Use the appropriate official death registration/local government service.
1816,आयप्रमाणपत्रस्य आवेदनं कुत्र समर्पणीयम्?,Sanskrit,Income Certificate,Income Certificate,Apply through the appropriate revenue/local government service.
309,ரேஷன் கார்டு சேவை எங்கே கிடைக்கும்?,Tamil,Ration Card,Ration Card,Use the relevant food and civil supplies department or official service.
1024,"আমার ভোটার আইডি দরকার, কীভাবে আবেদন করব?",Bengali,Voter ID,Voter ID,Use the official election/voter service.
1895,ಸಮುದಾಯ ಪ್ರಮಾಣಪತ್ರ ಅನ್ನು ಹೇಗೆ ಪಡೆಯಬಹುದು?,Kannada,Community Certificate,Community Certificate,Apply through the appropriate revenue/local government service.
2760,राशन कार्ड के लिए शुरुआत कहाँ से करूँ?,Hindi,Ration Card,Ration Card,Use the relevant food and civil supplies department or official service.
752,वीज बिल कुठे मिळेल?,Marathi,Electricity Bill,Electricity Bill,Use the relevant electricity distribution company or official payment service.
2988,ड्रायव्हिंग लायसन्स साठी ऑनलाइन अर्ज करता येतो का?,Marathi,Driving Licence,Driving Licence,Use the official transport department/licensing service.
575,पानी का बिल कैसे प्राप्त कर सकते हैं?,Hindi,Water Bill,Water Bill,Use the relevant water-supply authority or official payment service.
1838,समुदाय प्रमाण पत्र के लिए अनुरोध कैसे करें?,Hindi,Community Certificate,Community Certificate,Apply through the appropriate revenue/local government service.
2949,അപേക്ഷയുടെ നില സംബന്ധിച്ച് സഹായം വേണം.,Malayalam,Application Status,Application Status,Use the relevant official service with your application/reference number.
2748,నీటి బిల్లు కోసం దశలు చెప్పండి.,Telugu,Water Bill,Water Bill,Use the relevant water-supply authority or official payment service.
785,വൈദ്യുതി ബിൽ എങ്ങനെ ലഭിക്കും?,Malayalam,Electricity Bill,Electricity Bill,Use the relevant electricity distribution company or official payment service.
1019,ఓటర్ ఐడీ సేవ ఎక్కడ లభిస్తుంది?,Telugu,Voter ID,Voter ID,Use the official election/voter service.
448,சொத்து வரிக்கு எப்படி கோரிக்கை விடுப்பது?,Tamil,Property Tax,Property Tax,Use the relevant municipal or local government property-tax service.
1390,আবেদনৰ স্থিতিৰ বাবে আবেদন কৰিবলৈ কি কৰিব লাগিব?,Assamese,Application Status,Application Status,Use the relevant official service with your application/reference number.
1650,سرکاری شکایت کے لیے درخواست دینے کے لیے کیا کرنا ہوگا؟,Urdu,Complaint Registration,Complaint Registration,Submit the complaint through the appropriate official government grievance service.
249,وفات کا سرٹیفکیٹ کی خدمت کہاں ملے گی؟,Urdu,Death Certificate,Death Certificate,Use the appropriate official death registration/local government service.
404,"মোক ৰেচন কাৰ্ড লাগে, কেনেকৈ আবেদন কৰিম?",Assamese,Ration Card,Ration Card,Use the relevant food and civil supplies department or official service.
2647,What is required for death certificate?,English,Death Certificate,Death Certificate,Use the appropriate official death registration/local government service.
2677,சொத்து வரி செய்வதற்கான படிகள் என்ன?,Tamil,Property Tax,Property Tax,Use the relevant municipal or local government property-tax service.
222,മരണ സർട്ടിഫിക്കറ്റ് എവിടെ ലഭിക്കും?,Malayalam,Death Certificate,Death Certificate,Use the appropriate official death registration/local government service.
1913,ਭਾਈਚਾਰਾ ਸਰਟੀਫਿਕੇਟ ਲੈਣ ਦੀ ਪ੍ਰਕਿਰਿਆ ਕੀ ਹੈ?,Punjabi,Community Certificate,Community Certificate,Apply through the appropriate revenue/local government service.
1684,"I need a income certificate, how can I apply?",English,Income Certificate,Income Certificate,Apply through the appropriate revenue/local government service.
1735,उत्पन्न प्रमाणपत्र कसे मिळवता येईल?,Marathi,Income Certificate,Income Certificate,Apply through the appropriate revenue/local government service.
1452,सरकारी योजना कुठे मिळेल?,Marathi,Government Schemes,Government Schemes,Check official government portals for current schemes and eligibility.
1766,വരുമാന സർട്ടിഫിക്കറ്റ് അപേക്ഷ എവിടെ സമർപ്പിക്കണം?,Malayalam,Income Certificate,Income Certificate,Apply through the appropriate revenue/local government service.
2700,ଆୟ ପ୍ରମାଣପତ୍ର ପାଇଁ କେଉଁଠାରୁ ଆରମ୍ଭ କରିବି?,Odia,Income Certificate,Income Certificate,Apply through the appropriate revenue/local government service.
398,ରାସନ କାର୍ଡ ପାଇଁ କିପରି ଅନୁରୋଧ କରିବି?,Odia,Ration Card,Ration Card,Use the relevant food and civil supplies department or official service.
387,راشن کارڈ کے لیے کون سی دستاویزات چاہئیں؟,Urdu,Ration Card,Ration Card,Use the relevant food and civil supplies department or official service.
780,ವಿದ್ಯುತ್ ಬಿಲ್ಗೆ ಅರ್ಜಿ ಸಲ್ಲಿಸಲು ಏನು ಮಾಡಬೇಕು?,Kannada,Electricity Bill,Electricity Bill,Use the relevant electricity distribution company or official payment service.
1668,চৰকাৰী অভিযোগৰ বাবে কেনেকৈ অনুৰোধ কৰিম?,Assamese,Complaint Registration,Complaint Registration,Submit the complaint through the appropriate official government grievance service.
1938,ସମ୍ପ୍ରଦାୟ ପ୍ରମାଣପତ୍ର ପାଇଁ କିପରି ଅନୁରୋଧ କରିବି?,Odia,Community Certificate,Community Certificate,Apply through the appropriate revenue/local government service.
996,वोटर आईडी का आवेदन कहाँ जमा करें?,Hindi,Voter ID,Voter ID,Use the official election/voter service.
1937,ସମ୍ପ୍ରଦାୟ ପ୍ରମାଣପତ୍ର ପାଇଁ କେଉଁ ଦଲିଲ ଦରକାର?,Odia,Community Certificate,Community Certificate,Apply through the appropriate revenue/local government service.
2361,അപേക്ഷയുടെ നില ന് ഓൺലൈനായി അപേക്ഷിക്കാമോ?,Malayalam,Application Status,Application Status,Use the relevant official service with your application/reference number.
2339,Where do I start for death certificate?,English,Death Certificate,Death Certificate,Use the appropriate official death registration/local government service.
542,সম্পত্তি কৰ ক'ত পাম?,Assamese,Property Tax,Property Tax,Use the relevant municipal or local government property-tax service.
2792,ड्रायव्हिंग लायसन्स साठी काय आवश्यक आहे?,Marathi,Driving Licence,Driving Licence,Use the official transport department/licensing service.
878,డ్రైవింగ్ లైసెన్స్ కోసం ఎలా అభ్యర్థించాలి?,Telugu,Driving Licence,Driving Licence,Use the official transport department/licensing service.
1989,குடியிருப்பு சான்றிதழ் சேவை எங்கே கிடைக்கும்?,Tamil,Residence Certificate,Residence Certificate,Apply through the appropriate revenue/local government service.
2741,سرکاری شکایت کے بارے میں مدد چاہیے۔,Urdu,Complaint Registration,Complaint Registration,Submit the complaint through the appropriate official government grievance service.
1141,பாஸ்போர்ட்க்கு எப்படி விண்ணப்பிப்பது?,Tamil,Passport,Passport,Use the official passport service.
975,चालनानुज्ञापत्र कथं प्राप्तुं शक्यते?,Sanskrit,Driving Licence,Driving Licence,Use the official transport department/licensing service.
2106,ड्रायव्हिंग लायसन्स बद्दल मदत हवी आहे.,Marathi,Driving Licence,Driving Licence,Use the official transport department/licensing service.
2770,ଆୟ ପ୍ରମାଣପତ୍ର ପାଇଁ କେଉଁଠାରୁ ଆରମ୍ଭ କରିବି?,Odia,Income Certificate,Income Certificate,Apply through the appropriate revenue/local government service.
1354,"ਮੈਨੂੰ ਅਰਜ਼ੀ ਦੀ ਸਥਿਤੀ ਚਾਹੀਦਾ ਹੈ, ਅਰਜ਼ੀ ਕਿਵੇਂ ਦੇਵਾਂ?",Punjabi,Application Status,Application Status,Use the relevant official service with your application/reference number.
129,জন্ম প্ৰমাণপত্ৰৰ প্ৰতিলিপি কেনেকৈ পাব?,Assamese,Birth Certificate,Birth Certificate,Use the appropriate official birth registration/local government service.
277,मृत्युप्रमाणपत्राय कानि दस्तावेजानि आवश्यकानि?,Sanskrit,Death Certificate,Death Certificate,Use the appropriate official death registration/local government service.
938,ਡਰਾਈਵਿੰਗ ਲਾਇਸੈਂਸ ਲਈ ਬੇਨਤੀ ਕਿਵੇਂ ਕਰਨੀ ਹੈ?,Punjabi,Driving Licence,Driving Licence,Use the official transport department/licensing service.
242,وفات کا سرٹیفکیٹ کہاں ملے گا؟,Urdu,Death Certificate,Death Certificate,Use the appropriate official death registration/local government service.
2585,അപേക്ഷയുടെ നില ന് എന്താണ് വേണ്ടത്?,Malayalam,Application Status,Application Status,Use the relevant official service with your application/reference number.
291,राशन कार्ड के लिए कैसे आवेदन करें?,Hindi,Ration Card,Ration Card,Use the relevant food and civil supplies department or official service.
30,பிறப்பு சான்றிதழ் சேவை எங்கே கிடைக்கும்?,Tamil,Birth Certificate,Birth Certificate,Use the appropriate official birth registration/local government service.
2972,నీటి బిల్లు కోసం ఎక్కడి నుంచి ప్రారంభించాలి?,Telugu,Water Bill,Water Bill,Use the relevant water-supply authority or official payment service.
2411,சொத்து வரிக்கு எங்கிருந்து தொடங்குவது?,Tamil,Property Tax,Property Tax,Use the relevant municipal or local government property-tax service.
943,ڈرائیونگ لائسنس حاصل کرنے کا طریقہ کیا ہے؟,Urdu,Driving Licence,Driving Licence,Use the official transport department/licensing service.
2269,Where do I start for death certificate?,English,Death Certificate,Death Certificate,Use the appropriate official death registration/local government service.
2410,राशन कार्ड के लिए शुरुआत कहाँ से करूँ?,Hindi,Ration Card,Ration Card,Use the relevant food and civil supplies department or official service.
87,ജനന സർട്ടിഫിക്കറ്റിന് എന്തെല്ലാം രേഖകൾ വേണം?,Malayalam,Birth Certificate,Birth Certificate,Use the appropriate official birth registration/local government service.
1385,আবেদনৰ স্থিতি কেনেকৈ পাব পাৰি?,Assamese,Application Status,Application Status,Use the relevant official service with your application/reference number.
263,মৃত্যু প্ৰমাণপত্ৰ পোৱাৰ প্ৰক্ৰিয়া কি?,Assamese,Death Certificate,Death Certificate,Use the appropriate official death registration/local government service.
921,ഡ്രൈവിംഗ് ലൈസൻസ് ന് എങ്ങനെ അപേക്ഷിക്കാം?,Malayalam,Driving Licence,Driving Licence,Use the official transport department/licensing service.
1016,ఓటర్ ఐడీ దరఖాస్తును ఎక్కడ సమర్పించాలి?,Telugu,Voter ID,Voter ID,Use the official election/voter service.
496,ಆಸ್ತಿ ತೆರಿಗೆ ಅರ್ಜಿಯನ್ನು ಎಲ್ಲಿ ಸಲ್ಲಿಸಬೇಕು?,Kannada,Property Tax,Property Tax,Use the relevant municipal or local government property-tax service.
1850,சமூக சான்றிதழ்க்கு விண்ணப்பிக்க என்ன செய்ய வேண்டும்?,Tamil,Community Certificate,Community Certificate,Apply through the appropriate revenue/local government service.
2120,ड्रायव्हिंग लायसन्स साठीचे टप्पे सांगा.,Marathi,Driving Licence,Driving Licence,Use the official transport department/licensing service.
1795,ଆୟ ପ୍ରମାଣପତ୍ର କିପରି ପାଇବି?,Odia,Income Certificate,Income Certificate,Apply through the appropriate revenue/local government service.
1530,চৰকাৰী আঁচনিৰ বাবে আবেদন কৰিবলৈ কি কৰিব লাগিব?,Assamese,Government Schemes,Government Schemes,Check official government portals for current schemes and eligibility.
2976,ಪಾಸ್‌ಪೋರ್ಟ್ಗಾಗಿ ಎಲ್ಲಿಂದ ಪ್ರಾರಂಭಿಸಬೇಕು?,Kannada,Passport,Passport,Use the official passport service.
2752,ಪಾಸ್‌ಪೋರ್ಟ್ಗಾಗಿ ಹಂತಗಳನ್ನು ತಿಳಿಸಿ.,Kannada,Passport,Passport,Use the official passport service.
1635,ਸਰਕਾਰੀ ਸ਼ਿਕਾਇਤ ਕਿਵੇਂ ਮਿਲ ਸਕਦਾ ਹੈ?,Punjabi,Complaint Registration,Complaint Registration,Submit the complaint through the appropriate official government grievance service.
1277,आवेदन की स्थिति के लिए कौन से दस्तावेज चाहिए?,Hindi,Application Status,Application Status,Use the relevant official service with your application/reference number.
824,"মোক বিদ্যুৎ বিল লাগে, কেনেকৈ আবেদন কৰিম?",Assamese,Electricity Bill,Electricity Bill,Use the relevant electricity distribution company or official payment service.
2209,سرکاری شکایت کے لیے کہاں سے شروع کروں؟,Urdu,Complaint Registration,Complaint Registration,Submit the complaint through the appropriate official government grievance service.
868,ஓட்டுநர் உரிமம்க்கு எப்படி கோரிக்கை விடுப்பது?,Tamil,Driving Licence,Driving Licence,Use the official transport department/licensing service.
1734,"मला उत्पन्न प्रमाणपत्र हवे आहे, अर्ज कसा करू?",Marathi,Income Certificate,Income Certificate,Apply through the appropriate revenue/local government service.
2485,મતદાર ઓળખ કાર્ડ માટે ક્યાંથી શરૂઆત કરું?,Gujarati,Voter ID,Voter ID,Use the official election/voter service.
2162,ड्रायव्हिंग लायसन्स साठी काय आवश्यक आहे?,Marathi,Driving Licence,Driving Licence,Use the official transport department/licensing service.
1086,ووٹر آئی ڈی کی درخواست کہاں جمع کریں؟,Urdu,Voter ID,Voter ID,Use the official election/voter service.
677,ପାଣି ବିଲ୍ ପାଇଁ କେଉଁ ଦଲିଲ ଦରକାର?,Odia,Water Bill,Water Bill,Use the relevant water-supply authority or official payment service.
2252,ଆୟ ପ୍ରମାଣପତ୍ର ବିଷୟରେ ସାହାଯ୍ୟ ଦରକାର।,Odia,Income Certificate,Income Certificate,Apply through the appropriate revenue/local government service.
1947,সম্প্ৰদায়ৰ প্ৰমাণপত্ৰৰ বাবে কি কি নথি লাগে?,Assamese,Community Certificate,Community Certificate,Apply through the appropriate revenue/local government service.
2703,Can I apply for death certificate online?,English,Death Certificate,Death Certificate,Use the appropriate official death registration/local government service.
526,پراپرٹی ٹیکس کی درخواست کہاں جمع کریں؟,Urdu,Property Tax,Property Tax,Use the relevant municipal or local government property-tax service.
516,ਪ੍ਰਾਪਰਟੀ ਟੈਕਸ ਦੀ ਅਰਜ਼ੀ ਕਿੱਥੇ ਜਮ੍ਹਾਂ ਕਰਵਾਉਣੀ ਹੈ?,Punjabi,Property Tax,Property Tax,Use the relevant municipal or local government property-tax service.
2182,ଆୟ ପ୍ରମାଣପତ୍ର ବିଷୟରେ ସାହାଯ୍ୟ ଦରକାର।,Odia,Income Certificate,Income Certificate,Apply through the appropriate revenue/local government service.
284,"I need a ration card, how can I apply?",English,Ration Card,Ration Card,Use the relevant food and civil supplies department or official service.
1991,నివాస ధృవీకరణ పత్రం కోసం ఎలా దరఖాస్తు చేయాలి?,Telugu,Residence Certificate,Residence Certificate,Apply through the appropriate revenue/local government service.
351,ಪಡಿತರ ಚೀಟಿಗೆ ಹೇಗೆ ಅರ್ಜಿ ಸಲ್ಲಿಸುವುದು?,Kannada,Ration Card,Ration Card,Use the relevant food and civil supplies department or official service.
2946,ड्रायव्हिंग लायसन्स बद्दल मदत हवी आहे.,Marathi,Driving Licence,Driving Licence,Use the official transport department/licensing service.
2891,મતદાર ઓળખ કાર્ડ માટેના પગલાં જણાવો.,Gujarati,Voter ID,Voter ID,Use the official election/voter service.
987,What documents are needed for a voter ID?,English,Voter ID,Voter ID,Use the official election/voter service.
238,ਮੌਤ ਸਰਟੀਫਿਕੇਟ ਲਈ ਬੇਨਤੀ ਕਿਵੇਂ ਕਰਨੀ ਹੈ?,Punjabi,Death Certificate,Death Certificate,Use the appropriate official death registration/local government service.
981,How do I apply for a voter ID?,English,Voter ID,Voter ID,Use the official election/voter service.
1260,पारपत्राय आवेदनं कर्तुं किं करणीयम्?,Sanskrit,Passport,Passport,Use the official passport service.
1487,സർക്കാർ പദ്ധതികൾ ന് എന്തെല്ലാം രേഖകൾ വേണം?,Malayalam,Government Schemes,Government Schemes,Check official government portals for current schemes and eligibility.
459,ఆస్తి పన్ను సేవ ఎక్కడ లభిస్తుంది?,Telugu,Property Tax,Property Tax,Use the relevant municipal or local government property-tax service.
80,ಜನನ ಪ್ರಮಾಣಪತ್ರದ ಸೇವೆ ಎಲ್ಲಿ ಸಿಗುತ್ತದೆ?,Kannada,Birth Certificate,Birth Certificate,Use the appropriate official birth registration/local government service.
2002,বাসস্থান শংসাপত্র কোথায় পাওয়া যাবে?,Bengali,Residence Certificate,Residence Certificate,Apply through the appropriate revenue/local government service.
1328,અરજીની સ્થિતિ માટે વિનંતી કેવી રીતે કરવી?,Gujarati,Application Status,Application Status,Use the relevant official service with your application/reference number.
2454,నీటి బిల్లు గురించి సహాయం కావాలి.,Telugu,Water Bill,Water Bill,Use the relevant water-supply authority or official payment service.
3,What is the process for getting a birth certificate?,English,Birth Certificate,Birth Certificate,Use the appropriate official birth registration/local government service.
2173,சொத்து வரி பற்றி உதவி வேண்டும்.,Tamil,Property Tax,Property Tax,Use the relevant municipal or local government property-tax service.
2210,ଆୟ ପ୍ରମାଣପତ୍ର ପାଇଁ କେଉଁଠାରୁ ଆରମ୍ଭ କରିବି?,Odia,Income Certificate,Income Certificate,Apply through the appropriate revenue/local government service.
662,پانی کا بل کہاں ملے گا؟,Urdu,Water Bill,Water Bill,Use the relevant water-supply authority or official payment service.
1532,सर्वकारीययोजनाः कुत्र लभ्यते?,Sanskrit,Government Schemes,Government Schemes,Check official government portals for current schemes and eligibility.
2864,ಪಾಸ್‌ಪೋರ್ಟ್ಗೆ ಏನು ಬೇಕು?,Kannada,Passport,Passport,Use the official passport service.
2978,ਸਰਕਾਰੀ ਯੋਜਨਾਵਾਂ ਲਈ ਕਿੱਥੋਂ ਸ਼ੁਰੂ ਕਰਾਂ?,Punjabi,Government Schemes,Government Schemes,Check official government portals for current schemes and eligibility.
2495,சொத்து வரிக்கு ஆன்லைனில் விண்ணப்பிக்கலாமா?,Tamil,Property Tax,Property Tax,Use the relevant municipal or local government property-tax service.
2833,বিদ্যুৎ বিল এর জন্য কোথা থেকে শুরু করব?,Bengali,Electricity Bill,Electricity Bill,Use the relevant electricity distribution company or official payment service.
2618,निवासप्रमाणपत्र कृते क्रमाः कथ्यन्ताम्।,Sanskrit,Residence Certificate,Residence Certificate,Apply through the appropriate revenue/local government service.
1223,پاسپورٹ حاصل کرنے کا طریقہ کیا ہے؟,Urdu,Passport,Passport,Use the official passport service.
2562,निवासप्रमाणपत्र कृते कुतः आरभेयं?,Sanskrit,Residence Certificate,Residence Certificate,Apply through the appropriate revenue/local government service.
436,संपत्ति कर का आवेदन कहाँ जमा करें?,Hindi,Property Tax,Property Tax,Use the relevant municipal or local government property-tax service.
2080,ବାସସ୍ଥାନ ପ୍ରମାଣପତ୍ର ପାଇଁ ଆବେଦନ କରିବାକୁ କଣ କରିବି?,Odia,Residence Certificate,Residence Certificate,Apply through the appropriate revenue/local government service.
732,విద్యుత్ బిల్లు ఎక్కడ లభిస్తుంది?,Telugu,Electricity Bill,Electricity Bill,Use the relevant electricity distribution company or official payment service.
2051,ਰਿਹਾਇਸ਼ ਸਰਟੀਫਿਕੇਟ ਲਈ ਅਰਜ਼ੀ ਕਿਵੇਂ ਦੇਣੀ ਹੈ?,Punjabi,Residence Certificate,Residence Certificate,Apply through the appropriate revenue/local government service.
1079,ਵੋਟਰ ਆਈਡੀ ਦੀ ਸੇਵਾ ਕਿੱਥੇ ਮਿਲੇਗੀ?,Punjabi,Voter ID,Voter ID,Use the official election/voter service.
14,"मुझे जन्म प्रमाण पत्र चाहिए, कैसे आवेदन करूँ?",Hindi,Birth Certificate,Birth Certificate,Use the appropriate official birth registration/local government service.
1859,సమాజ ధృవీకరణ పత్రం సేవ ఎక్కడ లభిస్తుంది?,Telugu,Community Certificate,Community Certificate,Apply through the appropriate revenue/local government service.
648,വെള്ളത്തിന്റെ ബിൽ ന് എങ്ങനെ അഭ്യർത്ഥിക്കാം?,Malayalam,Water Bill,Water Bill,Use the relevant water-supply authority or official payment service.
1781,آمدنی کا سرٹیفکیٹ کے لیے درخواست کیسے دیں؟,Urdu,Income Certificate,Income Certificate,Apply through the appropriate revenue/local government service.
1203,പാസ്‌പോർട്ട് നേടുന്നതിനുള്ള നടപടിക്രമം എന്താണ്?,Malayalam,Passport,Passport,Use the official passport service.
2999,சொத்து வரிக்கு என்ன தேவை?,Tamil,Property Tax,Property Tax,Use the relevant municipal or local government property-tax service.
2964,ਸਰਕਾਰੀ ਯੋਜਨਾਵਾਂ ਲਈ ਕਦਮ ਦੱਸੋ।,Punjabi,Government Schemes,Government Schemes,Check official government portals for current schemes and eligibility.
2626,ಪಾಸ್‌ಪೋರ್ಟ್ಗಾಗಿ ಎಲ್ಲಿಂದ ಪ್ರಾರಂಭಿಸಬೇಕು?,Kannada,Passport,Passport,Use the official passport service.
1093,ଭୋଟର ଆଇଡି ପାଇବାର ପ୍ରକ୍ରିୟା କଣ?,Odia,Voter ID,Voter ID,Use the official election/voter service.
2200,राशन कार्ड के लिए शुरुआत कहाँ से करूँ?,Hindi,Ration Card,Ration Card,Use the relevant food and civil supplies department or official service.
2793,મતદાર ઓળખ કાર્ડ માટે શું જરૂરી છે?,Gujarati,Voter ID,Voter ID,Use the official election/voter service.
470,সম্পত্তি কর-এর জন্য আবেদন করতে কী করতে হবে?,Bengali,Property Tax,Property Tax,Use the relevant municipal or local government property-tax service.
2787,What is required for death certificate?,English,Death Certificate,Death Certificate,Use the appropriate official death registration/local government service.
48,জন্ম নিবন্ধন করে শংসাপত্র কীভাবে পাব?,Bengali,Birth Certificate,Birth Certificate,Use the appropriate official birth registration/local government service.
2267,সম্প্ৰদায়ৰ প্ৰমাণপত্ৰৰ পদক্ষেপসমূহ কওক।,Assamese,Community Certificate,Community Certificate,Apply through the appropriate revenue/local government service.
1030,ভোটার আইডি-এর জন্য আবেদন করতে কী করতে হবে?,Bengali,Voter ID,Voter ID,Use the official election/voter service.
2168,ଆୟ ପ୍ରମାଣପତ୍ର ପାଇଁ କଣ ଦରକାର?,Odia,Income Certificate,Income Certificate,Apply through the appropriate revenue/local government service.
1918,ਭਾਈਚਾਰਾ ਸਰਟੀਫਿਕੇਟ ਲਈ ਬੇਨਤੀ ਕਿਵੇਂ ਕਰਨੀ ਹੈ?,Punjabi,Community Certificate,Community Certificate,Apply through the appropriate revenue/local government service.
2441,বিদ্যুৎ বিল এর জন্য কী দরকার?,Bengali,Electricity Bill,Electricity Bill,Use the relevant electricity distribution company or official payment service.
1564,"எனக்கு அரசு புகார் வேண்டும், எப்படி விண்ணப்பிப்பது?",Tamil,Complaint Registration,Complaint Registration,Submit the complaint through the appropriate official government grievance service.
1577,ప్రభుత్వ ఫిర్యాదు కోసం ఏ పత్రాలు అవసరం?,Telugu,Complaint Registration,Complaint Registration,Submit the complaint through the appropriate official government grievance service.
261,মৃত্যু প্ৰমাণপত্ৰৰ বাবে কেনেকৈ আবেদন কৰিব?,Assamese,Death Certificate,Death Certificate,Use the appropriate official death registration/local government service.
2443,મતદાર ઓળખ કાર્ડ માટે શું જરૂરી છે?,Gujarati,Voter ID,Voter ID,Use the official election/voter service.
1730,আয় শংসাপত্র-এর জন্য আবেদন করতে কী করতে হবে?,Bengali,Income Certificate,Income Certificate,Apply through the appropriate revenue/local government service.
2788,राशन कार्ड के लिए क्या चाहिए?,Hindi,Ration Card,Ration Card,Use the relevant food and civil supplies department or official service.
656,ਪਾਣੀ ਦਾ ਬਿੱਲ ਦੀ ਅਰਜ਼ੀ ਕਿੱਥੇ ਜਮ੍ਹਾਂ ਕਰਵਾਉਣੀ ਹੈ?,Punjabi,Water Bill,Water Bill,Use the relevant water-supply authority or official payment service.
2571,അപേക്ഷയുടെ നില ന് ഓൺലൈനായി അപേക്ഷിക്കാമോ?,Malayalam,Application Status,Application Status,Use the relevant official service with your application/reference number.
627,પાણીનું બિલ માટે કયા દસ્તાવેજો જોઈએ?,Gujarati,Water Bill,Water Bill,Use the relevant water-supply authority or official payment service.
450,சொத்து வரிக்கு விண்ணப்பிக்க என்ன செய்ய வேண்டும்?,Tamil,Property Tax,Property Tax,Use the relevant municipal or local government property-tax service.
193,मृत्यू प्रमाणपत्र मिळवण्याची प्रक्रिया काय आहे?,Marathi,Death Certificate,Death Certificate,Use the appropriate official death registration/local government service.
373,ਰਾਸ਼ਨ ਕਾਰਡ ਲੈਣ ਦੀ ਪ੍ਰਕਿਰਿਆ ਕੀ ਹੈ?,Punjabi,Ration Card,Ration Card,Use the relevant food and civil supplies department or official service.
2022,રહેઠાણ પ્રમાણપત્ર ક્યાં મળશે?,Gujarati,Residence Certificate,Residence Certificate,Apply through the appropriate revenue/local government service.
2088,বাসস্থানৰ প্ৰমাণপত্ৰৰ বাবে কেনেকৈ অনুৰোধ কৰিম?,Assamese,Residence Certificate,Residence Certificate,Apply through the appropriate revenue/local government service.
567,What documents are needed for a water bill?,English,Water Bill,Water Bill,Use the relevant water-supply authority or official payment service.
899,ड्रायव्हिंग लायसन्स ची सेवा कुठे मिळेल?,Marathi,Driving Licence,Driving Licence,Use the official transport department/licensing service.
1483,സർക്കാർ പദ്ധതികൾ നേടുന്നതിനുള്ള നടപടിക്രമം എന്താണ്?,Malayalam,Government Schemes,Government Schemes,Check official government portals for current schemes and eligibility.
1636,ਸਰਕਾਰੀ ਸ਼ਿਕਾਇਤ ਦੀ ਅਰਜ਼ੀ ਕਿੱਥੇ ਜਮ੍ਹਾਂ ਕਰਵਾਉਣੀ ਹੈ?,Punjabi,Complaint Registration,Complaint Registration,Submit the complaint through the appropriate official government grievance service.
2391,سرکاری شکایت کے بارے میں مدد چاہیے۔,Urdu,Complaint Registration,Complaint Registration,Submit the complaint through the appropriate official government grievance service.
1755,ಆದಾಯ ಪ್ರಮಾಣಪತ್ರ ಅನ್ನು ಹೇಗೆ ಪಡೆಯಬಹುದು?,Kannada,Income Certificate,Income Certificate,Apply through the appropriate revenue/local government service.
2395,Tell me the steps for death certificate.,English,Death Certificate,Death Certificate,Use the appropriate official death registration/local government service.
1077,ਵੋਟਰ ਆਈਡੀ ਲਈ ਕਿਹੜੇ ਦਸਤਾਵੇਜ਼ ਚਾਹੀਦੇ ਹਨ?,Punjabi,Voter ID,Voter ID,Use the official election/voter service.
2208,ਸਰਕਾਰੀ ਯੋਜਨਾਵਾਂ ਲਈ ਕਿੱਥੋਂ ਸ਼ੁਰੂ ਕਰਾਂ?,Punjabi,Government Schemes,Government Schemes,Check official government portals for current schemes and eligibility.
2300,నీటి బిల్లు కోసం ఏమి కావాలి?,Telugu,Water Bill,Water Bill,Use the relevant water-supply authority or official payment service.
1011,ఓటర్ ఐడీ కోసం ఎలా దరఖాస్తు చేయాలి?,Telugu,Voter ID,Voter ID,Use the official election/voter service.
2994,ଆୟ ପ୍ରମାଣପତ୍ର ପାଇଁ ଅନଲାଇନରେ ଆବେଦନ କରିପାରିବି କି?,Odia,Income Certificate,Income Certificate,Apply through the appropriate revenue/local government service.
1085,ووٹر آئی ڈی کیسے حاصل کیا جا سکتا ہے؟,Urdu,Voter ID,Voter ID,Use the official election/voter service.
586,தண்ணீர் கட்டணம் விண்ணப்பத்தை எங்கே சமர்ப்பிக்க வேண்டும்?,Tamil,Water Bill,Water Bill,Use the relevant water-supply authority or official payment service.
1880,समुदाय प्रमाणपत्र साठी अर्ज करण्यासाठी काय करावे?,Marathi,Community Certificate,Community Certificate,Apply through the appropriate revenue/local government service.
2634,क्या राशन कार्ड के लिए ऑनलाइन आवेदन कर सकते हैं?,Hindi,Ration Card,Ration Card,Use the relevant food and civil supplies department or official service.
1621,സർക്കാർ പരാതി ന് എങ്ങനെ അപേക്ഷിക്കാം?,Malayalam,Complaint Registration,Complaint Registration,Submit the complaint through the appropriate official government grievance service.
2045,താമസ സർട്ടിഫിക്കറ്റ് എങ്ങനെ ലഭിക്കും?,Malayalam,Residence Certificate,Residence Certificate,Apply through the appropriate revenue/local government service.
2685,سرکاری شکایت کے مراحل بتائیں۔,Urdu,Complaint Registration,Complaint Registration,Submit the complaint through the appropriate official government grievance service.
871,డ్రైవింగ్ లైసెన్స్ కోసం ఎలా దరఖాస్తు చేయాలి?,Telugu,Driving Licence,Driving Licence,Use the official transport department/licensing service.
1289,விண்ணப்பத்தின் நிலை சேவை எங்கே கிடைக்கும்?,Tamil,Application Status,Application Status,Use the relevant official service with your application/reference number.
2324,निवासप्रमाणपत्र विषये साहाय्यम् आवश्यकम्।,Sanskrit,Residence Certificate,Residence Certificate,Apply through the appropriate revenue/local government service.
865,ஓட்டுநர் உரிமம் எப்படி பெறலாம்?,Tamil,Driving Licence,Driving Licence,Use the official transport department/licensing service.
272,मृत्युप्रमाणपत्र कुत्र लभ्यते?,Sanskrit,Death Certificate,Death Certificate,Use the appropriate official death registration/local government service.
1097,ଭୋଟର ଆଇଡି ପାଇଁ କେଉଁ ଦଲିଲ ଦରକାର?,Odia,Voter ID,Voter ID,Use the official election/voter service.
1644,مجھے سرکاری شکایت چاہیے، درخواست کیسے دوں؟,Urdu,Complaint Registration,Complaint Registration,Submit the complaint through the appropriate official government grievance service.
1293,దరఖాస్తు స్థితి పొందే ప్రక్రియ ఏమిటి?,Telugu,Application Status,Application Status,Use the relevant official service with your application/reference number.
132,जन्मप्रमाणपत्रं कुत्र लभ्यते?,Sanskrit,Birth Certificate,Birth Certificate,Use the appropriate official birth registration/local government service.
939,ਡਰਾਈਵਿੰਗ ਲਾਇਸੈਂਸ ਦੀ ਸੇਵਾ ਕਿੱਥੇ ਮਿਲੇਗੀ?,Punjabi,Driving Licence,Driving Licence,Use the official transport department/licensing service.
230,മരണ സർട്ടിഫിക്കറ്റ് ന് അപേക്ഷിക്കാൻ എന്ത് ചെയ്യണം?,Malayalam,Death Certificate,Death Certificate,Use the appropriate official death registration/local government service.
1329,અરજીની સ્થિતિની સેવા ક્યાં મળશે?,Gujarati,Application Status,Application Status,Use the relevant official service with your application/reference number.
2805,বিদ্যুৎ বিল সম্পর্কে সাহায্য চাই।,Bengali,Electricity Bill,Electricity Bill,Use the relevant electricity distribution company or official payment service.
900,ड्रायव्हिंग लायसन्स साठी अर्ज करण्यासाठी काय करावे?,Marathi,Driving Licence,Driving Licence,Use the official transport department/licensing service.
2282,निवासप्रमाणपत्र कृते कुतः आरभेयं?,Sanskrit,Residence Certificate,Residence Certificate,Apply through the appropriate revenue/local government service.
2819,বিদ্যুৎ বিল করার ধাপগুলি বলুন।,Bengali,Electricity Bill,Electricity Bill,Use the relevant electricity distribution company or official payment service.
2622,నీటి బిల్లు కోసం ఎక్కడి నుంచి ప్రారంభించాలి?,Telugu,Water Bill,Water Bill,Use the relevant water-supply authority or official payment service.
1106,ভোটাৰ আইডিৰ আবেদন ক'ত জমা দিম?,Assamese,Voter ID,Voter ID,Use the official election/voter service.
1555,सरकारी शिकायत कैसे प्राप्त कर सकते हैं?,Hindi,Complaint Registration,Complaint Registration,Submit the complaint through the appropriate official government grievance service.
1894,"ನನಗೆ ಸಮುದಾಯ ಪ್ರಮಾಣಪತ್ರ ಬೇಕು, ಹೇಗೆ ಅರ್ಜಿ ಸಲ್ಲಿಸಬೇಕು?",Kannada,Community Certificate,Community Certificate,Apply through the appropriate revenue/local government service.
670,پانی کا بل کے لیے درخواست دینے کے لیے کیا کرنا ہوگا؟,Urdu,Water Bill,Water Bill,Use the relevant water-supply authority or official payment service.
1003,வாக்காளர் அடையாள அட்டை பெறும் நடைமுறை என்ன?,Tamil,Voter ID,Voter ID,Use the official election/voter service.
2188,నీటి బిల్లు కోసం దశలు చెప్పండి.,Telugu,Water Bill,Water Bill,Use the relevant water-supply authority or official payment service.
701,How do I apply for a electricity bill?,English,Electricity Bill,Electricity Bill,Use the relevant electricity distribution company or official payment service.
2601,سرکاری شکایت کے بارے میں مدد چاہیے۔,Urdu,Complaint Registration,Complaint Registration,Submit the complaint through the appropriate official government grievance service.
2496,నీటి బిల్లు కోసం ఆన్‌లైన్‌లో దరఖాస్తు చేయవచ్చా?,Telugu,Water Bill,Water Bill,Use the relevant water-supply authority or official payment service.
293,राशन कार्ड प्राप्त करने की प्रक्रिया क्या है?,Hindi,Ration Card,Ration Card,Use the relevant food and civil supplies department or official service.
2655,അപേക്ഷയുടെ നില ന് എന്താണ് വേണ്ടത്?,Malayalam,Application Status,Application Status,Use the relevant official service with your application/reference number.
2800,निवासप्रमाणपत्र कृते किं आवश्यकम्?,Sanskrit,Residence Certificate,Residence Certificate,Apply through the appropriate revenue/local government service.
2875,বিদ্যুৎ বিল সম্পর্কে সাহায্য চাই।,Bengali,Electricity Bill,Electricity Bill,Use the relevant electricity distribution company or official payment service.
1094,"ମୋତେ ଭୋଟର ଆଇଡି ଦରକାର, କିପରି ଆବେଦନ କରିବି?",Odia,Voter ID,Voter ID,Use the official election/voter service.
2746,राशन कार्ड के चरण बताइए।,Hindi,Ration Card,Ration Card,Use the relevant food and civil supplies department or official service.
859,ड्राइविंग लाइसेंस की सेवा कहाँ मिलेगी?,Hindi,Driving Licence,Driving Licence,Use the official transport department/licensing service.
1456,सरकारी योजना चा अर्ज कुठे जमा करायचा?,Marathi,Government Schemes,Government Schemes,Check official government portals for current schemes and eligibility.
1517,ସରକାରୀ ଯୋଜନା ପାଇଁ କେଉଁ ଦଲିଲ ଦରକାର?,Odia,Government Schemes,Government Schemes,Check official government portals for current schemes and eligibility.
667,پانی کا بل کے لیے کون سی دستاویزات چاہئیں؟,Urdu,Water Bill,Water Bill,Use the relevant water-supply authority or official payment service.
1495,ਸਰਕਾਰੀ ਯੋਜਨਾਵਾਂ ਕਿਵੇਂ ਮਿਲ ਸਕਦਾ ਹੈ?,Punjabi,Government Schemes,Government Schemes,Check official government portals for current schemes and eligibility.
2604,निवासप्रमाणपत्र विषये साहाय्यम् आवश्यकम्।,Sanskrit,Residence Certificate,Residence Certificate,Apply through the appropriate revenue/local government service.
1858,సమాజ ధృవీకరణ పత్రం కోసం ఎలా అభ్యర్థించాలి?,Telugu,Community Certificate,Community Certificate,Apply through the appropriate revenue/local government service.
2963,അപേക്ഷയുടെ നില ചെയ്യുന്നതിനുള്ള ഘട്ടങ്ങൾ പറയൂ.,Malayalam,Application Status,Application Status,Use the relevant official service with your application/reference number.
2957,சொத்து வரி செய்வதற்கான படிகள் என்ன?,Tamil,Property Tax,Property Tax,Use the relevant municipal or local government property-tax service.
414,"मम राशनपत्रिका आवश्यकम्, कथम् आवेदनं करिष्यामि?",Sanskrit,Ration Card,Ration Card,Use the relevant food and civil supplies department or official service.
954,"ମୋତେ ଡ୍ରାଇଭିଂ ଲାଇସେନ୍ସ ଦରକାର, କିପରି ଆବେଦନ କରିବି?",Odia,Driving Licence,Driving Licence,Use the official transport department/licensing service.
327,রেশন কার্ড-এর জন্য কী কী নথি লাগবে?,Bengali,Ration Card,Ration Card,Use the relevant food and civil supplies department or official service.
1186,પાસપોર્ટની અરજી ક્યાં જમા કરવી?,Gujarati,Passport,Passport,Use the official passport service.
934,"ਮੈਨੂੰ ਡਰਾਈਵਿੰਗ ਲਾਇਸੈਂਸ ਚਾਹੀਦਾ ਹੈ, ਅਰਜ਼ੀ ਕਿਵੇਂ ਦੇਵਾਂ?",Punjabi,Driving Licence,Driving Licence,Use the official transport department/licensing service.
2709,મતદાર ઓળખ કાર્ડ માટે ઓનલાઈન અરજી કરી શકાય છે?,Gujarati,Voter ID,Voter ID,Use the official election/voter service.
188,মৃত্যু শংসাপত্র-এর জন্য কীভাবে অনুরোধ করব?,Bengali,Death Certificate,Death Certificate,Use the appropriate official death registration/local government service.
285,Can you tell me how to obtain a ration card?,English,Ration Card,Ration Card,Use the relevant food and civil supplies department or official service.
2886,राशन कार्ड के चरण बताइए।,Hindi,Ration Card,Ration Card,Use the relevant food and civil supplies department or official service.
788,വൈദ്യുതി ബിൽ ന് എങ്ങനെ അഭ്യർത്ഥിക്കാം?,Malayalam,Electricity Bill,Electricity Bill,Use the relevant electricity distribution company or official payment service.
2365,সম্প্ৰদায়ৰ প্ৰমাণপত্ৰৰ বাবে অনলাইন আবেদন কৰিব পাৰিনে?,Assamese,Community Certificate,Community Certificate,Apply through the appropriate revenue/local government service.
1482,സർക്കാർ പദ്ധതികൾ എവിടെ ലഭിക്കും?,Malayalam,Government Schemes,Government Schemes,Check official government portals for current schemes and eligibility.
2534,निवासप्रमाणपत्र विषये साहाय्यम् आवश्यकम्।,Sanskrit,Residence Certificate,Residence Certificate,Apply through the appropriate revenue/local government service.
2575,সম্প্ৰদায়ৰ প্ৰমাণপত্ৰৰ বাবে অনলাইন আবেদন কৰিব পাৰিনে?,Assamese,Community Certificate,Community Certificate,Apply through the appropriate revenue/local government service.
1201,പാസ്‌പോർട്ട് ന് എങ്ങനെ അപേക്ഷിക്കാം?,Malayalam,Passport,Passport,Use the official passport service.
2262,ಪಾಸ್‌ಪೋರ್ಟ್ಗಾಗಿ ಹಂತಗಳನ್ನು ತಿಳಿಸಿ.,Kannada,Passport,Passport,Use the official passport service.
323,রেশন কার্ড পাওয়ার প্রক্রিয়া কী?,Bengali,Ration Card,Ration Card,Use the relevant food and civil supplies department or official service.
1551,सरकारी शिकायत के लिए कैसे आवेदन करें?,Hindi,Complaint Registration,Complaint Registration,Submit the complaint through the appropriate official government grievance service.
512,ਪ੍ਰਾਪਰਟੀ ਟੈਕਸ ਕਿੱਥੇ ਮਿਲੇਗਾ?,Punjabi,Property Tax,Property Tax,Use the relevant municipal or local government property-tax service.
2197,সম্প্ৰদায়ৰ প্ৰমাণপত্ৰৰ পদক্ষেপসমূহ কওক।,Assamese,Community Certificate,Community Certificate,Apply through the appropriate revenue/local government service.
1882,સમુદાય પ્રમાણપત્ર ક્યાં મળશે?,Gujarati,Community Certificate,Community Certificate,Apply through the appropriate revenue/local government service.
178,మరణ ధృవీకరణ పత్రం కోసం ఎలా అభ్యర్థించాలి?,Telugu,Death Certificate,Death Certificate,Use the appropriate official death registration/local government service.
1084,مجھے ووٹر آئی ڈی چاہیے، درخواست کیسے دوں؟,Urdu,Voter ID,Voter ID,Use the official election/voter service.
2473,അപേക്ഷയുടെ നില ചെയ്യുന്നതിനുള്ള ഘട്ടങ്ങൾ പറയൂ.,Malayalam,Application Status,Application Status,Use the relevant official service with your application/reference number.
1409,Where can I check the government schemes service?,English,Government Schemes,Government Schemes,Check official government portals for current schemes and eligibility.
1471,ಸರ್ಕಾರಿ ಯೋಜನೆಗಳುಗೆ ಹೇಗೆ ಅರ್ಜಿ ಸಲ್ಲಿಸುವುದು?,Kannada,Government Schemes,Government Schemes,Check official government portals for current schemes and eligibility.
397,ରାସନ କାର୍ଡ ପାଇଁ କେଉଁ ଦଲିଲ ଦରକାର?,Odia,Ration Card,Ration Card,Use the relevant food and civil supplies department or official service.
1557,सरकारी शिकायत के लिए कौन से दस्तावेज चाहिए?,Hindi,Complaint Registration,Complaint Registration,Submit the complaint through the appropriate official government grievance service.
380,ਰਾਸ਼ਨ ਕਾਰਡ ਲਈ ਅਰਜ਼ੀ ਦੇਣ ਲਈ ਕੀ ਕਰਨਾ ਹੈ?,Punjabi,Ration Card,Ration Card,Use the relevant food and civil supplies department or official service.
419,राशनपत्रिकासेवा कुत्र लभ्यते?,Sanskrit,Ration Card,Ration Card,Use the relevant food and civil supplies department or official service.
1379,ଆବେଦନର ସ୍ଥିତି ସେବା କେଉଁଠାରେ ମିଳିବ?,Odia,Application Status,Application Status,Use the relevant official service with your application/reference number.
882,ড্রাইভিং লাইসেন্স কোথায় পাওয়া যাবে?,Bengali,Driving Licence,Driving Licence,Use the official transport department/licensing service.
637,ನೀರಿನ ಬಿಲ್ಗೆ ಯಾವ ದಾಖಲೆಗಳು ಬೇಕು?,Kannada,Water Bill,Water Bill,Use the relevant water-supply authority or official payment service.
1139,पासपोर्ट की सेवा कहाँ मिलेगी?,Hindi,Passport,Passport,Use the official passport service.
1394,"मम आवेदनस्य स्थितिः आवश्यकम्, कथम् आवेदनं करिष्यामि?",Sanskrit,Application Status,Application Status,Use the relevant official service with your application/reference number.
1732,उत्पन्न प्रमाणपत्र कुठे मिळेल?,Marathi,Income Certificate,Income Certificate,Apply through the appropriate revenue/local government service.
2860,నీటి బిల్లు కోసం ఏమి కావాలి?,Telugu,Water Bill,Water Bill,Use the relevant water-supply authority or official payment service.
654,"ਮੈਨੂੰ ਪਾਣੀ ਦਾ ਬਿੱਲ ਚਾਹੀਦਾ ਹੈ, ਅਰਜ਼ੀ ਕਿਵੇਂ ਦੇਵਾਂ?",Punjabi,Water Bill,Water Bill,Use the relevant water-supply authority or official payment service.
27,பிறப்பு சான்றிதழுக்கு என்ன ஆவணங்கள் தேவை?,Tamil,Birth Certificate,Birth Certificate,Use the appropriate official birth registration/local government service.
1140,"मुझे पासपोर्ट के लिए आवेदन करना है, क्या करना होगा?",Hindi,Passport,Passport,Use the official passport service.
2414,ड्रायव्हिंग लायसन्स साठी सुरुवात कुठून करू?,Marathi,Driving Licence,Driving Licence,Use the official transport department/licensing service.
1840,"मुझे समुदाय प्रमाण पत्र के लिए आवेदन करना है, क्या करना होगा?",Hindi,Community Certificate,Community Certificate,Apply through the appropriate revenue/local government service.
903,ડ્રાઇવિંગ લાઇસન્સ મેળવવાની પ્રક્રિયા શું છે?,Gujarati,Driving Licence,Driving Licence,Use the official transport department/licensing service.
1719,ఆదాయ ధృవీకరణ పత్రం సేవ ఎక్కడ లభిస్తుంది?,Telugu,Income Certificate,Income Certificate,Apply through the appropriate revenue/local government service.
2233,મતદાર ઓળખ કાર્ડ માટે શું જરૂરી છે?,Gujarati,Voter ID,Voter ID,Use the official election/voter service.
2873,சொத்து வரி பற்றி உதவி வேண்டும்.,Tamil,Property Tax,Property Tax,Use the relevant municipal or local government property-tax service.
2662,राशन कार्ड के लिए मदद चाहिए।,Hindi,Ration Card,Ration Card,Use the relevant food and civil supplies department or official service.
2933,મતદાર ઓળખ કાર્ડ માટે શું જરૂરી છે?,Gujarati,Voter ID,Voter ID,Use the official election/voter service.
815,ବିଦ୍ୟୁତ ବିଲ୍ କିପରି ପାଇବି?,Odia,Electricity Bill,Electricity Bill,Use the relevant electricity distribution company or official payment service.
2299,சொத்து வரிக்கு என்ன தேவை?,Tamil,Property Tax,Property Tax,Use the relevant municipal or local government property-tax service.
109,پیدائش کے سرٹیفکیٹ کی نقل کیسے حاصل کریں؟,Urdu,Birth Certificate,Birth Certificate,Use the appropriate official birth registration/local government service.
2466,राशन कार्ड के चरण बताइए।,Hindi,Ration Card,Ration Card,Use the relevant food and civil supplies department or official service.
2070,رہائشی سرٹیفکیٹ کے لیے درخواست دینے کے لیے کیا کرنا ہوگا؟,Urdu,Residence Certificate,Residence Certificate,Apply through the appropriate revenue/local government service.
953,ଡ୍ରାଇଭିଂ ଲାଇସେନ୍ସ ପାଇବାର ପ୍ରକ୍ରିୟା କଣ?,Odia,Driving Licence,Driving Licence,Use the official transport department/licensing service.
896,ड्रायव्हिंग लायसन्स चा अर्ज कुठे जमा करायचा?,Marathi,Driving Licence,Driving Licence,Use the official transport department/licensing service.
384,مجھے راشن کارڈ چاہیے، درخواست کیسے دوں؟,Urdu,Ration Card,Ration Card,Use the relevant food and civil supplies department or official service.
123,জন্ম প্ৰমাণপত্ৰ পোৱাৰ প্ৰক্ৰিয়া কি?,Assamese,Birth Certificate,Birth Certificate,Use the appropriate official birth registration/local government service.
131,जन्मप्रमाणपत्राय कथम् आवेदनं करणीयम्?,Sanskrit,Birth Certificate,Birth Certificate,Use the appropriate official birth registration/local government service.
1729,আয় শংসাপত্র-এর পরিষেবা কোথায় পাব?,Bengali,Income Certificate,Income Certificate,Apply through the appropriate revenue/local government service.
2419,سرکاری شکایت کے لیے کہاں سے شروع کروں؟,Urdu,Complaint Registration,Complaint Registration,Submit the complaint through the appropriate official government grievance service.
357,ಪಡಿತರ ಚೀಟಿಗೆ ಯಾವ ದಾಖಲೆಗಳು ಬೇಕು?,Kannada,Ration Card,Ration Card,Use the relevant food and civil supplies department or official service.
2234,ಪಾಸ್‌ಪೋರ್ಟ್ಗೆ ಏನು ಬೇಕು?,Kannada,Passport,Passport,Use the official passport service.
2772,निवासप्रमाणपत्र कृते कुतः आरभेयं?,Sanskrit,Residence Certificate,Residence Certificate,Apply through the appropriate revenue/local government service.
420,राशनपत्रिकााय आवेदनं कर्तुं किं करणीयम्?,Sanskrit,Ration Card,Ration Card,Use the relevant food and civil supplies department or official service.
572,पानी का बिल कहाँ मिलेगा?,Hindi,Water Bill,Water Bill,Use the relevant water-supply authority or official payment service.
915,ಚಾಲನಾ ಪರವಾನಗಿ ಅನ್ನು ಹೇಗೆ ಪಡೆಯಬಹುದು?,Kannada,Driving Licence,Driving Licence,Use the official transport department/licensing service.
1004,"எனக்கு வாக்காளர் அடையாள அட்டை வேண்டும், எப்படி விண்ணப்பிப்பது?",Tamil,Voter ID,Voter ID,Use the official election/voter service.
1127,What documents are needed for a passport?,English,Passport,Passport,Use the official passport service.
103,پیدائش کا سرٹیفکیٹ حاصل کرنے کا طریقہ کیا ہے؟,Urdu,Birth Certificate,Birth Certificate,Use the appropriate official birth registration/local government service.
457,ఆస్తి పన్ను కోసం ఏ పత్రాలు అవసరం?,Telugu,Property Tax,Property Tax,Use the relevant municipal or local government property-tax service.
2620,राशन कार्ड के लिए शुरुआत कहाँ से करूँ?,Hindi,Ration Card,Ration Card,Use the relevant food and civil supplies department or official service.
